timestamp,outdoor_temp_C,load_fraction,occupancy,zone_setpoint_C,chw_setpoint_C,fan_command,pump_command,hvac_energy_kWh,cooling_energy_kWh,fan_energy_kWh,pump_energy_kWh,aux_energy_kWh,chiller_COP,coil_UA_ratio,filter_dp_Pa,fan_eff_ratio,pump_eff_ratio,maintenance_component
2024-01-01,27.753520804091032,0.5400172773159291,1.0,24.0,6.0,1.0,1.0,829.4597667700097,542.7676533121937,148.3494352392757,81.89875484328837,57.03674983551133,4.416012320381464,0.9676545781294302,158.27907034434526,0.9976179166438064,0.9969308494359179,
2024-01-02,26.022863809144855,0.49750814441345426,1.0,24.0,6.0,1.0,1.0,810.0378977275319,525.2597825390516,143.6328575051829,79.25261179373165,55.19185346754392,4.434834892348435,0.9766176514348237,158.1040266666396,0.9901967185534535,1.0034725500021064,
2024-01-03,28.0548829858717,0.36334193351881466,1.0,24.0,6.0,1.0,1.0,713.6955283416706,469.885889637973,128.554078692346,70.89396753420418,49.369039914716566,4.366278241993526,0.96250382809606,155.2271153505791,0.9978877916937887,0.993191929738547,
2024-01-04,28.167062933274945,0.29573052095696345,1.0,24.0,6.0,1.0,1.0,672.7276760391428,441.99383645673856,120.9847768420139,66.68267780726406,46.434704609532226,4.487770336626154,0.9731406165655813,158.83001880287532,1.0000164689490092,0.9984680179095162,
2024-01-05,24.58176803870096,0.17382384719062066,1.0,24.0,6.0,1.0,1.0,578.079875372937,391.6640998776277,107.26434612407192,59.087007820938794,41.14395496807294,4.435057796919589,0.9534646193656731,158.61355488641524,0.997523835692894,1.0009949852386737,
2024-01-06,25.24563530521443,0.3625882470846412,0.25,24.0,6.0,1.0,1.0,730.4514527592215,469.683182348986,128.70097385721004,70.8546227023409,49.33632992347343,4.465292455134413,0.9664024663665153,160.1399552349756,0.9943801034634544,0.9947111381419941,
2024-01-07,26.84754910822903,0.5948106563124331,0.25,24.0,6.0,1.0,1.0,875.3726266366634,565.6760492855395,155.08849433069247,85.33193736686415,59.414782483959605,4.424535081039868,0.9764229889637298,161.06608769302755,0.9918132082301857,1.0004956873594542,
2024-01-08,26.201222700492565,0.43110704791587173,1.0,24.0,6.0,1.0,1.0,769.1364758316678,498.08035804040077,136.6295454651,75.13086299290316,52.310045879548845,4.459667639144604,0.9641212101628125,157.85560992471147,0.9942974822175441,0.9978844652148358,
2024-01-09,26.44784249588648,0.34672009789711056,1.0,24.0,6.0,1.0,1.0,699.3574281587842,463.24757812791466,127.14518451596274,69.87326494018606,48.6476522487346,4.47749148042256,0.9602805737923559,159.90390031704337,0.9981595679211499,1.0092016767170833,
2024-01-10,25.33239153048395,0.42389402719883507,1.0,24.0,6.0,1.0,1.0,744.0796467856012,495.18166202174297,135.9874594083052,74.6866811303273,51.997000780429445,4.532677355535109,0.9709629066533676,161.8728109899954,0.9981996326870549,0.9972278620817829,
2024-01-11,27.300145633240128,0.25704624876350457,1.0,24.0,6.0,1.0,1.0,650.8915439184568,426.2576828488456,117.12687408678624,64.28803083010907,44.75580719633611,4.531605150798989,0.9661385783799155,164.1142901644355,0.9936227614494632,0.9941781185730654,
2024-01-12,27.067858610805388,0.3534073433395028,1.0,24.0,6.0,1.0,1.0,702.796611867944,466.12349376215553,128.15711610588144,70.29774882187473,48.93787870093443,4.478110529219333,0.9807797528867381,161.68603057709555,0.9962890275367564,0.9878511164944486,
2024-01-13,26.10423445728658,0.3804580958503928,0.25,24.0,6.0,1.0,1.0,728.4706677441254,477.3444000467894,131.3205381899975,71.98677468295442,50.11188135990705,4.368558168866287,0.9623748141966779,162.93363464449743,1.005349283491269,1.011228017382125,
2024-01-14,27.269057957908178,0.3609563125491676,0.25,24.0,6.0,1.0,1.0,712.6851317388426,469.32073261713566,129.19123849757992,70.77350751020204,49.26550396463388,4.530282451719265,0.9712273601728696,162.52609983192536,1.0000322277068368,0.9947993208811294,
2024-01-15,26.369664356143243,0.4264924816826688,1.0,24.0,6.0,1.0,1.0,761.2777074175492,496.4568208736118,136.7449319548889,74.86222362789856,52.109773705027834,4.43164490948468,0.958380271802746,159.63319366508367,1.0013406805654776,0.9927429446761793,
2024-01-16,24.670732490823067,0.38622376579672507,1.0,24.0,6.0,1.0,1.0,728.854468881358,479.8473030149023,132.2518118953605,72.35413153207898,50.36211143557788,4.453808583352769,0.9752630589364942,164.38875169925572,0.9934929966746568,1.0016737434582994,
2024-01-17,26.03859199113817,0.40758426931603275,1.0,24.0,6.0,1.0,1.0,764.2719353846321,488.72005252690724,134.78219285857273,73.6886776810201,51.28915728831583,4.479677590966263,0.9765298607082507,167.54431767787668,1.0041701277464394,0.997985010995761,
2024-01-18,24.34064818488477,0.29455767338780653,1.0,24.0,6.0,1.0,1.0,683.0052494327264,442.0152350939943,121.97930351509659,66.64343732785582,46.38380302503081,4.480908123778862,0.9603573978774953,166.75628687104793,0.9892813356575068,0.9895447347065697,
2024-01-19,26.44170362445776,0.417006515368088,1.0,24.0,6.0,1.0,1.0,767.7644591795279,492.69539980769247,136.05375226095646,74.28157366582298,51.69808276697503,4.497941317845406,0.9802785955017028,164.8952579591828,0.9904877048112521,0.9928149908257345,
2024-01-20,25.22497856968296,0.4710959413613393,0.25,24.0,6.0,1.0,1.0,790.1704974042443,515.1108719281192,142.33639897544228,77.65734967319497,54.04556385508213,4.457151512644565,0.977416186527247,165.22445336203637,0.9994776614687875,0.9883155869207277,
2024-01-21,24.96148209396113,0.25881590686569167,0.25,24.0,6.0,1.0,1.0,659.2570376398223,427.3387587327319,118.16074914731351,64.42174662136784,44.83261035797102,4.452982612077761,0.9626979047140714,166.09620444771906,0.996256695656373,0.9925650032244165,
2024-01-22,24.265759709844037,0.26110756881978225,1.0,24.0,6.0,1.0,1.0,674.0431949869626,428.3187889235483,118.51195033287634,64.56697482108255,44.932068486778554,4.4474622972653295,0.96650905074156,161.99127572965784,0.9919959506050399,0.9925716892606937,
2024-01-23,26.450643731078564,0.4347310665343213,1.0,24.0,6.0,1.0,1.0,759.6850727850414,500.1865450525293,138.49194969378155,75.3977765129074,52.46732828758955,4.5264567968605105,0.9670118213655334,171.07070880666132,0.9977043274096297,0.9943273090192413,
2024-01-24,24.700067855470124,0.3083569053766532,1.0,24.0,6.0,1.0,1.0,685.6613030261273,447.9380150502527,124.10997425919005,67.51858850046278,46.98268969334676,4.452719036229829,0.9814810233596517,162.54761404638919,0.9853458371998979,0.9908291918198382,
2024-01-25,24.274638170829814,0.4318184923978478,1.0,24.0,6.0,1.0,1.0,765.1418074123217,499.06254378596793,138.37147304175556,75.22158919515584,52.340922570066596,4.489289872514327,0.9717198493876211,168.0193655180001,1.0034088412222475,1.0001773503083766,
2024-01-26,24.270447539670833,0.28001176305962705,1.0,24.0,6.0,1.0,1.0,670.676789493856,436.27962307555276,121.04859851679696,65.75547907200284,45.752510516787815,4.503742547749057,0.9700464126568232,168.15738187777617,1.0014744923311745,0.9946563960739543,
2024-01-27,25.23743132049318,0.4277748017229066,0.25,24.0,6.0,1.0,1.0,762.7464334051948,497.4684335860378,138.12436416047316,74.97481079636479,52.16542639477415,4.530910549251213,0.9488487814280755,166.56498171851575,0.9901838996597585,0.9917945957440474,
2024-01-28,24.94414988458095,0.3179024513734671,0.25,24.0,6.0,1.0,1.0,690.6057407235139,452.0326693347341,125.59835900361647,68.12382769321519,47.39696638960848,4.371576139869471,0.9600776457084599,168.5829502790771,1.0119792492107436,1.0046694301735641,
2024-01-29,24.90918463345159,0.32411139870309,1.0,24.0,6.0,1.0,1.0,693.1145195404011,454.6380300013701,126.41394110643421,68.51360790572924,47.66643470371412,4.432581913419607,0.9586958344477778,166.49271498337566,0.9965635676546181,0.9879382645621512,
2024-01-30,24.840538154114725,0.4247582824695323,1.0,24.0,6.0,1.0,1.0,760.4300817141328,496.3391174767004,138.1101750669955,74.79478502787927,52.0345094591777,4.366418530154467,0.961580695522969,172.3980205335366,0.9994421817227738,0.9963423277104185,
2024-01-31,26.80456325470544,0.2668263389613615,1.0,24.0,6.0,1.0,1.0,647.9307380925524,430.99488824624024,120.01566151227058,64.94481506468877,45.18026311092309,4.497455750134357,0.9611652888349272,174.27520152268272,0.9971751991562737,0.9856093047214015,
2024-02-01,23.659333392129614,0.21672586425991,1.0,24.0,6.0,1.0,1.0,626.2831747362835,410.28386751690925,114.33390530327146,61.82147645303467,43.0059025088801,4.471215833108532,0.9719918977005204,172.89756930219144,1.0063921598178382,0.9997883872630998,
2024-02-02,23.446223454363906,0.2524397803255783,1.0,24.0,6.0,1.0,1.0,649.6957599526263,425.10148158603874,118.55305330086554,64.0518797635895,44.5558864661301,4.491681175688798,0.9821050754387899,179.0111351560105,0.9898676813751994,0.988221057346041,
2024-02-03,22.999734330370813,0.3208836419486625,0.25,24.0,6.0,1.0,1.0,710.7384538486698,453.4756717900636,126.56269008371983,68.32455404697585,47.52635006057195,4.394987589516177,0.9568032946500048,173.26335747597994,0.9997176089214704,0.9930993847306046,
2024-02-04,24.632272428485184,0.15587200799961265,0.25,24.0,6.0,1.0,1.0,584.6462583256653,385.1735406723136,107.58234019415335,58.03116851607103,40.36484514718319,4.415407229260177,0.9614117314135835,172.869676466245,1.0108426872270995,0.9954477939826558,
2024-02-05,25.1662126753249,0.32863106895751093,1.0,24.0,6.0,1.0,1.0,709.9678509033998,456.7506474761151,127.67416937633273,68.81285511414868,47.86258839275598,4.425213408004435,0.9653821801632111,173.9488882127299,0.9813142399210338,0.985423389467016,
2024-02-06,23.59459525809009,0.231098246330978,1.0,24.0,6.0,1.0,1.0,621.1240672936556,416.38869187815203,116.48252327391634,62.72937505062679,43.62966389076445,4.331065223914439,0.9574625758832767,179.99399745348964,0.9969017837401298,1.0012967844435556,
2024-02-07,22.644591938111166,0.36265842902152223,1.0,24.0,6.0,1.0,1.0,727.1450053346613,470.91462400144167,131.840024142075,70.94115560260174,49.33937581953407,4.492947381075458,0.9596339934446314,178.5397361523356,1.0015156642585836,0.9901298154802746,
2024-02-08,22.586434251601226,0.12,1.0,24.0,6.0,1.0,1.0,574.4221035182073,370.42849005022356,103.78925473266017,55.800955029162,38.808,4.481288225057817,0.9622356716798257,174.8192793105632,0.990059316890761,0.994047058414616,
2024-02-09,24.28116235983864,0.20137978146805213,1.0,24.0,6.0,1.0,1.0,623.9933109100044,404.1676770390036,113.33415537558511,60.88149729180912,42.33988251571346,4.408637753410758,0.966591402794371,180.01324474905977,1.000830629656396,1.0027470917963957,
2024-02-10,24.31862495896582,0.12622768876648707,0.25,24.0,6.0,1.0,1.0,585.7970572391644,373.0595792762993,104.69582167938519,56.19356626903389,39.078281692465545,4.3974012481507945,0.9792959229213312,177.73592432183844,1.0033715178764524,0.9938662552944182,
2024-02-11,24.006425497719622,0.1919576587946004,0.25,24.0,6.0,1.0,1.0,610.8648328065367,400.31935586389363,112.43823360956611,60.29777472596094,41.930962391685654,4.354252225650076,0.9648560126539344,175.6385989846262,1.00289566853247,1.0024668889206505,
2024-02-12,22.485621991132152,0.27485185665494066,1.0,24.0,6.0,1.0,1.0,659.9240005517355,434.6966384882106,122.19434778459656,65.47355359307087,45.52857057882443,4.466842919301687,0.9604720387564483,178.83104559824565,1.001730356523062,0.9931609357416663,
2024-02-13,23.494114196612696,0.23775561034684678,1.0,24.0,6.0,1.0,1.0,661.8112810060419,419.3562905647786,117.97936397234248,63.16055256055761,43.91859348905316,4.4248671182685175,0.9736914334447434,181.49065151087282,1.0018457348026055,0.9906898372725996,
2024-02-14,23.288544615038415,0.22895215065856767,1.0,24.0,6.0,1.0,1.0,638.4514807583612,415.7383302959488,117.05888962554545,62.61332587380093,43.536523338581844,4.444363822830097,0.9594017695151652,183.730598873241,1.0009632191800464,0.9968569692475555,
2024-02-15,23.345682914603373,0.23369049308367612,1.0,24.0,6.0,1.0,1.0,657.4743601867228,417.73223443146196,117.718975543069,62.911326273183874,43.74216739983155,4.527846005083648,0.9628587717670971,183.64896722708804,0.9933307074500871,0.9934231393461301,
2024-02-16,24.06545934528904,0.2599744083246474,1.0,24.0,6.0,1.0,1.0,652.9963325348833,428.6570514848309,120.89963123381035,64.55425498614098,44.882889321289696,4.536872562833763,0.9684586612259432,182.7356806935271,1.004190061988542,0.9803126816929512,
2024-02-17,23.22631976218024,0.16037447822957798,0.25,24.0,6.0,1.0,1.0,575.5171283608267,387.4020576132374,109.35666855392459,58.33917578715396,40.56025235516369,4.4927622729538985,0.9660077194871443,184.73997451568027,0.9891028078736106,0.9930743698851358,
2024-02-18,23.71275204472102,0.2950360756591275,0.25,24.0,6.0,1.0,1.0,701.6702281923662,443.25302377856633,125.22993152470869,66.74761310147152,46.40456568360614,4.494193440063884,0.9667498986741949,183.5500304617346,0.9946654831093609,0.9804896071531264,
2024-02-19,22.92100945557192,0.289009616438778,1.0,24.0,6.0,1.0,1.0,680.5217195934594,440.788139040799,124.64036253863864,66.37379645136706,46.143017353442964,4.495234036220077,0.953160489937592,183.6498656783129,0.9900899057744066,0.9873894842447644,
2024-02-20,23.13054202002153,0.26438583822364015,1.0,24.0,6.0,1.0,1.0,662.9280781575477,430.61197484382467,121.86802834728744,64.83891331931069,45.07434537890599,4.338683092271319,0.9699613348509071,188.32412403885792,0.9954999429814739,0.9783244843208089,
2024-02-21,23.486670835861883,0.2757708881996284,1.0,24.0,6.0,1.0,1.0,659.8412832929286,435.36465431396874,123.32031999945029,65.55203869166955,45.56845654786388,4.515733173502511,0.9436609562537911,185.97700036246533,0.9899314677362274,0.9978644583689149,
2024-02-22,20.927922399900407,0.25270669936728746,1.0,24.0,6.0,1.0,1.0,648.489618761908,425.83296122456807,120.72594157138978,64.11438473484452,44.56747075254028,4.47137467660188,0.9693655096144442,192.8591914086965,0.9957642951423293,0.9952753530370771,
2024-02-23,22.242162129711723,0.3896244751902205,1.0,24.0,6.0,1.0,1.0,727.9229028080808,482.64518551881207,136.95313736489763,72.66543249239,50.50970222325557,4.513277356880758,0.9590219464354521,186.84750272885006,0.9968333233555638,0.9836875579662535,
2024-02-24,22.01246743243289,0.21775737849798107,0.25,24.0,6.0,1.0,1.0,635.5195590713075,411.40372177747213,116.84066240392715,61.93680437380646,43.05067022681238,4.501267769695911,0.9670361825345238,184.67134886923157,0.9962137528869317,0.9973838821592131,
2024-02-25,21.76331152675634,0.19814612587530586,0.25,24.0,6.0,1.0,1.0,602.0742881745067,403.29893612623806,114.64124127585427,60.71445656908506,42.199541862988276,4.392135383278612,0.9714345901067303,190.70215390865278,0.9994068061584332,1.0040056649277092,
2024-02-26,22.154761781262124,0.16050061426001594,1.0,24.0,6.0,1.0,1.0,601.6387663674617,387.71193476796026,110.30968900291116,58.36588815264354,40.5657266588847,4.484562413349119,0.9854836368568417,190.07834314582084,0.9921581472432051,0.9954407856242297,
2024-02-27,24.235760149413256,0.1363545824651436,1.0,24.0,6.0,1.0,1.0,586.0546486443617,377.72194478328083,107.5648721875248,56.86013250067983,39.51778887898724,4.421230543621564,0.956499128729135,198.08523004875119,0.9988740395791533,0.9884947339586393,
2024-02-28,21.361674657435163,0.12,1.0,24.0,6.0,1.0,1.0,580.507050264948,370.9624823447891,105.73643817765127,55.84082671971164,38.808,4.443444732620145,0.9624142617090792,193.83972726038127,0.9891800043955534,0.9949225535641907,
2024-02-29,23.523402965424577,0.1443877409378751,1.0,24.0,6.0,1.0,1.0,606.1941545373323,381.1050911293817,108.72726563896828,57.36582173496104,39.86642795670378,4.474082654554419,0.9613646285237476,191.52188328973818,0.9944412575037811,0.9912741779482682,
2024-03-01,20.304789297647915,0.20824127047870059,1.0,24.0,6.0,1.0,1.0,624.2400850472997,407.6244009570251,116.40040397539968,61.355674303681944,42.63767113877561,4.49803344538117,0.9507978554480256,196.2712476621471,0.9946129273962757,0.9949971370816275,
2024-03-02,21.887113245105994,0.23912826518362826,0.25,24.0,6.0,1.0,1.0,636.6442251980363,420.46959884912445,120.17943286529052,63.28690587666046,43.97816670896947,4.519958529628767,0.9736691478028474,197.34672136731436,0.9878120484195468,0.9976549412971606,
2024-03-03,22.451009838176965,0.21505020011492834,0.25,24.0,6.0,1.0,1.0,636.7165604163787,410.5083839704549,117.44112277702763,61.785324107551226,42.933178684987894,4.363234339739155,0.9637682290814776,196.39970299954695,1.0001862830345445,0.9937367043396105,
2024-03-04,22.927902316462685,0.14837584289840372,1.0,24.0,6.0,1.0,1.0,593.0783070865101,382.86766490606607,109.63572492718704,57.62309150299241,40.03951158179073,4.527518153583024,0.9733044037947719,187.68700390618338,0.9949498698646807,0.9916648556313994,
2024-03-05,23.048644519347995,0.28037930613287865,1.0,24.0,6.0,1.0,1.0,657.2457961962067,437.67886987723045,125.44917553092128,65.8702746291577,45.76846188616694,4.453794190846491,0.9733783287747095,193.70620399689548,0.9988488074853439,0.9871560242771935,
2024-03-06,23.119942827813333,0.2663498485943653,1.0,24.0,6.0,1.0,1.0,659.2311098260451,431.88851797905556,123.90581791711234,64.99631073767848,45.159583428995454,4.527541826317194,0.9594583936282445,199.0852081348978,0.9856332238238614,1.0036655888055859,
2024-03-07,21.724234071783446,0.19334402791259162,1.0,24.0,6.0,1.0,1.0,625.4021266179185,401.6163924061338,115.3298198454774,60.438259091835754,41.99113081140648,4.438837785060843,0.9679691341936312,194.3195683795895,1.0038855748183801,0.9906096029383467,
2024-03-08,21.564691984942645,0.15288874283282838,1.0,24.0,6.0,1.0,1.0,591.5792691821952,384.8506890361546,110.62066548796513,57.913238369614945,40.23537143894475,4.422249012131153,0.9589540172420566,201.4023823026426,0.9983317553922865,0.9963848520257544,
2024-03-09,23.12793400776177,0.24808978867723483,0.25,24.0,6.0,1.0,1.0,654.6465818414844,424.3993341265766,122.10555147397966,63.86254630719184,44.367096828592,4.475807745236285,0.9601009222346008,206.8313494131042,0.9874121275680858,0.9999771648748422,
2024-03-10,21.84969167851568,0.21843460992918623,0.25,24.0,6.0,1.0,1.0,649.5752533913995,412.1180929916472,118.68582890912357,62.012194912492305,43.08006207092669,4.402833844127093,0.9804000703725321,203.95483391213298,1.0025857094703343,0.9925998154088287,
2024-03-11,20.53137796404031,0.12,1.0,24.0,6.0,1.0,1.0,570.8041875050881,371.27661259792995,107.02712590546814,55.86471058387679,38.808,4.437056025613829,0.9661258233743308,206.01593066093122,0.9978502054846643,0.9869704293986397,
2024-03-12,20.687257398323922,0.1965845247410233,1.0,24.0,6.0,1.0,1.0,630.4438144411721,403.1017212182734,116.31458820139783,60.65146602389064,42.13176837376041,4.49732422658105,0.9680622168579798,204.86594946481168,0.9951338746599433,0.9868311372671407,
2024-03-13,20.930920079093184,0.22243127163574125,1.0,24.0,6.0,1.0,1.0,630.2396067370014,413.8632218970925,119.53628655682665,62.2685154004989,43.25351718899118,4.360773397158998,0.9647404798802333,203.17538370203732,0.9941110592125276,0.9747295117877565,
2024-03-14,22.619980580585327,0.12902674655472868,1.0,24.0,6.0,1.0,1.0,566.7106647238878,375.10242421431406,108.44698076231263,56.4346736437275,39.199760800475225,4.507806661507008,0.9576907318687317,205.36882800078504,0.9884137348263474,1.0008573937238021,
2024-03-15,22.18549075722693,0.2158123231673778,1.0,24.0,6.0,1.0,1.0,633.548987162592,411.1712920728593,118.99235396785171,61.859362896963546,42.9662548254642,4.46338209571049,0.9806236891879841,209.76762920469395,0.9948855239948557,0.9887248873359028,
2024-03-16,22.836424415786087,0.12,0.25,24.0,6.0,1.0,1.0,570.4219880807669,371.4047263942449,107.59007528770863,55.87463651400879,38.808,4.475028727833929,0.9617962497298482,204.72380600799153,1.0054811728619135,0.9915412909703444,
2024-03-17,21.490472859584656,0.3070310037947665,0.25,24.0,6.0,1.0,1.0,716.8348295624826,449.11793613452824,130.2320046378166,67.56385229507174,46.925145564692876,4.45257787591276,0.9762555536438875,207.8999266712367,1.002454072074778,0.9878725109275904,
2024-03-18,22.19083101870889,0.29986100120833314,1.0,24.0,6.0,1.0,1.0,680.8746048934338,446.17359669733185,129.506398567736,67.11823440179847,46.61396745244166,4.472173828668507,0.9700086212097744,207.76796518206694,0.9889906997582384,0.9840528994249859,
2024-03-19,22.750773294607473,0.17980139133490577,1.0,24.0,6.0,1.0,1.0,598.2325005548421,396.3295452503274,115.15314218543026,59.61779675701204,41.403380383934916,4.353204181675568,0.96313003043663,212.01634103230617,0.9965913047484276,0.9786590518133719,
2024-03-20,21.63040463847648,0.22914579643315863,1.0,24.0,6.0,1.0,1.0,642.438585191118,416.85808123688093,121.23948585963322,62.70369513275038,43.54492756519909,4.438770210109556,0.978318964365117,204.781278951254,0.9943235382241166,1.0022333694218173,
2024-03-21,22.55338020639111,0.12,1.0,24.0,6.0,1.0,1.0,578.8975951885864,371.5378640947086,108.16732049805331,55.88462718235903,38.808,4.477432914910779,0.9629614801555098,211.2612074515847,1.001297963435997,0.9872255618858118,
2024-03-22,21.21664092263107,0.12,1.0,24.0,6.0,1.0,1.0,583.3219327771661,371.5623141597836,108.28443311789962,55.88659971040094,38.808,4.374017200047811,0.964508659917411,211.65447152913023,0.9929509540483432,0.9918737990370033,
2024-03-23,21.583060572364825,0.17730019445538295,0.25,24.0,6.0,1.0,1.0,605.2860492248298,395.39815410686185,115.34853911698323,59.469929088276594,41.29482843936363,4.390019079255913,0.9591625414368954,208.45034601560855,0.9985548502410772,0.9851286804956797,
2024-03-24,21.570481554171753,0.12,0.25,24.0,6.0,1.0,1.0,581.9510207032499,371.61236498855965,108.52032637857823,55.89055910620149,38.808,4.384077668708339,0.9574245469080215,210.84226245269213,1.0045367985960083,0.9939043111369809,
2024-03-25,20.605467077035488,0.2588863465422671,1.0,24.0,6.0,1.0,1.0,662.1645645437203,429.35952049286396,125.51294171569798,64.57377292066795,44.8356674399344,4.473663039354091,0.945472224753545,213.5781144542872,1.008545527488025,0.9926911825939966,
2024-03-26,22.63881151101717,0.36211705963445984,1.0,24.0,6.0,1.0,1.0,731.528356880544,472.29798100933,138.20649360549695,71.02887018588824,49.31588038813556,4.476207440457232,0.968465971854502,208.17065251124313,0.986529775016776,0.993119406635164,
2024-03-27,21.50718972614526,0.12,1.0,24.0,6.0,1.0,1.0,568.127513733028,371.6933862164064,108.87832218070464,55.89657095489205,38.808,4.516868827184679,0.9590377324407126,209.23564612608214,0.9889952438224696,0.9754685634085044,
2024-03-28,22.103546845715318,0.13679809495498868,1.0,24.0,6.0,1.0,1.0,583.8915812982976,378.7008163299804,111.04634270839826,56.94864031170153,39.53703732104651,4.436724898218282,0.9580996009365949,219.8826295606297,1.0037320375315852,0.9907829025327958,
2024-03-29,22.685579273422448,0.22349372443916676,1.0,24.0,6.0,1.0,1.0,620.8402420157532,414.767977245053,121.74914028496134,62.37043351984765,43.29962764065984,4.479635292373336,0.9655359116771486,218.2854772133928,1.002422504925902,0.9848303681520233,
2024-03-30,22.666692119334666,0.33449735079848686,0.25,24.0,6.0,1.0,1.0,733.911075049311,460.9483342084564,135.4456969368618,69.3123050174871,48.11718502465433,4.395414114597938,0.9669212097278078,212.65522769915444,0.990979812211039,1.0007492352773972,
2024-03-31,22.953523740227748,0.12,0.25,24.0,6.0,1.0,1.0,573.2646077657067,371.7978681693065,109.36319116753695,55.90454665887177,38.808,4.491326529293279,0.9628695468832766,218.73662881340556,1.0046848275571432,0.9902822063182267,
2024-04-01,22.06311423238175,0.22769275323282923,1.0,24.0,6.0,1.0,1.0,627.5887907379209,416.6029367267438,122.6717126064141,62.6396569900929,43.4818654903048,4.403572370006557,0.965187317787731,221.29482756697325,0.987148833793822,0.9873455568060868,
2024-04-02,21.701594572586465,0.35468473150959656,1.0,24.0,6.0,1.0,1.0,721.5762754896996,469.4421353708218,138.3760968586966,70.58193940468716,48.993317347516495,4.4268421539729665,0.9502685409061359,218.81969274561973,0.9921502312373648,0.9962102730871443,
2024-04-03,22.144158583328338,0.12,1.0,24.0,6.0,1.0,1.0,584.4202587909336,371.8780424313845,109.7324511238839,55.91055212576281,38.808,4.43846195053556,0.9577179103534101,222.28342032507655,0.9916123373154683,0.9847607595135447,
2024-04-04,20.24729019214426,0.12,1.0,24.0,6.0,1.0,1.0,567.0773421513038,371.9024546834674,109.85657307271597,55.912526484377636,38.808,4.412293010702445,0.9516919922518303,223.2792550127136,1.0008458373628717,0.9821067133599354,
2024-04-05,20.569821246948955,0.17924102350556126,1.0,24.0,6.0,1.0,1.0,615.0840983984031,396.5673104692202,117.2675598950686,59.61888050181258,41.37906042014136,4.434349716596914,0.9631599337987422,223.61823787857304,0.9877804510479111,0.9840037531750401,
2024-04-06,20.75536485110864,0.1730359720830211,0.25,24.0,6.0,1.0,1.0,611.2874798413386,394.01353138399475,116.63696987280473,59.23298164028631,41.10976118840312,4.500887143642396,0.9434213225959783,225.7540659582246,1.0035719749580896,0.9905682106651055,
2024-04-07,21.184129094888224,0.2813291867921488,0.25,24.0,6.0,1.0,1.0,686.5286335990389,439.08969899025163,130.12000935892885,66.00721358281479,45.80968670677926,4.408406445960281,0.9594156496019643,220.03770293298138,0.9824316723582638,0.9970514918458074,
2024-04-08,22.900736666474856,0.23737596020309842,1.0,24.0,6.0,1.0,1.0,642.9942635559914,420.83677059149227,124.84445260205787,63.26087296687113,43.90211667281448,4.421519771285045,0.9495736866155766,221.66693321633102,0.995396554216494,0.9870677385849133,
2024-04-09,21.37656453180745,0.12,1.0,24.0,6.0,1.0,1.0,581.0276243008079,372.0323720431867,110.48504680477457,55.922495472899605,38.808,4.4698748012639715,0.9625828547950178,228.20949558509687,1.005856779608356,0.9850217724164222,
2024-04-10,22.053413150098358,0.26297032715830587,1.0,24.0,6.0,1.0,1.0,669.1714198793737,431.5439752343254,128.29778936813307,64.86609174027402,45.01291219867048,4.506080133082298,0.9697327241579854,223.46906463827148,0.9945449423796535,0.9994151884961704,
2024-04-11,24.112274943326838,0.17750550269655757,1.0,24.0,6.0,1.0,1.0,619.7820911614087,396.01273669921915,117.86171709341718,59.523107499751056,41.3037388170306,4.455978159389788,0.95824185302753,227.96559548312771,0.9981235640076844,0.9898003500464773,
2024-04-12,22.17358731742895,0.32771738089969904,1.0,24.0,6.0,1.0,1.0,711.489204136392,458.5491113798297,136.62252716799478,68.92041746796504,47.822934331046945,4.4496699858151185,0.9546054864581106,232.07398829166644,1.013811043199895,0.9806973603365635,
2024-04-13,23.53592199254205,0.17768885324425565,0.25,24.0,6.0,1.0,1.0,618.3953987417096,396.1466784333788,118.1580491432905,59.538849692339774,41.3116962308007,4.404827040144797,0.964133422112801,231.35214080353515,1.0009313165042657,0.9982214366733668,
2024-04-14,21.582242696422448,0.17918151645614822,0.25,24.0,6.0,1.0,1.0,618.2113029899041,396.79512188665996,118.48115702330668,59.634335088058734,41.37647781419683,4.505682531039515,0.9416022365338277,237.68719604522562,0.9986071886191451,0.9976051050571157,
2024-04-15,22.509605505342005,0.275696124926498,1.0,24.0,6.0,1.0,1.0,666.6626838934314,436.9945729131955,130.62792252535732,65.67373408148377,45.565211821810024,4.400895173452934,0.9606176292073287,233.05121923563678,0.9980454571266292,0.9976092843427258,
2024-04-16,21.671500964503757,0.29581386560394585,1.0,24.0,6.0,1.0,1.0,674.408666197228,445.40109255385653,133.28688628105638,66.9345687481323,46.43832176721126,4.497062181076639,0.9594528963071862,233.36093699221297,0.9875469464686222,0.9941155338910381,
2024-04-17,22.461918372909626,0.2730804375716235,1.0,24.0,6.0,1.0,1.0,653.4044789513277,435.97078369546017,130.60824441697062,65.51483835859894,45.45169099060846,4.479607714627223,0.9478291279813064,235.23428209720848,0.9956170313687301,0.998042952802226,
2024-04-18,23.936175281841695,0.12,1.0,24.0,6.0,1.0,1.0,576.8826691239664,372.2722293974617,111.64846835075073,55.94052306589293,38.808,4.407904448985888,0.9552847011905209,240.52522969116126,0.9995234608136176,0.9887595076255165,
2024-04-19,20.915867784238564,0.28541356771151927,1.0,24.0,6.0,1.0,1.0,683.5379841562313,441.1663731114427,132.45803012823498,66.2910962775188,45.98694883867994,4.361259948214657,0.962055274745663,230.73957699706548,1.0007999722636027,0.9917823683412894,
2024-04-20,23.572588731562334,0.16231022840778975,0.25,24.0,6.0,1.0,1.0,630.2546516585169,389.9414344736336,117.20781267141962,58.59162260482644,40.64426391289808,4.386078213141691,0.9581784273579305,244.39525655743333,1.0034157934400674,0.9868422421238644,
2024-04-21,23.400953883357385,0.2666365672367176,0.25,24.0,6.0,1.0,1.0,676.362169290311,433.4101863693476,130.41925072553929,65.12103089361604,45.17202701807354,4.444780103520354,0.961028657258259,236.45573149000955,0.9957482854665834,0.9814451384646005,
2024-04-22,22.46882566860319,0.1367500572583329,1.0,24.0,6.0,1.0,1.0,591.5147540281489,379.3522099758951,114.27981187832681,56.996545170234455,39.53495248501165,4.468582906373466,0.9570141537970092,234.13487223087986,1.0021794030198983,0.9930782708473748,
2024-04-23,21.514394701616954,0.28926280581272085,1.0,24.0,6.0,1.0,1.0,681.9009624568624,442.8937968332004,133.57188713087174,66.54142369752799,46.154005772272086,4.429535121669973,0.9471509786304537,237.23320605189326,0.9930438424800979,0.9981791885904573,
2024-04-24,23.405781996205118,0.19201036995320192,1.0,24.0,6.0,1.0,1.0,619.9199371463943,402.421433917256,121.50185511181073,60.4584319702334,41.93325005596896,4.478550612259633,0.9544231897006433,242.833883992261,0.9954015340902393,0.9960305260662659,
2024-04-25,22.755081131900702,0.1569809015267553,1.0,24.0,6.0,1.0,1.0,598.4291871858709,387.8586218712027,117.23710275788255,58.26860481271007,40.41297112626118,4.360454835972396,0.9478528321552935,240.9944779647796,0.9887688047912221,0.9932434841945738,
2024-04-26,23.742591856328207,0.31982191389155884,1.0,24.0,6.0,1.0,1.0,704.9049041134742,455.71688369151167,137.90455587973136,68.46087512791838,47.48027106289366,4.570878218039958,0.9450265961264032,244.6798759999955,0.9894810653661776,0.9878365875427794,
2024-04-27,23.564151617132705,0.28524280641290745,0.25,24.0,6.0,1.0,1.0,688.7460440474098,441.3464257564004,133.70648788417512,66.29939787510865,45.97953779832019,4.320129750556772,0.9600539597024433,251.93198467641614,0.9935009426270741,0.9922781965553722,
2024-04-28,25.536230881397532,0.2200574078233869,0.25,24.0,6.0,1.0,1.0,655.475056776373,414.2218683607167,125.63113259915356,62.22234738571379,43.150491499535,4.435303568729141,0.9536769446931157,237.55402928979427,1.0000306829478671,0.9900253727449021,
2024-04-29,23.404632587682432,0.3886025653781164,1.0,24.0,6.0,1.0,1.0,744.692451602276,484.4753248990819,147.10574700628695,72.7728668733785,50.465351337410254,4.450706278821277,0.9535525961963564,245.00509545141463,0.9998114185937562,0.9827073086936756,
2024-04-30,22.542998394977875,0.24065617996545405,1.0,24.0,6.0,1.0,1.0,669.4460062819634,422.86769792320797,128.54462313398818,63.516054153528906,44.044478210500706,4.369318210378604,0.9528321451920028,255.13174635899045,1.0029137419249814,0.9912065832206732,
2024-05-01,24.067211601199684,0.2819435070284791,1.0,24.0,6.0,1.0,1.0,676.5731440829395,440.10291941797567,133.93671743613183,66.10246117880824,45.836348205036,4.415538009867629,0.9583667453110168,249.13904225933263,0.995620504099895,0.9904076595350376,
2024-05-02,24.19848775269473,0.3044198643255144,1.0,24.0,6.0,1.0,1.0,698.6357217153243,449.50234593180124,136.95363908787573,67.51166568097105,46.81182211172733,4.366775464300875,0.9537398682800637,253.45245552121273,0.9879733222668002,0.9894286101048064,
2024-05-03,25.649428734316103,0.23692973858517855,1.0,24.0,6.0,1.0,1.0,648.9240148652833,421.4082061083748,128.54092904134416,63.28966834867597,43.882750654596755,4.44950871001353,0.9546103268612867,256.6127054285705,0.9991675630692136,0.982723192836154,
2024-05-04,25.105925205735964,0.3278534053565002,0.25,24.0,6.0,1.0,1.0,723.1315120705559,459.3359661168926,140.2710624513213,68.98336559373283,47.828837792472115,4.402171803315785,0.9530628045689294,253.26624679068556,0.9931888975793447,0.9957900288129443,
2024-05-05,24.61887590041374,0.25120798205972195,0.25,24.0,6.0,1.0,1.0,659.0436462228231,427.4229080861748,130.67539105183081,64.18802127855956,44.50242642139194,4.4103743219609255,0.9523442210271476,250.9659612204622,1.002685521167036,0.9941847024758004,
2024-05-06,26.034858137632856,0.2647358485728196,1.0,24.0,6.0,1.0,1.0,692.8813426972873,433.09326322115083,132.5619299322988,65.03717417565666,45.08953582806037,4.564193876820009,0.9493720525481233,254.41933426980953,0.9890744194832997,0.9857914790352246,
2024-05-07,22.94204200711663,0.4105210257115838,1.0,24.0,6.0,1.0,1.0,764.5337812549243,493.90261703847614,151.3493545742853,74.16602222883685,51.41661251588274,4.386821674530618,0.949103995818483,254.6393855277209,0.9888204652199151,0.995380881513944,
2024-05-08,23.691891233455433,0.222164247488511,1.0,24.0,6.0,1.0,1.0,639.2955923024997,415.41106610109927,127.44342057765095,62.376712656923225,43.241928341001376,4.5928793563430625,0.9535859198304976,256.5127450061348,0.9883385769651287,1.0004781469959956,
2024-05-09,23.440082764082128,0.12,1.0,24.0,6.0,1.0,1.0,593.3448648145861,372.84213411623523,114.51697233037585,55.98275155994591,38.808,4.458823677640692,0.9466275274476369,258.09664650968494,0.9893662088097434,0.9989940882944306,
2024-05-10,24.177900997127008,0.44226093506869124,1.0,24.0,6.0,1.0,1.0,800.2730323956654,507.24482913509246,155.98090521557342,76.16122614448649,52.7941245819812,4.4480028145598745,0.9381912529519416,254.52398042528404,1.0001669634896426,0.9974765014088404,
2024-05-11,23.088638532126545,0.5214031751740225,0.25,24.0,6.0,1.0,1.0,855.0656759421673,540.2907280932029,166.3351124019125,81.11923952957805,56.22889780255258,4.35792938258574,0.9590302756531371,263.34046325784067,0.9861338779933484,0.9901866394545301,
2024-05-12,25.599094327451944,0.28916045267582446,0.25,24.0,6.0,1.0,1.0,695.6362191735283,443.479203414143,136.68838052699638,66.58064760317362,46.14956364613079,4.426655046065739,0.9424239383403948,259.1747685234539,0.9940762453726452,0.9893171331060965,
2024-05-13,24.667730849304863,0.1708128747142449,1.0,24.0,6.0,1.0,1.0,610.3290231781377,394.15113862663736,121.6267294538059,59.17259058934697,41.013278762598226,4.418973715613655,0.9561859662693898,263.24406753784183,0.9942010798793852,0.9877274036353314,
2024-05-14,23.26812015255899,0.3051507550169892,1.0,24.0,6.0,1.0,1.0,704.6563692031284,450.21262096543467,139.0899590840603,67.58670600335157,46.84354276773734,4.340101866171231,0.9600393584115028,262.5709502904156,0.9962458374985113,0.9958333682019491,
2024-05-15,23.91425791037761,0.3113715700624606,1.0,24.0,6.0,1.0,1.0,688.4720167265018,452.8414435166421,140.06650071641133,67.97870165322018,47.11352614071079,4.337187121132037,0.9583747962270754,263.6130758511695,0.997013663372738,0.9873447834580782,
2024-05-16,25.610180416172135,0.32340454125672957,1.0,24.0,6.0,1.0,1.0,722.705973078928,457.89551764978586,141.79646040139832,68.73470119480244,47.63575709054207,4.492030431395318,0.9598725138063425,263.67696024324636,0.983389383974746,0.9946237417944793,
2024-05-17,26.341842629914407,0.2539042744365871,1.0,24.0,6.0,1.0,1.0,683.1404314751877,428.9344277476659,132.98453984249676,64.38473171230125,44.619445510547884,4.4765712205440575,0.9493318680091187,268.47367461045735,1.0011151639726277,0.9992778769699924,
2024-05-18,27.835380463065412,0.39376360824248685,0.25,24.0,6.0,1.0,1.0,753.6608166138456,487.321229331459,151.26527942798054,73.14606649896163,50.68934059772394,4.430043957302504,0.9616688269853384,267.0952858771687,0.989284027330946,0.992445522978323,
2024-05-19,29.040206108088956,0.3938279249748937,0.25,24.0,6.0,1.0,1.0,768.4836609352348,487.3879854962929,151.46415812427244,73.15276903260718,50.6921319439104,4.446690647097152,0.9575177876306958,266.9070986752483,1.0047825913356396,0.9845967275753194,
2024-05-20,26.14615443912068,0.23682739837971895,1.0,24.0,6.0,1.0,1.0,654.5078951093832,421.9101716216708,131.27042484513635,63.32219718053412,43.8783090896798,4.4424712007408536,0.9624437245322729,262.9890104467764,0.9881069486538006,0.9778073438402892,
2024-05-21,24.567702359641807,0.41687065726473577,1.0,24.0,6.0,1.0,1.0,778.543321829328,497.08024485016364,154.84260681043543,74.60133139090671,51.692186525289536,4.382183490735824,0.952678964527713,272.7994264032372,0.9920913752699984,0.9912484785254632,
2024-05-22,23.303939070939556,0.5297459960335481,1.0,24.0,6.0,1.0,1.0,849.2353088599727,544.2320515422903,169.73147969826937,81.67418046907443,56.590976227856,4.477507042178559,0.959133954400579,268.3960886397697,0.9949050728068669,0.9960373671451147,
2024-05-23,26.291824606959583,0.38392414882983544,1.0,24.0,6.0,1.0,1.0,761.0922955742514,483.4117338208745,150.94137581629133,72.5431091753297,50.26230805921487,4.3671101054694645,0.9603885960510934,267.87542218333226,1.0043409226532511,0.9958836902505263,
2024-05-24,25.10411546734139,0.34785590625082446,1.0,24.0,6.0,1.0,1.0,736.7026381749644,468.39412048934224,146.42631184488087,70.28640475027152,48.69694633128579,4.449837892805655,0.9536657711398843,276.1861596290589,0.9936730138936771,0.9911645625319537,
2024-05-25,25.691155363342563,0.3681933460856064,0.25,24.0,6.0,1.0,1.0,756.0530039328243,476.9210212089596,149.27008093605437,71.56296690250052,49.579591220115326,4.411413037650721,0.950442751849879,269.5867714959815,0.9895160366982059,0.9788719099870805,
2024-05-26,25.56583999742298,0.43352151948440276,0.25,24.0,6.0,1.0,1.0,797.6126594371992,504.23404082381813,158.00739440037626,75.65810237722648,52.41483394562309,4.537655478963897,0.9659277973574862,268.88661368875233,1.0001956513388477,0.9981382239644666,
2024-05-27,26.242979136065625,0.2506289086922206,1.0,24.0,6.0,1.0,1.0,666.2725154469529,427.90979363849806,134.2504929927908,64.20303398580822,44.47729463724238,4.44654432448101,0.9395810855850715,277.823883312715,0.9894974960125468,0.9908425823025974,
2024-05-28,27.803443421710572,0.4070484195852727,1.0,24.0,6.0,1.0,1.0,757.8562353064553,493.258128150191,154.9391776302904,74.0050573378618,51.265901410000836,4.469971797382611,0.9626405086735034,274.56378956934327,0.9890473662629051,0.9768197016697976,
2024-05-29,26.82579798377562,0.36750601416474116,1.0,24.0,6.0,1.0,1.0,745.1458747407339,476.7854831732022,149.9444282345985,71.53033765893525,49.54976101474978,4.409933245928269,0.9428527952860188,280.8372363852162,0.9931398838801969,0.9831981359830978,
2024-05-30,26.560750563707025,0.5514451025287743,1.0,24.0,6.0,1.0,1.0,863.0144972609417,553.6445048145488,174.32538832812892,83.05761072491956,57.53271744974881,4.497908179718218,0.9591900830588099,279.51286632345085,0.9995155061402186,0.9826565721531104,
2024-05-31,25.622766924015,0.39458981389871667,1.0,24.0,6.0,1.0,1.0,766.3561543768586,488.17859620760163,153.89605465824144,73.23260458054092,50.725197923204306,4.448544259737352,0.9508725202196044,283.0162725482906,0.9911411717697974,0.9925392180647007,
2024-06-01,24.971003436190507,0.5468862790253789,0.25,24.0,6.0,1.0,1.0,871.6391091668214,551.8343847696765,174.17318082746797,82.7780913446626,57.33486450970145,4.285138811658635,0.9634327647608076,269.3980380292883,0.9921113183796204,0.9955635209463599,
2024-06-02,26.512723406373265,0.33011329691720775,0.25,24.0,6.0,1.0,1.0,721.0590177003884,461.32590666652095,145.78126104162754,69.19780015855747,47.92691708620682,4.36233839769473,0.9458705102167406,287.7961785004793,0.9842994016126807,0.9961417302070721,
2024-06-03,27.147987873204706,0.47037474480936725,1.0,24.0,6.0,1.0,1.0,815.9231054923264,519.9606560596925,164.50954714813508,77.98965935019524,54.01426392472654,4.37682469884391,0.9496584252449874,280.2185308598153,1.0009431551998864,0.993751400064383,
2024-06-04,29.450806534254205,0.45395019130151326,1.0,24.0,6.0,1.0,1.0,788.7641535890413,513.1425631244962,162.54849158329168,76.9632719175281,53.30143830248568,4.418737356297391,0.9474015047425725,291.2369700699591,0.9876894123984298,0.9988899022608834,
2024-06-05,27.602878834738306,0.36389976626956777,1.0,24.0,6.0,1.0,1.0,746.7667417695357,475.5585025257125,150.82516735373795,71.32276942915527,49.393249856099246,4.3782096235095045,0.9487021418880073,283.38128665490854,0.9881283159468395,0.9898933116171618,
2024-06-06,28.743555914147336,0.4526603392103695,1.0,24.0,6.0,1.0,1.0,793.3419388641616,512.6885482304398,162.7990099206119,76.88807749829829,53.245458721730046,4.323838981316022,0.950860677815725,280.182306365937,0.991237750247552,0.9838981328027177,
2024-06-07,27.083258312850308,0.5405334939935548,1.0,24.0,6.0,1.0,1.0,854.8879074743982,549.4566036541522,174.686105008185,82.39820589299877,57.05915363932028,4.546496808419262,0.9540692799514081,290.1766883506559,0.9851065376007122,0.9853762768924148,
2024-06-08,26.379015471029227,0.42270872040262863,0.25,24.0,6.0,1.0,1.0,788.6122285503128,500.2593039632519,159.23780176968995,75.01653805248168,51.945558465474086,4.385179096847119,0.9604410997983533,285.0220963480467,0.9939962054693339,0.9857426705198536,
2024-06-09,26.761698140671186,0.31835034186713457,0.25,24.0,6.0,1.0,1.0,719.7602108343501,456.67910004661724,145.54316848500386,68.47833087187625,47.416404837033646,4.40552793895008,0.9513314944835418,290.3753668186839,0.9913075625935428,0.9920638434102238,
2024-06-10,27.168777317764242,0.4574113422478249,1.0,24.0,6.0,1.0,1.0,812.1605762917912,514.8456589157674,164.28220300019225,77.19717837390174,53.4516522535556,4.434825901063061,0.9500052602070872,296.055216907529,0.9942740661546238,0.9873286732706543,
2024-06-11,30.712707364626727,0.39174373894679315,1.0,24.0,6.0,1.0,1.0,776.9671189641172,493.20288905748447,157.56849647224752,73.94848067892653,51.20035245657728,4.529811667724467,0.9429484513047307,297.1067052208479,0.9843609550009387,0.9904018651049672,
2024-06-12,27.29262410279869,0.441682215672659,1.0,24.0,6.0,1.0,1.0,815.7020467105801,508.35561413562215,162.60972344365965,76.21687269501767,52.76900816019341,4.465341317794114,0.9543555875458462,292.4012008229262,0.995844218988438,0.9875803774251292,
2024-06-13,29.404433453321488,0.4676835388039564,1.0,24.0,6.0,1.0,1.0,809.4622555206612,519.2702295688506,166.3047020763144,77.84962437071802,53.89746558409171,4.423750883584718,0.9544492165867443,292.63473826739033,0.9908299800817028,0.9809678223153899,
2024-06-14,27.43487039867933,0.3429070946780627,1.0,24.0,6.0,1.0,1.0,739.3487598888763,467.1373514328909,149.79164904659171,70.0303412394768,48.48216790902793,4.468117453353861,0.954583169773465,301.5090480890019,0.9961593437188506,0.9913295190431997,
2024-06-15,29.756549944886316,0.3552614326873696,0.25,24.0,6.0,1.0,1.0,746.8519335780245,472.3406476012996,151.64716291191527,70.80740262980218,49.018346178631845,4.434084937236746,0.9486604889099214,308.2835527631296,0.9929226123425554,0.9850161548977625,
2024-06-16,29.220989877967817,0.5282388633552183,0.25,24.0,6.0,1.0,1.0,862.3464068113408,544.7240122326498,175.10211080271333,81.65461887186002,56.52556666961648,4.452261986450083,0.9418887479486046,304.5889729001358,0.9950477513565227,0.9823395066271677,
2024-06-17,28.691541029719446,0.45301849745967515,1.0,24.0,6.0,1.0,1.0,820.6071358696021,513.3100450455827,165.20662791219735,76.94161897853351,53.2610027897499,4.472043954952874,0.9428352875878412,308.7348424021885,0.9995335644866671,0.988834041868107,
2024-06-18,28.951084968637478,0.29482045265435464,1.0,24.0,6.0,1.0,1.0,720.6009974109664,447.1780632976561,144.0998763713193,67.02566204057429,46.395207645198994,4.4470814314629274,0.9521384157254474,298.9050825497473,0.9990617226050228,0.9916858449749549,
2024-06-19,28.334748258575576,0.5679515297754012,1.0,24.0,6.0,1.0,1.0,885.1797960744304,561.4742861504365,181.15597490606262,84.15363722678177,58.24909639225241,4.396413706055351,0.9532344151275501,302.75777177271345,0.9876086718297212,0.9800901551311147,
2024-06-20,29.776237923137717,0.532116063908763,1.0,24.0,6.0,1.0,1.0,867.3399579938159,546.532578096719,176.55222543171388,81.909783503645,56.69383717364032,4.2997818563693615,0.9536831202864678,302.0760979175066,1.0033764335364816,0.9858577696787252,
2024-06-21,28.81535749415384,0.45837591424405744,1.0,24.0,6.0,1.0,1.0,819.911377068371,515.7275768317346,166.80652691155447,77.28891650437089,53.4935146781921,4.417089336777317,0.9528611656671152,308.81989341968995,0.9927865449509016,0.9946606364814852,
2024-06-22,28.01089007109554,0.41529431115603666,0.25,24.0,6.0,1.0,1.0,775.2105517880321,497.7439988237195,161.18954518612577,74.59021344507973,51.623773104171995,4.453796029888563,0.9589021064988499,309.6687741939025,1.0069847248231005,0.984183179423861,
2024-06-23,28.068228501978584,0.5926540713263809,0.25,24.0,6.0,1.0,1.0,888.722397402591,572.0078493779379,185.46964715348358,85.7152066890905,59.32118669556494,4.38503686726796,0.9567891161882484,310.1240244303226,0.9961360684996586,0.9820143789941189,
2024-06-24,29.928817383398588,0.5588785590390648,1.0,24.0,6.0,1.0,1.0,888.1758545882797,557.9246290907206,181.12695046443577,83.6002726375372,57.85532946229542,4.372637998326279,0.9604559802284953,322.2650101865331,0.9977017642401642,0.9920976692404908,
2024-06-25,31.73636582198799,0.7266705960845317,1.0,24.0,6.0,1.0,1.0,1008.9442466103538,642.2739181926485,208.76876943706503,96.23410550905724,66.5960511605386,4.341326442944397,0.9469195634768309,305.132395185222,0.9868576571129535,0.998818231993498,
2024-06-26,30.152941341080982,0.5747987195319744,1.0,24.0,6.0,1.0,1.0,896.3146736268352,565.9354670924641,184.185149249827,84.79069695009066,58.67473515419572,4.457790443326436,0.9490189868605421,310.6287508615209,1.001249269594108,0.9883724281934824,
2024-06-27,29.93779575331811,0.5773088975002455,1.0,24.0,6.0,1.0,1.0,898.8967424923989,565.7992807152377,184.36967009199014,84.76564615341292,58.65520615151066,4.426999059350842,0.9486408529819464,306.0439821803707,0.9836629447831938,0.9869758901779228,
2024-06-28,30.542043376793394,0.5380337088457581,1.0,24.0,6.0,1.0,1.0,875.4183294822753,553.8000714110981,180.68388310713837,82.96342864369427,57.405979400412356,4.368817456540384,0.9508558452601814,314.1019460245042,0.9825860607517912,0.9830627193148411,
2024-06-29,31.8847890589509,0.6218100823290365,0.25,24.0,6.0,1.0,1.0,951.8454419158843,599.8110755082495,195.9405011931725,89.85144589450874,62.169780382598944,4.457776990745501,0.9422172641062881,315.8131632569267,1.0015576897840108,0.993062055961965,
2024-06-30,30.69899050071696,0.611538166060438,0.25,24.0,6.0,1.0,1.0,925.158139679819,585.9559882367874,191.65623238761293,87.7708684979327,60.727908427625266,4.412106486421482,0.9460776217098783,318.5159187879885,0.9966040426829571,0.9921489540061486,
2024-07-01,30.060337914028672,0.6667144545864653,1.0,24.0,6.0,1.0,1.0,956.0938576080164,603.9423744729378,197.78673013507205,90.45992369195837,62.58609117683668,4.480476352328548,0.9514558028742459,321.25673141525624,1.0006274201108363,0.983608077045581,
2024-07-02,31.99825581411352,0.5298959963108023,1.0,24.0,6.0,1.0,1.0,871.2467152383562,562.4056695120363,184.41299306661094,84.23347200467215,58.27602112374418,4.518916251503344,0.9525558742374862,310.541859131512,0.9911506478750628,0.9929190228372285,
2024-07-03,31.301980791967246,0.5417733906993392,1.0,24.0,6.0,1.0,1.0,885.7778255901841,561.7869367792691,184.44472580492965,84.13630229571035,58.20662902160381,4.409341697841957,0.961133006644023,314.9545176641258,0.9906347633656649,0.9895584731677047,
2024-07-04,32.74661429313393,0.5432591935872731,1.0,24.0,6.0,1.0,1.0,912.2999844270473,574.1736592796011,188.7503798939964,85.98679092499071,59.484605007920166,4.462892264366259,0.9572850504411057,322.17616767438557,0.9983121502050734,0.9867311446758217,
2024-07-05,31.23925835483055,0.6498088675585019,1.0,24.0,6.0,1.0,1.0,960.6373370650203,606.6430879610957,199.68020548237683,90.84437871908419,62.842681870096655,4.442053914103953,0.9518682419295986,326.21218207453813,0.9986925807092627,0.9884934944587899,
2024-07-06,29.665085734529423,0.7113463226206252,0.25,24.0,6.0,1.0,1.0,977.158185074549,622.4357925735133,205.13738693587487,93.20383501283612,64.47243040173514,4.439786507427861,0.9498890937998972,324.65687995134533,1.008542455939359,0.9850884809747352,
2024-07-07,29.607096592751752,0.5596736590557653,0.25,24.0,6.0,1.0,1.0,889.1858861985193,558.9408691461596,184.441325186778,83.69096487130781,57.889836803020216,4.492913865578679,0.9507117155955987,336.3479074690199,0.9930944571346877,0.9900779565349953,
2024-07-08,33.34377381583629,0.5672749716547867,1.0,24.0,6.0,1.0,1.0,925.2750341121522,589.2990525653936,194.70372399223652,88.23181122833155,61.02850377512023,4.417192148479962,0.9517335701119001,330.3300548521828,0.997245493853957,0.9955844770254362,
2024-07-09,33.544131720174555,0.6312290145624955,1.0,24.0,6.0,1.0,1.0,977.6767828613885,617.7834302528587,204.3791815068661,92.49141433063147,63.972409876958935,4.418080500450717,0.9702607273704765,329.3998332470842,0.9910308139241745,0.9839666583763761,
2024-07-10,31.372648744295592,0.5912564428661697,1.0,24.0,6.0,1.0,1.0,915.08598315905,583.4719483703383,193.27797358770889,87.34930578071628,60.413554565600066,4.485463698052648,0.9468188499267319,329.3706649789392,0.9949358595260052,0.9923818653372845,
2024-07-11,31.239819058342064,0.6918633141242734,1.0,24.0,6.0,1.0,1.0,981.5013434432555,624.6226732494667,207.17321106910578,93.50458421152241,64.66831584200081,4.378224478682902,0.9511636525868921,332.9771521557809,0.9972885995725296,0.983209850514535,
2024-07-12,33.564149075132455,0.44030421351226817,1.0,24.0,6.0,1.0,1.0,859.8007635981495,538.0818742503128,178.69622832801014,80.54472450936902,55.703088089543705,4.395732332960156,0.9453654388425351,326.5732406850024,1.0030604657004991,0.9917256644949143,
2024-07-13,30.59190039983403,0.5590216770303434,0.25,24.0,6.0,1.0,1.0,900.0571605224262,563.7837741765377,187.47690625800118,84.38780921212111,58.3587371189775,4.501571607603226,0.9705678728449897,324.0261197385212,0.990868811796687,0.9842820132312675,
2024-07-14,30.955756725106024,0.5672393710482136,0.25,24.0,6.0,1.0,1.0,895.9585809967682,570.2339577388736,189.863117897922,85.34867723121808,59.02102435258154,4.377707215005719,0.9468096585462464,327.7209133711385,0.9972665871358664,0.9882039851983757,
2024-07-15,32.90959754580973,0.44884032153123166,1.0,24.0,6.0,1.0,1.0,855.9797522782229,536.4940327453409,178.8573593863402,80.2943416059697,55.52373189293563,4.461940913495747,0.9535374479755185,333.20301206637436,1.0079199882931802,0.9892501179961325,
2024-07-16,31.77132574888845,0.5619740057213509,1.0,24.0,6.0,1.0,1.0,893.476262543151,574.747639455323,191.86059872571263,86.01528641099054,59.477585477372934,4.381445607056025,0.9356306351505598,336.45789958346285,0.9945140377413084,0.9850478406670564,
2024-07-17,32.34499064074644,0.5704076627670625,1.0,24.0,6.0,1.0,1.0,945.5387404254969,582.9947633098352,194.86446929505843,87.24476199428074,60.325484702317524,4.463865776437741,0.9542284387618569,332.93634392300277,0.9892628162729195,0.9880053898366231,
2024-07-18,32.26029737289042,0.6320442926864868,1.0,24.0,6.0,1.0,1.0,967.4468925188679,608.2155526818029,203.55789893505897,91.01399740966234,62.929372095821485,4.335728742269112,0.9472239103412201,339.0141435591294,0.9939320454038647,0.9829297375066158,
2024-07-19,32.96578606552345,0.7416385544884525,1.0,24.0,6.0,1.0,1.0,1042.7813557148863,659.9772715989577,221.16714675065856,98.75391562464303,68.27837355983854,4.4249536944017756,0.94915177057684,343.3217912344177,1.0016583951245799,0.9859686882979017,
2024-07-20,34.35288748513531,0.6374198301144088,0.25,24.0,6.0,1.0,1.0,992.4276727356163,627.5837538558272,210.58424876480765,93.90078596165597,64.92044611447902,4.4574948932627265,0.9529603695067677,339.31381924501324,0.999911351916479,0.9934804538616985,
2024-07-21,32.87473808905019,0.5789364538397976,0.25,24.0,6.0,1.0,1.0,952.2005605548105,591.1018752515108,198.60420649782236,88.43699205744124,61.14062209144938,4.528677644834736,0.9416241745774792,342.9304875924512,0.9952467181100616,0.9870569671927089,
2024-07-22,33.63977374410557,0.6611742306532036,1.0,24.0,6.0,1.0,1.0,997.8545292268574,631.8797141886716,212.58244516696777,94.53262751192163,65.35237155539771,4.354870810016473,0.94877361095064,340.2003897785357,0.9956805142730394,0.9828959511630098,
2024-07-23,30.5067057728006,0.7539444166026432,1.0,24.0,6.0,1.0,1.0,1015.1538217469088,645.4257618896143,217.42446448183887,96.55335830419192,66.74682052970722,4.446226969213243,0.94908398867985,348.4881732796642,1.0082062319391212,0.9892068396378018,
2024-07-24,33.007139831860464,0.5961633767469479,1.0,24.0,6.0,1.0,1.0,958.3588638645136,599.5810132572527,202.2380652382844,89.68947968875491,61.99948800958033,4.376278262691742,0.9380442560525661,355.0080127831861,0.9896280538310843,0.9813405132549129,
2024-07-25,32.1512104843739,0.6055720153745131,1.0,24.0,6.0,1.0,1.0,948.6818642785495,596.6331355148919,201.50743141625034,89.24344428544471,61.68884227412795,4.428665274151183,0.9408330585983866,346.500561807591,1.00246998855659,0.9827135185433357,
2024-07-26,31.79676241829753,0.7272269777764756,1.0,24.0,6.0,1.0,1.0,1012.153317623791,644.8790379904211,218.085561856972,96.45451135319053,66.67093126686898,4.48346624064769,0.951279729519661,346.152704361856,0.985670639200371,0.98304019080378,
2024-07-27,32.30054439877157,0.6688911352737963,0.25,24.0,6.0,1.0,1.0,993.4515992830054,624.5463341422885,211.48246845269983,93.40750849065894,64.56233256585088,4.495178194054672,0.939555908266872,350.27125583909884,0.9991357833789904,0.9733064527151731,
2024-07-28,33.047077977390266,0.7424284655238111,0.25,24.0,6.0,1.0,1.0,1063.5096984941997,661.5504889602595,224.3044657927182,98.93594115709189,68.38094090474122,4.3701154285204575,0.94979688173711,353.3378159624377,1.0015678663345349,0.9906406749884941,
2024-07-29,34.639489978072085,0.6934971249668707,1.0,24.0,6.0,1.0,1.0,1017.6765309553958,654.013166204206,222.03885137943035,97.8024714839166,67.59494680514274,4.391113485866301,0.9481917483799431,352.33197474343945,0.9979312834163133,0.9920153917926406,
2024-07-30,32.03977106640848,0.7546234773198488,1.0,24.0,6.0,1.0,1.0,1055.1511049540638,658.6181960376182,223.89934928486747,98.48497565581701,68.06406661146455,4.421304143185602,0.9330234301885246,352.2924079823993,0.9975531089073966,0.9808420670199289,
2024-07-31,33.75786312294392,0.6195268365266323,1.0,24.0,6.0,1.0,1.0,987.6139200392712,615.9112535708841,209.6528458206917,92.09300361795086,63.644069728528734,4.480863127683298,0.9478353407825613,339.678591737244,0.9874240329480141,0.9984369174311646,
2024-08-01,33.22836605056538,0.7051490581040387,1.0,24.0,6.0,1.0,1.0,1026.6524527333795,647.6304195952192,220.74199832428337,96.83011613997046,66.9152966041902,4.3268626906417875,0.9561019446366227,357.45938214860485,1.0016390248358493,0.9888672761197871,
2024-08-02,33.50300057612718,0.6929822969664415,1.0,24.0,6.0,1.0,1.0,1032.4965713457113,644.8171685368866,220.07235131048432,96.40350796392845,66.6179521722904,4.4515491218993635,0.9518944669912853,370.98644361619665,1.0008268185570461,0.9778286488796255,
2024-08-03,35.18490574633795,0.616225712756202,0.25,24.0,6.0,1.0,1.0,1003.1457810257048,626.3103755857642,214.03839741061972,93.63087611598884,64.69951676054305,4.492796932123124,0.9555861973453247,357.7772177261528,1.001972081289894,0.9926466623730171,
2024-08-04,34.711246792476096,0.5920149756592786,0.25,24.0,6.0,1.0,1.0,1002.4078640201651,612.3463427344337,209.54751972404384,91.53792994269772,63.25089724929262,4.392048212936153,0.9425103283949305,359.7927885075264,0.992078217190689,0.9818432584287771,
2024-08-05,35.75279688967919,0.7754850297111686,1.0,24.0,6.0,1.0,1.0,1085.9324892897507,697.9704106731378,239.16878256119514,104.33165143535986,72.08839967679525,4.408669652441046,0.9490215943459224,360.1370903064977,1.0065466464597617,0.9871567411716935,
2024-08-06,34.043397798776006,0.6960154357315282,1.0,24.0,6.0,1.0,1.0,1051.4075033708143,650.7427476868614,223.28531327716715,97.26562779322424,67.20352406172017,4.445522218772941,0.9523421723371069,365.7301487072996,1.0031513732913007,0.9873709686369806,
2024-08-07,33.47300952534509,0.6457093200117824,1.0,24.0,6.0,1.0,1.0,1002.6889633454787,625.0246600538356,214.74619321840845,93.41579050254555,64.54111248980124,4.450944586040912,0.943772737064386,367.7927770709361,1.0083062435295849,0.9854008900333043,
2024-08-08,34.117273207930964,0.7231301331113147,1.0,24.0,6.0,1.0,1.0,1062.6234976774042,662.8691030145433,228.05125570790238,99.06613275473303,68.44235727169307,4.498197129596553,0.9544526208532463,367.0004925824356,0.9807267810792407,0.9900247082590012,
2024-08-09,34.7530671070209,0.8243302639091769,1.0,24.0,6.0,1.0,1.0,1112.8413097823095,710.6513036478498,244.81575363068495,106.20048526644972,73.36850982355584,4.5093171891163495,0.9469722479600091,373.8328390248258,0.9895571373945776,0.9777340158953431,
2024-08-10,34.74850762744189,0.5548246693972793,0.25,24.0,6.0,1.0,1.0,956.9989568305647,597.3848487554154,206.07072071458643,89.26770646025808,61.66813705889311,4.429198505034069,0.9418305202342293,370.1634057322166,1.0114501711615373,0.9918307419890818,
2024-08-11,33.3082619305427,0.6206772312601369,0.25,24.0,6.0,1.0,1.0,990.7598031478652,613.4079625200159,211.88354592298165,91.65697678788864,63.31633185834581,4.475712679821972,0.9566150346567583,370.0227408925113,0.9826515417026599,0.9857357069129311,
2024-08-12,34.789361151004975,0.6696308023505868,1.0,24.0,6.0,1.0,1.0,1040.9203532267447,646.1056520545957,223.47513493973457,96.53716894358995,66.68504018885966,4.379130415248809,0.943963730916874,368.5895704646114,1.0038713168546227,0.9912526268975888,
2024-08-13,35.02420986928358,0.8633372753283506,1.0,24.0,6.0,1.0,1.0,1173.0181362124097,729.5424784437869,252.67393135778352,108.99714616495093,75.28917403944862,4.4635859211514095,0.9448848247566602,374.95522297368984,0.9878178081876803,0.9738325948331653,
2024-08-14,37.83916322960136,0.771958146543286,1.0,24.0,6.0,1.0,1.0,1143.6341455964794,714.1041515005331,247.65823778710217,106.68306433255,73.68788067284376,4.447588375080948,0.9541649485153447,384.09049473359215,1.0042516156693284,0.9808308331705251,
2024-08-15,37.13654237297935,0.8135709009272416,1.0,24.0,6.0,1.0,1.0,1157.9091167666684,725.9631712440354,252.11751504536298,108.44740813322292,74.90367269354495,4.455727067622247,0.9640238620718287,385.0418052978855,1.0015491573440145,0.9844059573909035,
2024-08-16,33.92482762002211,0.6637322539281599,1.0,24.0,6.0,1.0,1.0,1010.3330421019457,636.8576274529318,221.47470623969792,95.12986969956665,65.70283502130071,4.4719554892201305,0.9364258315204126,376.7548170097985,0.9941694553146,0.9960937501536882,
2024-08-17,34.666487674071604,0.6680663174610987,0.25,24.0,6.0,1.0,1.0,1028.5889152982086,644.7827232153387,224.53135533853214,96.3078819499028,66.51392782403182,4.300197583574628,0.9484261709163319,375.52288958539964,0.9950965933545622,0.9861131086910563,
2024-08-18,33.31606408090277,0.7960620037566958,0.25,24.0,6.0,1.0,1.0,1098.4152431379896,687.7041507306739,239.8009479624374,102.71259961205722,70.93458479099893,4.471720817436857,0.9329012971743086,377.9542337392474,0.9989126745447299,0.9829539061494565,
2024-08-19,34.42239351925352,0.7674294580181086,1.0,24.0,6.0,1.0,1.0,1080.6179819973581,684.7380283933198,239.08394770966154,102.26282395291769,70.62124903415886,4.46508218887484,0.9528289914082186,382.04397923684525,0.9831129285796777,0.9907299234954513,
2024-08-20,35.56719857391196,0.8091193584921391,1.0,24.0,6.0,1.0,1.0,1123.576237721077,711.6789966990859,248.8244923631787,106.27940051236448,73.3922269606449,4.445795270120758,0.9375034906755695,377.03543939027185,0.992166737787921,0.9854283132417292,
2024-08-21,36.69089377028272,0.7525807246635884,1.0,24.0,6.0,1.0,1.0,1110.7109669054864,697.1121045268145,244.06163099298487,104.09695967211415,71.88235421743722,4.460501450700278,0.9406982170916313,390.79861274208037,0.9964700125341049,0.9823465424877043,
2024-08-22,34.42251548227337,0.7921407590120431,1.0,24.0,6.0,1.0,1.0,1105.9989807019017,695.3560945865031,243.78055531720497,103.82790769028429,71.6938219462323,4.341481849476527,0.9461264911570356,384.52047992685135,0.9806203150088838,0.9832668424368946,
2024-08-23,34.56412096153709,0.7847536706331995,1.0,24.0,6.0,1.0,1.0,1102.9420192700509,693.4730472737965,243.44728783550644,103.53985354012528,71.49217091317202,4.512619728173664,0.9309357677643427,379.6057272429788,1.0013915057386147,0.9944294892965804,
2024-08-24,32.82214908161095,0.8364597875823941,0.25,24.0,6.0,1.0,1.0,1117.081233722059,701.1200156865775,246.46342184199423,104.67466557111463,72.2729600096291,4.3951204257359215,0.9483062442183535,375.8231988328034,0.983645336579437,0.9847003162860724,
2024-08-25,35.251599909362554,0.840852048870548,0.25,24.0,6.0,1.0,1.0,1175.1939362557055,722.8433463790244,254.43679069931815,107.91057067122533,74.50432284484633,4.405390344208314,0.9442744647041476,397.46796523033595,1.0073160439837818,0.9829098848606439,
2024-08-26,34.21789449082291,0.6486727455224175,1.0,24.0,6.0,1.0,1.0,1016.5838060142065,633.5667048020968,223.31379204264812,94.57624787883168,65.29542852796416,4.525198638677688,0.9318827937963484,398.3030462664592,0.9886508210070681,0.9868919198764795,
2024-08-27,34.901533288921186,0.6003696842196091,1.0,24.0,6.0,1.0,1.0,991.0044532124132,618.8577893898321,218.42444021272325,92.37508182603571,63.77333225782484,4.377314110248124,0.9358232760397485,395.3157442693655,1.0006577484139896,0.9854805111355043,
2024-08-28,34.52675947179216,0.8620964491946892,1.0,24.0,6.0,1.0,1.0,1166.6188132082245,726.0991984991118,256.6245397285717,108.37647954185404,74.81746385135494,4.458422608506909,0.9357850441219941,399.50466607171177,0.9995937343742018,1.0016174894815215,filter
2024-08-29,35.50605964688693,0.8786969236890977,1.0,24.0,6.0,1.0,1.0,1122.1769454054684,741.1550788465054,197.80639546830784,110.61597640475927,76.36053659149188,4.403559486100807,0.9487736626402367,153.39180291465507,0.9914974963521218,0.9837873948785233,
2024-08-30,33.54812154443812,0.703667113327479,1.0,24.0,6.0,1.0,1.0,995.2320447344111,651.5339603557393,173.9339196159667,97.23328156478406,67.11957481574062,4.3837512831252265,0.9397321105917942,152.00776321942348,1.0006220436019366,0.9825573437875331,
2024-08-31,33.93318949167415,0.6380836154539213,0.25,24.0,6.0,1.0,1.0,934.3231593775968,627.1067840675636,167.4614386923351,93.58207315429837,64.59670808370647,4.32573701945944,0.9331981082342875,149.09175779904578,0.9937429860198893,0.979062998721809,
2024-09-01,38.28300502154006,0.7962617208422663,0.25,24.0,6.0,1.0,1.0,1101.0165013485448,729.2936004596942,194.81010076848045,108.82486681593431,75.11548290264801,4.386290463528763,0.939246189399017,155.40865199965802,0.9986037360658602,0.9861552854014846,
2024-09-02,34.21527246605515,0.8641890394044988,1.0,24.0,6.0,1.0,1.0,1096.6848035373807,724.8191118248628,193.6795485692891,108.14977276739556,74.64663318164158,4.404225013225489,0.9449002978858249,154.04612239313047,0.9892241229421499,0.9862377524456493,
2024-09-03,34.47430475881498,0.9348267383501974,1.0,24.0,6.0,1.0,1.0,1129.5945517773794,756.7816230156482,202.28821028273765,112.91101772382073,77.92989644180317,4.438316491496638,0.948031562666492,152.38993214823074,1.0054685119681288,0.9807703836018619,
2024-09-04,38.02299942019252,0.8335339423198422,1.0,24.0,6.0,1.0,1.0,1131.3821420439456,743.1218902976401,198.70626474581948,110.8648902378106,76.51469260964289,4.424986891435053,0.9413826859569362,153.10739129905934,0.9952542283519608,0.990961421088972,
2024-09-05,39.331018993628085,0.7636171667248415,1.0,24.0,6.0,1.0,1.0,1114.5964758393866,724.40134437696,193.7742981407333,108.06442996844018,74.57904099050572,4.426592087618287,0.9481419384171408,152.11152185885769,0.9991732882394202,0.9813995678272303,
2024-09-06,34.46326533731085,0.7229414913546938,1.0,24.0,6.0,1.0,1.0,1025.4801761982635,667.6085498393194,178.6547191538674,99.58550423606053,68.72480360813483,4.543962364930839,0.9409415744560627,149.03668534694518,0.9913191186719028,0.9931561023761915,
2024-09-07,35.449417969119004,0.79625824835928,0.25,24.0,6.0,1.0,1.0,1079.479063189355,706.6370087972299,189.17550425058943,105.40066319843048,72.73511907285273,4.439598368202762,0.9493270387556741,155.59964174773393,1.0018439573831035,0.9912700627585224,
2024-09-08,36.32131275788652,0.7722636564073754,0.25,24.0,6.0,1.0,1.0,1084.7801386744493,703.7093862387088,188.47063562295483,104.9569668807113,72.42614540470477,4.4452654506794405,0.9484086363560733,154.14951311942806,0.9909754337210177,0.9958888755895784,
2024-09-09,38.00396463889818,0.7157743160679007,1.0,24.0,6.0,1.0,1.0,1056.5703279984018,693.6943963909405,185.86954308732214,103.45640614289078,71.38793561402136,4.468788737208186,0.9423848187891211,153.89614260631524,0.9946175127918916,0.994249160993999,
2024-09-10,34.76132697181164,0.9615671148944427,1.0,24.0,6.0,1.0,1.0,1177.487927432386,770.9632228602716,206.6680210872522,114.9727552993276,79.3315274427406,4.334974953946154,0.939698977604026,159.83906135662707,0.9932636701637833,0.9750697507170858,
2024-09-11,35.66519193312713,0.941078844233956,1.0,24.0,6.0,1.0,1.0,1189.1542022806752,769.78785083399,206.44534854937146,114.7889309795078,79.2015830635805,4.46193038639254,0.9406436622943537,155.22199538804765,1.0009851320218497,0.9824743644106375,
2024-09-12,36.904238064304344,0.8896595935285879,1.0,24.0,6.0,1.0,1.0,1164.3195853092282,758.2997666954302,203.45896733314595,113.0675007023358,78.01078633315639,4.454300899817234,0.9428651441521021,156.86048920193673,0.9934696652118284,0.9918248971825884,
2024-09-13,36.50299410111703,0.7255294601077165,1.0,24.0,6.0,1.0,1.0,1034.1257127889628,685.8584630806718,184.11152749295684,102.25865692273915,70.55049361361321,4.339195576930338,0.9455037833148334,158.4461670238732,0.997366537793527,0.9880139577741643,
2024-09-14,35.537660662612836,0.8679321722904516,0.25,24.0,6.0,1.0,1.0,1119.1362830046949,738.1325138458997,198.2438079480036,110.04547376016654,75.91989123400039,4.466978250847939,0.9404025596221657,156.25904988673912,0.9926273605683165,0.997514015736952,
2024-09-15,35.834162521258534,0.8509451161317373,0.25,24.0,6.0,1.0,1.0,1097.98012020554,733.4661519255931,197.08990781597066,109.34210672645595,75.43171455797457,4.451524456516297,0.9279676729294655,157.60784792763187,0.9918882559506408,0.973197834002916,
2024-09-16,34.34850454381525,0.8353342005302915,1.0,24.0,6.0,1.0,1.0,1090.9521945780252,714.821098661889,192.17930015774596,106.55517173423333,73.50624811981946,4.40463189258628,0.9246673120578444,160.32306458809086,1.0030252883510893,0.9942997819892789,
2024-09-17,35.71412668538373,0.8999704432843593,1.0,24.0,6.0,1.0,1.0,1149.3135367027949,753.3363957671199,202.64014680348546,112.28884607141138,77.45858365426353,4.427086801087947,0.9503117050807509,162.80469119620105,1.0012138919559608,0.9798836449058405,
2024-09-18,35.679751622572425,0.8508046890253236,1.0,24.0,6.0,1.0,1.0,1115.9614073838882,732.3840794889705,197.11000835870817,109.15795613740053,75.29591486665988,4.447797799769427,0.9265649756418302,160.40062857836253,1.007999522420212,0.9891959062370137,
2024-09-19,36.27542783236301,0.859065023110554,1.0,24.0,6.0,1.0,1.0,1141.6040096029544,740.8181168617565,199.48963271922116,110.40734782537629,76.15478138218297,4.4339991790756725,0.9394837646429391,160.6832436536079,0.9895570425032346,0.979676059886661,
2024-09-20,35.32576534651241,0.8506164173452868,1.0,24.0,6.0,1.0,1.0,1122.5190378327138,729.5705910960168,196.5715413497239,108.72346441142356,74.99039540385589,4.496968166201486,0.9324401671334074,162.5976341932371,0.9938931335609291,0.9873448870203657,
2024-09-21,36.55126635311191,0.8266384608997861,0.25,24.0,6.0,1.0,1.0,1114.5081347032544,729.5400714095215,196.6752995311477,108.71140442857003,74.97917293966474,4.476725264921645,0.9403729531897856,164.1767318053631,0.99624533556995,0.9889878127760259,
2024-09-22,37.191871293662984,0.6563087801491163,0.25,24.0,6.0,1.0,1.0,1000.3105368446219,662.9204370471375,178.82035506923114,98.7773976984771,68.12497294514857,4.538356483477103,0.943142955122461,163.0194780311615,0.9847916187966995,0.9803962561454422,
2024-09-23,36.15225237090704,0.8052212795230539,1.0,24.0,6.0,1.0,1.0,1103.9909175809682,717.3824835395021,193.6291596373662,106.88594200205006,73.71449552286246,4.438832816940229,0.9250990722395204,164.34399432957866,0.9911297853836039,0.9935651465513602,
2024-09-24,36.37490563495095,0.7534816980722943,1.0,24.0,6.0,1.0,1.0,1060.4624264456002,697.4234541999128,188.3561342851861,103.90516831684204,71.65602642969637,4.4342985014792005,0.948204069722167,160.1708375432209,0.9884379786453612,0.9840228878622125,
2024-09-25,36.00158486504762,0.6949469425868348,1.0,24.0,6.0,1.0,1.0,1027.5439211258517,669.71478538821,180.98484164403058,99.77053750249048,68.80202859490863,4.352623516648875,0.9266766011945301,164.91086756969446,0.9907514634199753,0.9828282640347261,
2024-09-26,35.920844403336076,0.9311486066137681,1.0,24.0,6.0,1.0,1.0,1151.7986297999496,768.9155090717628,207.92401596266888,114.54184995907961,78.98535882583985,4.387066309478805,0.939021852562005,165.72676195080274,0.9897352171201327,0.9949053498129891,
2024-09-27,35.03576740949539,0.9341040722600054,1.0,24.0,6.0,1.0,1.0,1154.6481572386451,763.0122608609198,206.45714027196837,113.6541549874946,78.37016136006037,4.386667164725596,0.9504801239630826,164.52077982843667,0.9910302059187893,0.9841537566002998,
2024-09-28,36.26027897786784,0.9036156136176435,0.25,24.0,6.0,1.0,1.0,1170.900610432592,760.2290093552377,205.83397910708678,113.2313342224319,78.07555197241471,4.500557433408968,0.9326514515899765,164.45411240478498,0.9948485748270713,0.9792032650850485,
2024-09-29,35.74055192342224,0.814301180842117,0.25,24.0,6.0,1.0,1.0,1093.1126533917982,718.3143859299947,194.6116672603053,106.98071586377537,73.76273486422257,4.4228436545484655,0.9472032976089876,168.12065736696644,0.9923339203179314,0.9837292858313487,
2024-09-30,38.343875825143286,0.9008531748659231,1.0,24.0,6.0,1.0,1.0,1188.6783105201018,776.2720344887427,210.45273312912323,115.6047363993781,79.70588348230143,4.391334856516645,0.9429222299053307,165.4873819196716,0.9885020919892317,0.9793010817633087,
2024-10-01,37.69285325937372,0.7925997134368645,1.0,24.0,6.0,1.0,1.0,1118.9626405549168,725.2704545230225,196.75921908043594,108.00155569011326,74.46082430103387,4.413903936425864,0.9506724093713389,165.0198361771024,0.9960096742179839,0.9990568840143247,
2024-10-02,36.238580344236254,0.8066051170590416,1.0,24.0,6.0,1.0,1.0,1085.0496155163476,719.3684110641398,195.2925425354639,107.11545979385596,73.84706956952087,4.321324535549717,0.9478782298994423,164.83067568289516,0.9941362870968649,0.9814170836116541,
2024-10-03,34.82862518831532,0.7015634549322859,1.0,24.0,6.0,1.0,1.0,1013.3143214777764,663.4924609729526,180.24755564753448,98.78877794549015,68.10389910224607,4.371421606156629,0.9367330057584992,168.63047684139215,0.9882321043245642,0.9807046306262804,
2024-10-04,34.37613095253098,0.8193746494560961,1.0,24.0,6.0,1.0,1.0,1077.6209023495576,709.6727207810859,192.92702667642288,105.65817344151337,72.8368097865206,4.345887193888145,0.9347815699158073,168.39969028690888,0.9918511739816778,0.9832004233214013,
2024-10-05,37.10513852011976,0.790935173263087,0.25,24.0,6.0,1.0,1.0,1096.8371549075816,720.0579189615836,195.88615092979506,107.19719884875022,73.89490287651859,4.386739701945255,0.9429982727507075,172.33830433118143,0.9914517865371745,0.9876327490639732,
2024-10-06,35.953830130261764,0.6802963046568943,0.25,24.0,6.0,1.0,1.0,1009.219302095722,663.914364111829,180.74269829796688,98.83233430874367,68.1260769315291,4.440751566588879,0.9494222889579612,170.62080461175472,0.9836304621019248,0.9874103747408443,
2024-10-07,36.175500087802874,0.7787325740717985,1.0,24.0,6.0,1.0,1.0,1090.3796012873959,707.4324721697157,192.7299115443536,105.30416635176594,72.58441378847048,4.409444238481204,0.945014775074286,168.1949500068464,0.9853353468331404,0.9855246178506375,
2024-10-08,33.464666239698985,0.7746860387800847,1.0,24.0,6.0,1.0,1.0,1024.2880597790795,683.5986001056526,186.37281749511732,101.74971566136998,70.13169372440282,4.408311582350222,0.9470615726896751,165.70069795645338,0.986551905424023,0.9785555560156812,
2024-10-09,36.62799369513567,0.923022072642965,1.0,24.0,6.0,1.0,1.0,1176.5887705723346,772.3296974160969,210.71612657839643,114.94947251833246,79.22667265661865,4.401468551431687,0.9477665149233379,173.66427376270823,0.9971259440881519,0.9854752173262505,
2024-10-10,36.01533946120889,0.8488242829390007,1.0,24.0,6.0,1.0,1.0,1125.9170386152261,736.0037607168138,200.95418534420375,109.5349357573922,75.4918590269681,4.374960037538131,0.9435567609008574,168.99493903709305,0.9991417848692373,0.9915834890822847,
2024-10-11,34.09056856111838,0.7761907229451354,1.0,24.0,6.0,1.0,1.0,1053.4529609287854,689.5818676444355,188.42051252653494,102.61917976977577,70.72275496715832,4.41116428246395,0.939990499050938,165.10863356807005,0.9959490144194939,0.9838686363592483,
2024-10-12,34.808402641719574,0.7930843738123514,0.25,24.0,6.0,1.0,1.0,1070.9407712066318,702.6823494116277,192.1437996731149,104.56198320995874,72.0589200425005,4.4578254836091125,0.9362937866646006,170.19972310305943,0.9932900280664251,0.9848994508986746,
2024-10-13,35.63995126150061,0.7745437309457411,0.25,24.0,6.0,1.0,1.0,1071.260544004597,701.7200917758728,192.0264008406435,104.41195528956479,71.9527569827057,4.428769665804149,0.944506227155274,170.98754716025374,0.9951688327979844,0.9920818080703503,
2024-10-14,35.33383519317186,0.7525186684368288,1.0,24.0,6.0,1.0,1.0,1034.9652794623348,689.961442407533,188.95456245479235,102.65565779695864,70.73973177242273,4.42954238411087,0.9321959708695688,173.51727498893771,0.988711356184798,0.9834231874388232,
2024-10-15,34.865795835442185,0.679823020997785,1.0,24.0,6.0,1.0,1.0,1018.1712837830812,655.4214840177825,179.6352342240217,97.5104217839327,67.19158761307531,4.35278634428729,0.9276857947919921,171.73970468015224,1.0043989488687923,0.9816561780818048,
2024-10-16,35.0358995061356,0.7519195109835063,1.0,24.0,6.0,1.0,1.0,1048.423326113699,687.4044400164545,188.54926279439545,102.26255154448782,70.46346236183808,4.398330714271397,0.92924455938284,175.21657534073216,1.0087453502789427,0.9925711822921726,
2024-10-17,34.79957137711699,0.7018240350805955,1.0,24.0,6.0,1.0,1.0,1005.0732439072359,664.3257179186601,182.36316508022279,98.82293600699961,68.09080307927613,4.453872829553954,0.929957264032998,171.81659931999596,1.0001513739546835,0.9911630953461275,
2024-10-18,35.22506991087234,0.6589173953011216,1.0,24.0,6.0,1.0,1.0,1001.8919859588626,649.7092755036209,178.4933687318297,96.6427455317315,66.58607368120146,4.394452569809402,0.9348054707249506,179.20091454769326,0.9963930901244017,0.9819495307722299,
2024-10-19,36.74604555584058,0.7971943960887508,0.25,24.0,6.0,1.0,1.0,1083.872719425449,720.8020760576087,198.18515437382635,107.21129213803773,73.86491505715787,4.425254003633403,0.9440055970513017,174.70821404183076,0.9978553610806593,0.9861947691741164,
2024-10-20,31.836753272353885,0.7848758900005779,0.25,24.0,6.0,1.0,1.0,1038.4342077800977,675.4143558330686,185.85819927958886,100.45368366031457,69.20648637480235,4.46528274523361,0.9305909203271505,174.2823654916619,0.9908509644036092,0.9894494102744734,
2024-10-21,34.56725803851884,0.6078410429161448,1.0,24.0,6.0,1.0,1.0,945.4460456424264,622.8775977837257,171.53760892771055,92.63407995133348,63.816798014916515,4.382081352255645,0.9220208202613569,184.0169524305275,0.9989450102907617,0.9887072697616164,
2024-10-22,34.996294296714304,0.7380914886175627,1.0,24.0,6.0,1.0,1.0,1050.3816634844395,681.6335006535659,187.87432483550933,101.36652631232738,69.83005781524224,4.449314729737445,0.9337011060293453,179.57055404870786,0.991457966286706,0.9996814106341825,
2024-10-23,35.07095914774593,0.8246175263057687,1.0,24.0,6.0,1.0,1.0,1103.425456128893,718.9743505503603,198.33115874739036,106.91282019237087,73.64800632577695,4.393980536451135,0.9388803683273022,177.99006051944738,1.0029682574779868,0.9801829681428719,
2024-10-24,34.19906212666107,0.8266818830079891,1.0,24.0,6.0,1.0,1.0,1093.5591262886112,712.7743856063034,196.7848980523986,105.98378239474242,73.00520590894203,4.47492110043816,0.9381375174512153,181.71141284399778,0.9940471590054547,0.9837149649088007,
2024-10-25,32.46521390750401,0.8209218065656039,1.0,24.0,6.0,1.0,1.0,1057.5954315979466,696.1872631041193,192.36584057676345,103.51052671908846,71.29878608725059,4.394402431718246,0.9461889972718854,181.8819784620759,0.9892837015282885,0.9809618953559477,
2024-10-26,34.893143566007936,0.7388080130757312,0.25,24.0,6.0,1.0,1.0,1051.8830880418896,681.3744701924899,188.42888409153574,101.30151858795821,69.7745083629334,4.453888133870764,0.939173420507182,182.19161354831334,0.9973767574433736,0.9801726337824396,
2024-10-27,36.497008546566306,0.6648615861725801,0.25,24.0,6.0,1.0,1.0,1010.7521563389104,663.2579953482115,183.57589638537155,98.60192489977956,67.91248001900568,4.469321560981106,0.9413881447203477,180.93263494223405,0.9888427329467013,0.984576162972821,
2024-10-28,32.50658660363444,0.642470677648518,1.0,24.0,6.0,1.0,1.0,966.3256524536232,621.0917805661571,172.05595285744468,92.32783512632759,63.58876015699861,4.316198530131404,0.9368031005090092,180.58570486213915,0.9901494621946377,0.9817457040456424,
2024-10-29,35.305261409161886,0.7533684406396312,1.0,24.0,6.0,1.0,1.0,1052.0311511180157,691.1287408466487,191.62159058257774,102.73329321570198,70.75260990745598,4.3893036732915816,0.9346493502266287,183.64111571291826,0.9851985390707929,0.9884634911745633,
2024-10-30,33.7943238081927,0.7527090060037919,1.0,24.0,6.0,1.0,1.0,1044.6474905369114,678.5205482724164,188.29068039994007,100.85273733361959,69.45480285944645,4.462132410491971,0.9229439307776318,186.71890776163997,0.9979385126184744,0.9777349354843705,
2024-10-31,34.03331366361079,0.8218537551543514,1.0,24.0,6.0,1.0,1.0,1085.2854227757045,709.8697456621624,197.16175017338992,105.50575800719903,72.65643645113191,4.411112624749715,0.9480979952869889,192.02735048049027,0.9839695989166711,0.9985052263367294,
2024-11-01,32.760260182886995,0.8033014461301553,1.0,24.0,6.0,1.0,1.0,1048.3080450992131,691.6275210829299,192.26319453706787,102.78768537507479,70.78190131567382,4.469088744108569,0.9414438180216486,184.6014395556033,0.9968235894717714,0.9831115524380891,
2024-11-02,33.5377378639232,0.7010967905096597,0.25,24.0,6.0,1.0,1.0,1006.7414153162975,654.7342322695974,182.16613968929005,97.29844279727153,66.99930051381472,4.429171294507681,0.9429937571033624,188.37122661948936,0.9928683662626246,0.9901775520546615,
2024-11-03,35.413022101847595,0.6084478977572237,0.25,24.0,6.0,1.0,1.0,970.6933112191927,630.895873816337,175.68963620756597,93.75026421848811,64.5535773282155,4.455576687246076,0.9289588647982722,185.96424874465166,0.9904715214776724,0.980006683811523,
2024-11-04,34.464600156724366,0.678703495082233,1.0,24.0,6.0,1.0,1.0,1006.6668259734072,652.9707687657275,182.00298696056572,97.02508174236745,66.8059958182174,4.468364994475511,0.9326414583793139,193.78318969687572,1.002004830591274,0.9850701585716181,
2024-11-05,35.75522097598667,0.717797654848902,1.0,24.0,6.0,1.0,1.0,1032.4219717793221,680.2169880029691,189.76948937198912,101.06760827952317,69.58680384027116,4.499974111903859,0.9332161645882426,190.855839692577,0.9918070187152481,0.9783450762621052,
2024-11-06,34.998988767236824,0.6803802475315732,1.0,24.0,6.0,1.0,1.0,992.4270000739564,658.1994728265561,183.79610412399882,97.79016411920524,67.32765330734921,4.449859770818073,0.9276903209009058,200.07168792553708,0.9873433832594539,0.9761383941844375,
2024-11-07,34.021287007371434,0.6463848853247566,1.0,24.0,6.0,1.0,1.0,978.1072266813815,635.8092160470903,177.70767912604285,94.45795924282744,65.03098510928645,4.49720777805619,0.933894872365893,193.73922331487302,0.9828142905026788,0.9795231379580107,
2024-11-08,35.494061133572195,0.7088596295763422,1.0,24.0,6.0,1.0,1.0,1021.6084203540007,674.4784421824819,188.68958518062018,100.19703100646039,68.9795192758139,4.315589362596579,0.9341597463591969,186.39767385412085,0.9859106975883434,0.980314006842987,
2024-11-09,33.83378399022925,0.6442687606761495,0.25,24.0,6.0,1.0,1.0,961.4565322156617,633.4947859928724,177.39001361342326,94.10294820373923,64.78164276513746,4.436856876448915,0.9354373462750367,196.29472847973054,0.9982683603852804,0.9901779513009614,
2024-11-10,34.20495425473093,0.6302419322694468,0.25,24.0,6.0,1.0,1.0,965.5493363589246,630.6506198693277,176.75814060986608,93.67509844535347,64.48466143446798,4.431780479995563,0.9368481573856254,194.91630682340323,0.9914013842926822,0.9814475448635135,
2024-11-11,32.75861162180566,0.7012518024320171,1.0,24.0,6.0,1.0,1.0,985.6004839993185,648.9700142555679,182.06375042035052,96.39074131883355,66.3515619878663,4.4378898499953054,0.9322033592509765,193.37260772880603,0.989808633722827,0.9762302598380532,
2024-11-12,33.09626085436132,0.6399722739609609,1.0,24.0,6.0,1.0,1.0,968.2245753076346,625.7927991921498,175.72496366018888,92.94274323535468,63.975655807569204,4.419561805117025,0.9263370014339067,198.502008260496,0.9904031320109593,0.9750360091034376,
2024-11-13,32.08021624891091,0.6874051298413211,1.0,24.0,6.0,1.0,1.0,986.9517260289816,637.6410711219886,179.22057554208257,94.69709218852066,65.1807642841985,4.386790584945342,0.929598875150645,197.05986796281724,1.000544939059412,0.9834153306723014,
2024-11-14,34.00418379129838,0.6854284533903651,1.0,24.0,6.0,1.0,1.0,987.9366479128199,652.6747946936373,183.6177871110754,96.92412810772714,66.71110926183249,4.443912178656786,0.9289029841916742,203.35109859136813,0.993713208500116,0.9700739325396256,
2024-11-15,31.301145989395692,0.5680646943612541,1.0,24.0,6.0,1.0,1.0,893.3527877157452,580.6834888960972,163.52057472747137,86.2281040042491,59.34697036637082,4.517965313750484,0.9441476005919618,204.0352704567318,0.9876273409940655,0.988603292274842,
2024-11-16,33.55125714801216,0.6163194273955228,0.25,24.0,6.0,1.0,1.0,942.5355478254821,619.7241242346402,174.67943354961835,92.02061628529486,63.33131915329591,4.4266864610468835,0.9227777883561473,197.47067698394693,0.9896631868417248,0.9884859326869359,
2024-11-17,32.279911425114236,0.7653946992270497,0.25,24.0,6.0,1.0,1.0,1039.0408228683934,672.6472038332362,189.77975032469647,99.87342195021441,68.73325554354992,4.429321311764075,0.9220773719477356,199.29887522389785,0.9892342818564956,0.9882782207225236,
2024-11-18,33.809405461921614,0.552915451113864,1.0,24.0,6.0,1.0,1.0,923.9990540105182,595.0344840763324,168.04213977654717,88.3441504631108,60.79643116635586,4.470459169222861,0.9263831604713608,192.80507791524414,0.9831354377283164,0.9914959996985551,
2024-11-19,33.199159340194555,0.4720154963845167,1.0,24.0,6.0,1.0,1.0,848.0529775801699,555.703681957566,157.0886771430906,82.50040148386022,56.77276638885146,4.374588282070579,0.944140621261103,205.7470775550747,0.9938035692368873,0.9813428010850876,
2024-11-20,34.376122243735374,0.48782439579313674,1.0,24.0,6.0,1.0,1.0,876.1049985316604,572.1455243341711,161.89570551283205,84.93725935062852,58.44752146215985,4.426255420190695,0.9437068795223905,204.04829723628742,0.9979741232762207,0.989933503369995,
2024-11-21,32.960561119819836,0.634484431031282,1.0,24.0,6.0,1.0,1.0,943.6808533239572,622.8676119180765,176.42396116340046,92.462544605318,63.623495647406315,4.454069051962046,0.9294686554048199,195.93918250661164,0.980945707257687,0.9769954295513162,
2024-11-22,30.08855407300299,0.6299734842334822,1.0,24.0,6.0,1.0,1.0,921.7656227493547,597.3891055883656,169.37367188152746,88.67537835648017,61.01523463705564,4.41996455284789,0.9329131411905146,210.46380712997478,0.9860550540042563,0.9828012602576561,
2024-11-23,31.785147904231508,0.6133979192106767,0.25,24.0,6.0,1.0,1.0,930.3384002938409,604.3547321882359,171.51384211672212,89.70447682744698,61.720993933297834,4.374799229780089,0.9316255919996088,200.39234220397208,1.0020139839969118,0.9789059833111403,
2024-11-24,30.348723305481485,0.7152122693112201,0.25,24.0,6.0,1.0,1.0,996.1234712796743,635.8657627847607,180.63403300207102,94.37653378034601,64.9331400647114,4.411933288464583,0.938950293495038,206.01123350926045,0.993412951830816,0.9794444857043534,
2024-11-25,31.022019945588223,0.39948563491295447,1.0,24.0,6.0,1.0,1.0,779.7852550372372,507.26942409857025,144.24282134522116,75.28559699026663,51.796173309516334,4.430346057883215,0.9253187147573815,206.63818137805467,0.9899466008110407,0.9964124841364485,
2024-11-26,33.34547023504044,0.6401888291733961,1.0,24.0,6.0,1.0,1.0,964.3119086180723,628.74288168007,178.96213435968366,93.30981009387541,64.19439018355936,4.495219107776205,0.9295940603074755,208.6944835352356,0.985694414230898,0.980178562525552,
2024-11-27,32.18432676177237,0.7285987499455059,1.0,24.0,6.0,1.0,1.0,1010.6129498372687,656.8326733105139,187.14587962815784,97.47302996318068,67.05602022752376,4.4972262534595195,0.9325791435845625,213.09941703038663,0.9973788280896468,0.9923738845786424,
2024-11-28,30.467142861277217,0.5086000834760219,1.0,24.0,6.0,1.0,1.0,842.8530057221911,549.2328058028415,156.64450398904415,81.5004744770239,56.06564362633222,4.539657591179811,0.9271806779474312,207.23248024331443,0.9863332041202283,0.9964847511142408,
2024-11-29,29.975288446822308,0.5635475913375564,1.0,24.0,6.0,1.0,1.0,881.8380794203968,568.7989352470863,162.38691569099876,84.39978729208265,58.05796546404996,4.395254958599797,0.9399779533643281,212.68255924768152,1.0052549300743112,0.9735769511583261,
2024-11-30,31.116328246365946,0.5287824924037575,0.25,24.0,6.0,1.0,1.0,862.6237487838995,563.2537491102469,160.96399913991283,83.57272571961184,57.486875897270465,4.388322048232083,0.9158652644942239,214.74215103882224,0.9919102591895591,0.9870272512237829,
2024-12-01,29.50174254713716,0.5125215188735625,0.25,24.0,6.0,1.0,1.0,864.3609825219953,547.199129481093,156.5341230914634,81.18657668703008,55.84343391911262,4.393975610174425,0.9273055124911067,212.63936259074822,0.9993949098655021,0.9792883957964421,
2024-12-02,30.040290116220152,0.5529986874165589,1.0,24.0,6.0,1.0,1.0,861.6396420262532,564.7927165194525,161.72969757949042,83.79285716712793,57.63398673150359,4.4685311649127435,0.9331416003547843,206.60175108487442,0.9861930911498014,0.9914435250498586,
2024-12-03,31.103566629228045,0.688305476839041,1.0,24.0,6.0,1.0,1.0,974.1114865434664,631.1473813992712,180.9128250349186,93.63254361512247,64.39945366336595,4.372061465024263,0.9289360191994201,214.0631657220279,0.9978709822822744,0.9745486020416776,
2024-12-04,31.99851413494232,0.7160826351081853,1.0,24.0,6.0,1.0,1.0,991.4393865083333,650.3918687540787,186.61828618444432,96.48198471946809,66.3567382370468,4.426722874222507,0.9293332685077498,216.75786763791083,0.9861439587862606,0.984623869640821,
2024-12-05,31.225160174747902,0.537181136628727,1.0,24.0,6.0,1.0,1.0,884.2267219518452,567.9784000627378,163.13826401523727,84.25142580362046,57.942795876474996,4.4378923350662465,0.930981237394314,215.50840880054122,0.9884839748808966,0.9820565480993123,
2024-12-06,27.627162818237313,0.7114066840632306,1.0,24.0,6.0,1.0,1.0,984.6238129309318,632.0655739607687,181.73300083809588,93.75312951491894,64.4750500883442,4.405680999215915,0.9232091008335183,215.1214458713494,0.9946452587786414,0.9802424184074942,
2024-12-07,30.62360617491525,0.5567760938764387,0.25,24.0,6.0,1.0,1.0,883.8424496330888,571.4655980296018,164.47625080921767,84.75965630247173,58.28791166116625,4.439521073272206,0.9363104857332524,222.26631569448585,0.9993714598744349,0.9768997779873388,
2024-12-08,30.226089378448712,0.6891373860176417,0.25,24.0,6.0,1.0,1.0,951.806262312161,624.5669634956088,179.94522887826218,92.63093677299025,63.69847763106257,4.407694178836985,0.926223888850033,214.79453171907952,0.9907905106235028,0.97957281312732,
2024-12-09,30.517262720886357,0.5362758671036831,1.0,24.0,6.0,1.0,1.0,857.9790176068474,561.9699160124762,162.07641398491037,83.34229168922856,57.308873317844395,4.394841712862276,0.9382136866149748,220.08907358947013,1.0081438725783483,0.9833372014424065,
2024-12-10,31.840688860149516,0.5491090793194658,1.0,24.0,6.0,1.0,1.0,887.2155461945399,578.3829832050841,166.98355843105858,85.7721496127793,58.977512684990415,4.411645056006818,0.9312400144931603,221.78551036242206,1.00577648379614,0.9773132914058432,
2024-12-11,27.305727117686175,0.5627356599479353,1.0,24.0,6.0,1.0,1.0,884.5379632761587,569.0699417824875,164.468079244607,84.38675402554642,58.0227276417404,4.422286364060191,0.9175350968794903,223.83264491561198,1.000941622787545,0.9772067400558025,
2024-12-12,28.952433138491067,0.7826693192945625,1.0,24.0,6.0,1.0,1.0,1020.2348620113877,662.743195021816,191.74053229681772,98.2726249142897,67.56784845738402,4.3198315181489475,0.9197380495549039,225.68519735070512,0.9905939207240754,0.9756870880899547,
2024-12-13,30.25079294198627,0.591318789757622,1.0,24.0,6.0,1.0,1.0,900.6466814928684,583.4110237194748,168.9632618176162,86.5038907644439,59.47390154674927,4.383356969699201,0.9254616721078937,225.58808162162947,0.9864371271723438,0.9768483477595201,
2024-12-14,27.52357966221582,0.4614828208136208,0.25,24.0,6.0,1.0,1.0,811.8197457871947,526.1162014181856,152.52981695092487,78.00457307328446,53.62835442331115,4.462183297461875,0.9380395845580047,221.80612033434875,0.9989357579764327,0.977525854398483,
2024-12-15,31.072294488695928,0.5904264995234277,0.25,24.0,6.0,1.0,1.0,926.9497520448188,589.9014172066453,171.20320718321582,87.45779673606826,60.12523744982135,4.350743733104831,0.9385963481515376,222.75509411882808,1.005335731424318,0.9855946769600966,
2024-12-16,29.62275701683072,0.47879892910139255,1.0,24.0,6.0,1.0,1.0,811.9261228620167,533.5805500837735,155.02225487202873,79.1036096772963,54.37987352300045,4.382973173820314,0.9344078915850497,229.47903534690568,0.9929029326169434,0.9823363274521718,
2024-12-17,30.076149761232905,0.4634020844345098,1.0,24.0,6.0,1.0,1.0,820.7578025268307,527.6956258383559,153.47549009845184,78.22753999968891,53.77561626389337,4.417463952486041,0.9188823544536919,224.082661228316,0.9947134916225318,0.9891985091574677,
2024-12-18,28.25461862795303,0.5701060097247626,1.0,24.0,6.0,1.0,1.0,898.6366040602031,572.5585946320597,166.7012849415627,84.87429942290561,58.34260082205469,4.451619364930445,0.9305109204961672,230.3490439976172,0.9893263396278364,0.981097287600557,
2024-12-19,29.795787346369526,0.4947413149535525,1.0,24.0,6.0,1.0,1.0,824.9935396176136,540.5068847596687,157.53713363372574,80.11905536862974,55.07177306898418,4.344145691380739,0.930734168781379,229.37162588096007,0.9973859437070984,0.9851807394756734,
2024-12-20,29.981010236155136,0.5093794032595854,1.0,24.0,6.0,1.0,1.0,845.5068001462421,546.7882039413502,159.53877705491678,81.04631033527046,55.70706610146601,4.439562131870275,0.9278251393987885,231.1061042729186,0.9889479442585138,0.9841046833088963,
2024-12-21,28.857960682604052,0.48305483453948556,0.25,24.0,6.0,1.0,1.0,832.7038792121532,535.6199085898078,156.44810133637455,79.38711261409712,54.56457981901368,4.374536767563067,0.9284108259197137,228.4784544310606,0.9901255232263951,0.9752625052622111,
2024-12-22,28.739575716604193,0.5037107063583959,0.25,24.0,6.0,1.0,1.0,852.4818208733212,544.4651953025196,159.20342795886998,80.69440370431161,55.46104465595438,4.466246249552407,0.9319011989055102,238.44300321376792,0.9921232775748111,0.999713740585693,
2024-12-23,28.662654638417678,0.5056362468497322,1.0,24.0,6.0,1.0,1.0,839.0491889461476,545.3315624474036,159.6292955400922,80.81901199900574,55.54461311327838,4.423230415971124,0.9248435814187956,233.85036332653624,0.998218656884763,0.9811455266081783,
2024-12-24,27.182372632460883,0.31154494324705845,1.0,24.0,6.0,1.0,1.0,731.7014304899543,462.6688719558418,135.57926235607837,68.56504716993562,47.12105053692235,4.422255402222363,0.9296876991092866,230.33110754470354,0.995720626363614,0.9809904079543661,
2024-12-25,27.92172834154351,0.5147013602529885,1.0,24.0,6.0,1.0,1.0,841.6706573382107,549.280860330675,161.13668514788273,81.39747011804621,55.9380390349797,4.368410259608246,0.9474031205273871,233.5555735797434,0.9845320970425171,0.9776312303174297,
2024-12-26,27.796378582618047,0.3776986873376136,1.0,24.0,6.0,1.0,1.0,757.3392080756852,490.9366486417596,144.17804207096933,72.74807272726602,49.99212303045243,4.438297377146705,0.9315771548049346,237.84286318375501,0.9893595931814885,0.9837126399892633,
2024-12-27,28.320423546654578,0.33577396527369213,1.0,24.0,6.0,1.0,1.0,721.7139695748307,473.1048509447087,139.09423816992185,70.1028850084276,48.172590092878245,4.376474116352549,0.920544929305758,232.21327850116364,0.9995321883162595,0.9857271788516798,
2024-12-28,28.94142299621342,0.44139712477363674,0.25,24.0,6.0,1.0,1.0,809.9741261752773,518.1639544411759,152.51028123173893,76.77660158740532,52.75663521517584,4.411231030172519,0.9330108138962763,231.13396961078354,0.9983216301851825,0.9826784946902566,
2024-12-29,26.353046473070876,0.4477166133270835,0.25,24.0,6.0,1.0,1.0,810.8653462573948,520.8999726149739,153.48477480574417,77.17860181678977,53.030901018395426,4.429137009729178,0.9198158841650077,233.0313050547659,0.9889231681212389,0.9849260250227312,
2024-12-30,27.355342755537933,0.3804632322022788,1.0,24.0,6.0,1.0,1.0,767.4250264864029,492.2692541465414,145.2093207460092,72.93343316451956,50.1121042775789,4.3365421202492005,0.9197490638007277,236.77676729212644,0.9910250007802389,0.9735408366119288,
2024-12-31,29.165606965576483,0.49739084754425433,1.0,24.0,6.0,1.0,1.0,823.5540595133536,542.1612262625941,160.10451180117937,80.32207632756092,55.18676278342064,4.365325135375255,0.9275571336878253,236.10628575228807,0.9924520529179809,0.9877603116569155,
2025-01-01,26.49555443381064,0.3235342856211438,1.0,24.0,6.0,1.0,1.0,710.4195194693002,468.0739270121193,138.37932127969083,69.34268055566741,47.64138799595765,4.397756939711788,0.934400525358389,239.8414328233084,0.989711523942588,0.9883414400286382,
2025-01-02,26.284144715885066,0.39333784595391463,1.0,24.0,6.0,1.0,1.0,766.5934808952904,497.8749913844355,147.35482921553563,73.7548185706348,50.6708625143999,4.467006132274871,0.9298788365950286,241.10583115541613,0.9959762666533087,0.9833408314939477,
2025-01-03,27.397108981101383,0.3741104213869578,1.0,24.0,6.0,1.0,1.0,767.4035538889842,489.71351734889845,145.10194935804412,72.54286668382292,49.83639228819398,4.379457212375373,0.9268958070854623,243.12767910453638,0.9973016286065276,0.9753808266825781,
2025-01-04,28.051647502187873,0.41220381581308807,0.25,24.0,6.0,1.0,1.0,792.7051727687889,505.9978889320793,150.09573411687455,74.95213363116841,51.48964560628803,4.433024006508491,0.9167224288892333,248.78456495020362,1.0064058143196004,0.9872805778661895,
2025-01-05,26.936721531758355,0.43329529698973185,0.25,24.0,6.0,1.0,1.0,810.9445694258031,515.0340810346146,152.9481907811071,76.28743404846233,52.40501588935437,4.412755586031214,0.9140604483885957,238.57590246719488,0.9946016424487211,0.9778596021693112,
2025-01-06,28.403003421973597,0.32543645174936836,1.0,24.0,6.0,1.0,1.0,716.5741438202622,469.06597696562443,139.4543480402501,69.4756395917386,47.723942005922595,4.404805558918012,0.9308246258373882,241.00504072203248,0.990395016393439,0.9901987470389538,
2025-01-07,27.722293403508118,0.45912006952913914,1.0,24.0,6.0,1.0,1.0,803.4253194591743,526.1303002727653,156.59734706738135,77.9247449036768,53.52581101756464,4.454023378646868,0.922567686800529,249.4135273122688,0.9995959068585725,0.985637348492811,
2025-01-08,27.59089789157294,0.4013564956655559,1.0,24.0,6.0,1.0,1.0,785.3614874259848,501.52914220533705,149.44406076303946,74.27781652358435,51.01887191188513,4.346983946537434,0.9342972355237051,245.2288257627679,0.9945919117858824,0.982756876783328,
2025-01-09,27.132943686480537,0.24013018051611687,1.0,24.0,6.0,1.0,1.0,674.8489336095745,432.77839177442826,129.10466249413503,64.09300391791596,44.021649834399476,4.425606553162413,0.919687637419959,244.37700413574663,0.9982310435674192,0.9822942913001174,
2025-01-10,29.14922796398755,0.23000029520704807,1.0,24.0,6.0,1.0,1.0,674.9881589498931,428.48610374135365,127.971058508791,63.45521547818438,43.58201281198589,4.405320286490316,0.9154321179059676,254.0818392684952,0.9908148550759945,0.9831780836580346,
2025-01-11,25.998674036765482,0.38093737356871504,0.25,24.0,6.0,1.0,1.0,756.9644161477141,492.9249997534333,147.3857279183899,72.99560074780385,50.132682012882235,4.494553755279318,0.9192502656601576,250.20782487497686,0.9936499271859229,0.9746997926066701,
2025-01-12,23.730281537810832,0.3595158269324053,0.25,24.0,6.0,1.0,1.0,752.8030102045989,483.8207097883582,144.82955939008187,71.6445588514165,49.2029868888664,4.492730716343877,0.9220028442889211,254.0092268100125,0.9766165970075266,0.9808639260227948,
2025-01-13,27.95010285403369,0.36422628892316306,1.0,24.0,6.0,1.0,1.0,749.6984513386485,485.8668784523351,145.60969577233783,71.94487903397224,49.407420939265286,4.36408710749606,0.9335361550840485,252.30711507774114,0.9919282836634272,0.9788367514990788,
2025-01-14,25.367129192398345,0.36560576817243406,1.0,24.0,6.0,1.0,1.0,734.7919374735097,486.4927659702159,145.96533342518205,72.03470645707891,49.46729033868365,4.347397774499221,0.9325380042674257,246.52921489340775,0.9884080710503201,0.9786681677952284,
2025-01-15,25.93810967865243,0.38127277910827684,1.0,24.0,6.0,1.0,1.0,781.9817406337388,493.21679728913983,148.15394757933842,73.02753847904566,50.14723861329922,4.447808852206188,0.9211919437048499,260.63102238387444,0.9885498095081786,0.9869243668875949,
2025-01-16,27.273344268115586,0.4344641164857048,1.0,24.0,6.0,1.0,1.0,786.3855950403577,515.9610589982639,155.165425304989,76.39214054085545,52.45574265547959,4.463811743151722,0.9222031305242797,252.7147803787097,0.9916559093280594,0.982581118442401,
2025-01-17,23.67337960096846,0.26522979579398837,1.0,24.0,6.0,1.0,1.0,683.218530771489,443.7523145016308,133.6044568355292,65.69827060212708,45.1109731374591,4.436232005080689,0.920784017070525,260.1220379508153,0.9955720549427278,0.98055382442143,
2025-01-18,23.9893306489522,0.2558697285342037,0.25,24.0,6.0,1.0,1.0,677.7520033499009,439.78665981302834,132.5654008809337,65.10901956121396,44.70474621838444,4.414858677348232,0.9290707002746056,266.77947827323004,0.9985222290367853,0.9866206999437139,
2025-01-19,23.466029738346407,0.2577153740642536,0.25,24.0,6.0,1.0,1.0,714.4706878726352,440.60485932144593,132.967811438829,65.22804792936866,44.784847234388614,4.4340378928978605,0.9284856117680071,262.576139357307,0.9869028179294427,0.9782287626791093,
2025-01-20,24.33192611483596,0.3638943189249165,1.0,24.0,6.0,1.0,1.0,749.0802510847642,485.97453415640575,146.8320537068971,71.94234244704333,49.39301344134138,4.440907685893037,0.9235117407111236,261.4325121868092,0.9993802596605076,0.985885034535421,
2025-01-21,25.710880857435836,0.4360236587295203,1.0,24.0,6.0,1.0,1.0,800.5563105837222,516.8128395987918,156.3325616236279,76.50469260285371,52.52342678886119,4.3711312333151,0.9330926160179623,264.99517856763157,0.983320807148283,0.9789266793850113,
2025-01-22,25.71190057450409,0.2976160662177862,1.0,24.0,6.0,1.0,1.0,712.2988510531784,457.7430988725904,138.62638333546303,67.75767695110542,46.516537273851924,4.447630031777067,0.9313155365746119,264.1405102732013,0.9963641730684896,0.9811104997252047,
2025-01-23,25.315123139863992,0.1277323320959303,1.0,24.0,6.0,1.0,1.0,591.4424987198595,385.21757198207627,116.79981573847658,57.020044668148905,39.14358321296338,4.392533538179471,0.9246225262804049,263.9524978991715,0.9816330462079575,0.9783584479120444,
2025-01-24,23.190184173281846,0.18734499530342802,1.0,24.0,6.0,1.0,1.0,638.4637062973075,410.7041803577825,124.67574765611411,60.79094895635057,41.73077279616878,4.3913879950000245,0.9225658172268051,267.10364349701854,0.9864266060826078,0.9710829078341443,
2025-01-25,22.01650743346637,0.2528698432088423,0.25,24.0,6.0,1.0,1.0,678.0883500673675,438.7204496947695,133.3391103361188,64.93593674958224,44.57455119526376,4.446582323780746,0.9367747868559398,269.36233487030137,0.9840957937635382,0.9792597669756177,
2025-01-26,24.758232102725167,0.2707963090113846,0.25,24.0,6.0,1.0,1.0,696.2361573099716,446.4084094548576,135.83711146656438,66.0717327666403,45.352559811094096,4.415479072867288,0.9281849366431517,263.64116682779485,0.9932173225619663,0.9830643627746607,
2025-01-27,24.032529057463158,0.2787000654408716,1.0,24.0,6.0,1.0,1.0,707.3793272501891,449.81612660126865,137.037022171046,66.57388610470409,45.69558284013384,4.3633948050574585,0.9215459138359566,257.5155173916234,0.989116575611789,0.9774704004035046,
2025-01-28,25.056879933403987,0.3104700758675043,1.0,24.0,6.0,1.0,1.0,710.235118527842,463.4211425081177,141.35023640427124,68.5851834044778,47.074401292649696,4.414657141305964,0.9235835945096558,260.35481090061626,0.9940904164288868,0.9750585674835197,
2025-01-29,25.25624985100193,0.2785133863714786,1.0,24.0,6.0,1.0,1.0,704.2705652675353,449.79998453552537,137.35927142907914,66.56693874250338,45.68748096852217,4.338031115184481,0.9241164949392917,269.42740862188174,0.9946002324131621,0.9812177563395778,
2025-01-30,24.489442668975684,0.3835280095794125,1.0,24.0,6.0,1.0,1.0,766.8621088545019,494.7053242883112,151.2532049819487,73.21010571871014,50.245115615746506,4.324485241232505,0.9128772361124671,269.29001589375474,0.9927335046386877,0.9768703415562943,
2025-01-31,25.14674583611191,0.24168659270238568,1.0,24.0,6.0,1.0,1.0,681.6025611421132,434.12780893125705,132.89049626285973,64.24293851891835,44.08919812328354,4.390839598185334,0.9165563596235394,271.62754384575237,0.994116137421113,0.9823234513535053,
2025-02-01,24.422085060729238,0.22303019517586323,0.25,24.0,6.0,1.0,1.0,681.9288286695713,426.18425232738423,130.6158562743854,63.065418277238,43.27951047063247,4.37014576057111,0.9230463962305567,275.6151353236215,0.9926194086743815,0.9774320199021396,
2025-02-02,24.69699237597151,0.32663496004948356,0.25,24.0,6.0,1.0,1.0,716.7663563499632,470.4933780286821,144.36958844436052,69.62000437421541,47.77595726614759,4.378413724262223,0.9155600499959623,267.8457525608452,0.988007662015416,0.9741822839787198,
2025-02-03,23.130653688824406,0.16184556030312186,1.0,24.0,6.0,1.0,1.0,628.6684574038227,400.0914536604494,122.91469032873327,59.20035064455507,40.62409731715549,4.437095412514178,0.9167121001514749,274.9952984593019,0.9816666840214647,0.9773977974961515,
2025-02-04,23.67756342479684,0.31230807019965395,1.0,24.0,6.0,1.0,1.0,727.1508449829167,464.433181965289,142.85476497339002,68.71890879054921,47.15417024666499,4.448845237205354,0.918029428626868,281.5552749486229,0.9836954320510636,0.9729321531624304,
2025-02-05,24.047577240048177,0.2858376514435226,1.0,24.0,6.0,1.0,1.0,712.8524210055195,453.15048466646334,139.55280073541005,67.04716287461856,46.005354072648885,4.4934783343683335,0.9268381345173048,278.1257920337439,0.9796363568955716,0.9683395509899362,
2025-02-06,24.715966377776844,0.26240455254694406,1.0,24.0,6.0,1.0,1.0,691.656748092113,443.1640902004781,136.64279983350085,65.56740510863811,44.988357580537375,4.386118380326133,0.9149268605688252,279.6843284811416,0.9933852965974126,0.9857529453493782,
2025-02-07,23.180290303796713,0.3978955047347782,1.0,24.0,6.0,1.0,1.0,782.1998043361187,501.1234717636107,154.7014055388221,74.14023929806959,50.86866490548938,4.469884265314886,0.9230530059522862,280.04303926450103,0.9990268528497559,0.9744088364877631,
2025-02-08,24.201212417309247,0.21775819196631035,0.25,24.0,6.0,1.0,1.0,689.1754025366644,424.13831795722996,131.09389367519705,62.74801084023787,43.050705531337876,4.424682941205214,0.9256979459730365,283.8686549962738,1.0038559299242003,0.9847873598219485,
2025-02-09,23.181444464150545,0.4291288971183119,0.25,24.0,6.0,1.0,1.0,786.0783584339595,514.55030125535,159.23295768491616,76.12146514879787,52.22419413493474,4.478942540590423,0.9202733120284325,283.22985537095826,0.9850445778430658,0.9831857336845934,
2025-02-10,23.285669352727933,0.24311062492696728,1.0,24.0,6.0,1.0,1.0,671.8259545214561,435.0409727470955,134.7912774168507,64.35644613635496,44.15100112183038,4.409946286389056,0.9205832059365952,292.1013910021532,1.004457840712092,0.9803285427459414,
2025-02-11,24.350063226182275,0.15589470050609833,1.0,24.0,6.0,1.0,1.0,621.0120334140522,397.77075813168057,123.39452028010398,58.84114788661446,40.36583000196467,4.384823281921698,0.9307454346603246,283.62876818136994,0.9901304112758946,0.9857737251504054,
2025-02-12,20.8925611946136,0.2606321510458112,1.0,24.0,6.0,1.0,1.0,685.0575244625516,442.5918315905485,137.46763600074243,65.46961246903892,44.911435355388214,4.4024830117876945,0.9108200692237031,289.1924659483126,1.0041874596170859,0.9842250528706202,
2025-02-13,21.65975381524292,0.16599412435732572,1.0,24.0,6.0,1.0,1.0,642.1071304589809,402.1429714404789,125.05764727388768,59.48437507203333,40.80414499710794,4.359667930223691,0.9241349317455833,283.24282675792796,0.9912597289197512,0.9844890605308094,
2025-02-14,21.369899167138154,0.18908188834932882,1.0,24.0,6.0,1.0,1.0,644.1109820111453,412.0444245624371,128.29490132983278,60.94729603348145,41.80615395436087,4.32964316306052,0.9125953121476249,282.4724968978653,0.995531402312654,0.9920481105354084,
2025-02-15,20.28291725471059,0.2781879467953203,0.25,24.0,6.0,1.0,1.0,716.4192163062387,450.18901640981625,140.34474518537849,66.587515380125,45.67335689091691,4.304014335097773,0.9326878761200577,293.66011064174603,0.9833896023750437,0.9780955659149868,
2025-02-16,22.205827483565,0.2881499161670619,0.25,24.0,6.0,1.0,1.0,720.6209626219674,454.48207589221715,141.85766666789445,67.22028958524703,46.10570636165049,4.433214996128896,0.9124467355190746,293.4032093007133,0.9798509718061457,0.9785324894974208,
2025-02-17,23.85732578332391,0.19128394556468595,1.0,24.0,6.0,1.0,1.0,656.5361111035771,413.07061193700775,129.0909307977272,61.093277437334436,41.90172323750737,4.405002577871209,0.9183229272578846,295.78391143606643,0.9983739613647695,0.9875082481086697,
2025-02-18,22.556194889375657,0.3174805159909155,1.0,24.0,6.0,1.0,1.0,738.4510080115176,467.09294356586076,146.15477850055268,69.08120726663456,47.378654394005736,4.461092818604536,0.927314023604284,294.21066781232514,0.9930901941375828,0.978376650334377,
2025-02-19,23.077262670515474,0.32859695944963,1.0,24.0,6.0,1.0,1.0,725.2436659128481,471.88297650715145,147.83605308891612,69.7872112072639,47.86110804011394,4.353363379506492,0.9197265150197087,295.2655879308173,1.0011256116616327,0.9794898447627389,
2025-02-20,24.090659737646497,0.3484869437362153,1.0,24.0,6.0,1.0,1.0,760.9354445139315,480.4284154614497,150.69943157292673,71.04850121262679,48.72433335815175,4.460786247415286,0.9199965280309477,297.9944359513656,0.9910829527430984,0.9874714085696971,
2025-02-21,24.322348323576865,0.2736012853495851,1.0,24.0,6.0,1.0,1.0,707.3916174657626,448.41531883595036,140.83174821397907,66.31182124900185,45.474295784172,4.340739953708981,0.9227897010501848,303.85301316443594,0.9914419570043679,0.9822952934351528,
2025-02-22,22.59354386205584,0.33806755626945056,0.25,24.0,6.0,1.0,1.0,749.8552132005085,476.0373154171862,149.6927139354394,70.39426352839735,48.272131942094155,4.348777896861462,0.9252641719924813,291.4643916141823,0.9887836921060575,0.9859508056690972,
2025-02-23,24.25007065682376,0.12,0.25,24.0,6.0,1.0,1.0,602.2071213908429,382.7341303328697,120.50243765742849,56.594990497461076,38.808,4.387367759826372,0.9246865597059634,298.58784863105114,0.9925722385177189,0.9834524862624562,
2025-02-24,22.687466607705176,0.19929238829190488,1.0,24.0,6.0,1.0,1.0,644.6504239822486,416.69851587222007,131.36055641819786,61.61573944655333,42.24928965186868,4.405508766176828,0.919004199770968,292.8933067410489,0.9870044274344931,0.9887738723307612,
2025-02-25,21.525087076055392,0.1533523628361979,1.0,24.0,6.0,1.0,1.0,625.199114642234,397.0598739121278,125.32638072013872,58.71013431702425,40.255492547090995,4.33335345576046,0.9098589872461703,300.6974960109826,1.0017704979553927,0.9784240287506594,
2025-02-26,21.77165206009566,0.23032088957879754,1.0,24.0,6.0,1.0,1.0,686.1905017710093,430.0352481372278,135.90509943600844,63.584232056013114,43.59592660771982,4.421804758283216,0.9245916108447477,296.32387961598846,0.9980448935808284,0.977518103956043,
2025-02-27,20.66518676085396,0.17321965857563154,1.0,24.0,6.0,1.0,1.0,643.6867159253358,405.61714121216227,128.3489327962298,59.9719841986522,41.11773318218241,4.3601015566233805,0.9223267684505656,305.1663214945349,0.9915331049285061,0.9818283753843999,
2025-02-28,21.33491137178667,0.2038790296268952,1.0,24.0,6.0,1.0,1.0,653.1471277413102,418.77010120707564,132.67767354474356,61.91497385560874,42.448349885807254,4.368742443580108,0.9327573879987516,309.542656446862,0.9879079103065357,0.9827561981967881,
2025-03-01,21.931848914225487,0.36606551641267254,0.25,24.0,6.0,1.0,1.0,757.3719154146877,488.24354891846866,154.88343179378424,72.18447983713624,49.487243412309994,4.340356562989051,0.9284497834433992,298.11471774042207,0.9979458072641466,0.9778952947108859,
2025-03-02,23.288535046841204,0.20031811729723603,0.25,24.0,6.0,1.0,1.0,651.7210727684903,417.30349466280654,132.54517981027763,61.6940580355113,42.29380629070005,4.424497130020654,0.9250098352863031,303.31823275862394,0.9966884512346547,0.9800104596270125,
2025-03-03,24.353899078488105,0.2454880402790282,1.0,24.0,6.0,1.0,1.0,671.7970647549446,436.67453246633954,138.8729079908143,64.55599127836133,44.254180948109834,4.393786985960003,0.930807259142948,316.07220364155637,0.9966743678556931,0.9723146421609338,
2025-03-04,20.59708834159851,0.19237728903681656,1.0,24.0,6.0,1.0,1.0,653.8236651980088,413.95808015172577,131.81456763313147,61.19577404439482,41.94917434419784,4.447623420086349,0.9258807617444501,313.15889360069076,0.9945541178946657,0.9788479018367033,
2025-03-05,22.695828480743454,0.21567572812932745,1.0,24.0,6.0,1.0,1.0,658.6848845862871,423.96366876045573,135.17145266984573,62.673111514213005,42.96032660081281,4.30231528480454,0.922943155973536,311.58094911162993,0.995699308579934,0.9713794021929195,
2025-03-06,20.946519896607526,0.2088458754461673,1.0,24.0,6.0,1.0,1.0,666.8408082535077,421.06618514748743,134.4176108121352,62.24293440637081,42.66391099436366,4.511039021855747,0.9209241119332121,311.62752514653835,0.9942074025381249,0.991143035678792,
2025-03-07,22.737562651729263,0.24306276008814226,1.0,24.0,6.0,1.0,1.0,673.3569257379387,435.7509065267522,139.28180572336154,64.41176731699845,44.14892378782538,4.41314561109829,0.9143641746997363,310.5520719342261,0.9920604725695521,0.9870827483046286,
2025-03-08,21.9854001776563,0.29934049535012713,0.25,24.0,6.0,1.0,1.0,739.651454858794,459.8889359033014,147.18354416755636,67.97769128285334,46.59137749819552,4.425994568385667,0.91738169062223,326.08256064172184,0.9897982051175492,0.9757763711682184,
2025-03-09,19.922427145123088,0.3369135542142717,0.25,24.0,6.0,1.0,1.0,729.3887465291162,476.0181826987087,152.53850393709854,70.35944208619699,48.22204825289939,4.475975670817905,0.9271797084642502,326.9843361064408,0.9840587517388907,0.9876620212849595,
2025-03-10,23.212319340135366,0.22898516156358423,1.0,24.0,6.0,1.0,1.0,675.4832065327417,429.8107094551886,137.9058392442056,63.52734663782664,43.537956011859556,4.444708526242749,0.907822815490375,323.73004424539965,0.9970028368220802,0.9788313657764822,
2025-03-11,21.35325601300314,0.25056047381314606,1.0,24.0,6.0,1.0,1.0,695.9657512419063,439.08384795298736,141.0604738343805,64.89597801443676,44.47432456349055,4.361600087011583,0.9155893718175492,315.7613533429639,0.9812772892421303,0.984086548813877,
2025-03-12,21.42152126599755,0.12,1.0,24.0,6.0,1.0,1.0,613.7748532149022,383.16756621245247,123.25349389212613,56.62985696849795,38.808,4.364898686805152,0.9223177091592478,317.92043092270126,0.9942507620844268,0.975302528791616,
2025-03-13,20.763499161580473,0.19499280582652606,1.0,24.0,6.0,1.0,1.0,643.7072378069829,415.32777251017865,133.7696337605533,61.3813953242562,42.06268777287123,4.457440312916405,0.9191961522406864,330.1334670887154,0.9925603364097962,0.9735143352038312,
2025-03-14,21.24912289027005,0.2766915638604779,1.0,24.0,6.0,1.0,1.0,720.0441738259005,450.36751390570487,145.24081902669198,66.55801825759966,45.60841387154474,4.4351011394822875,0.9249191322283878,327.3848374520834,0.9883863289651581,0.9781710997649516,
2025-03-15,22.53685621655471,0.27027982054712124,0.25,24.0,6.0,1.0,1.0,701.9694108869389,447.65055973799224,144.5488641386783,66.15434111340114,45.33014421174507,4.333510513778402,0.9175335928220809,329.3416112056108,0.9936739524686071,0.9709770154876748,
2025-03-16,21.787486664818566,0.21755363036398637,0.25,24.0,6.0,1.0,1.0,652.819045452579,425.08181930877447,137.43670858458083,62.81708411807598,43.04182755779701,4.489527387692402,0.9187092982736208,320.95380702050613,0.9906178485944569,0.9701708199531598,
2025-03-17,22.402236393643744,0.27124760208992615,1.0,24.0,6.0,1.0,1.0,719.0220902003052,448.1256143472499,145.07293077142347,66.22044765581295,45.3721459307028,4.3807471715396975,0.9293341856000419,325.5879114941719,1.0007478545492323,0.9803192695428715,
2025-03-18,22.43748225990311,0.23939745251329833,1.0,24.0,6.0,1.0,1.0,692.0734325299616,434.5029518057682,140.8429731022877,64.2053315541378,43.98984943907715,4.43939497113173,0.9237624080427995,328.2777919052091,0.9908391141720729,0.9900247592748532,
2025-03-19,23.585377376050637,0.29604950306432437,1.0,24.0,6.0,1.0,1.0,712.9105682448444,458.8191093131344,148.91589666711553,67.79638368256168,46.448548432991686,4.401552280382739,0.9191916169524664,329.7927330516551,0.9896567420271155,0.9805888700284182,
2025-03-20,21.588721440809415,0.22315151063571184,1.0,24.0,6.0,1.0,1.0,671.3347603725229,427.5972155462606,138.96035063355055,63.18084448315151,43.2847755615899,4.317679214964604,0.9190519530278993,323.62495404372237,0.9818764270424243,0.9795085181223746,
2025-03-21,20.229391105925888,0.17161358416035,1.0,24.0,6.0,1.0,1.0,643.3307965619249,405.52789906696955,131.95789693741125,59.918137584789235,41.04802955255919,4.4289581391954265,0.9230551929952429,320.72830113406116,0.984087446743797,0.9902578566667746,
2025-03-22,23.2859168212086,0.22709229718273685,0.25,24.0,6.0,1.0,1.0,665.6486644468546,429.3424266684189,139.88744799177903,63.43507168969625,43.45580569773079,4.433317809111663,0.9137440343643404,331.9487499911343,0.988408218110422,0.9819313304173718,
2025-03-23,21.613166245394346,0.12,0.25,24.0,6.0,1.0,1.0,605.3710238551181,383.4476357950989,125.09520500058935,56.65244188626289,38.808,4.377293992053578,0.9109788805996397,334.14123478563613,0.9849468865363573,0.9811085884954356,
2025-03-24,23.356236121735762,0.2314333669783573,1.0,24.0,6.0,1.0,1.0,705.7577506050941,431.2586746492395,140.87533527359003,63.714683465034945,43.64420812686071,4.472193453598899,0.9238869015931559,333.6303573354931,0.9806132735100247,0.9707999321835098,
2025-03-25,22.48861956278871,0.12,1.0,24.0,6.0,1.0,1.0,617.2240516164297,383.49647525091075,125.4351237443316,56.656524060160216,38.808,4.3590941960894,0.9133733979998256,334.48384098573155,0.9858204864257961,0.971325519188286,
2025-03-26,21.883109615498324,0.12,1.0,24.0,6.0,1.0,1.0,604.087264300219,383.5198004575329,125.60565311457593,56.658551455924346,38.808,4.353641577244346,0.9129777188976457,332.6335996356787,0.9952405222348305,0.9771302705008489,
2025-03-27,22.472975606930028,0.23847482524989905,1.0,24.0,6.0,1.0,1.0,683.133060224209,434.3600908250777,142.44114472707585,64.16773693514838,43.949807415845626,4.432166558068804,0.9172894581575608,336.4308806698751,0.9949198095469898,0.9823808777851389,
2025-03-28,24.411687606540088,0.24122259845513772,1.0,24.0,6.0,1.0,1.0,685.5325009801054,435.567798315122,143.02219111910216,64.34418576801419,44.06906077295298,4.404810035566117,0.9124933531172084,334.72923833078846,0.9966859724646177,0.9810345791888551,
2025-03-29,24.580930538106596,0.12,0.25,24.0,6.0,1.0,1.0,609.7398132727698,383.59453928306317,126.11959522911391,56.66469437642693,38.808,4.415293040010797,0.9184788385030221,343.9318911835719,0.9976619687719323,0.9837361958284258,
2025-03-30,22.19194064489469,0.14768969162405723,0.25,24.0,6.0,1.0,1.0,623.1229771198707,395.4971306982389,130.2024229131964,58.421470051411326,40.00973261648409,4.473621706578894,0.9197281449563404,344.8889031366815,0.9937631225141913,0.9798019366888957,
2025-03-31,22.323083420079225,0.31525133800764776,1.0,24.0,6.0,1.0,1.0,730.4569967468124,467.41181674589336,154.07814656093802,69.0426452729522,47.281908069531916,4.437334576798731,0.9388542083516415,340.9949744398426,0.992494873304861,0.9756976651454161,
2025-04-01,23.446549798420065,0.16792308702248887,1.0,24.0,6.0,1.0,1.0,633.3707914459172,404.2311785192514,133.42391922877647,59.70803073673281,40.88786197677602,4.481754539893004,0.9129163643380492,341.7527055512734,0.9826109979359905,0.9738340467008914,
2025-04-02,21.16650357447224,0.38720348844051267,1.0,24.0,6.0,1.0,1.0,769.9808982495383,498.34865805152157,164.70370816316535,73.60789956606655,50.40463139831826,4.43348075357484,0.9383214571322769,343.58051084866594,0.9821275603820108,0.9835282937435769,
2025-04-03,22.609236994181355,0.2088272351904402,1.0,24.0,6.0,1.0,1.0,659.1367522271629,421.83982165465886,139.59814017537335,62.304937979167086,42.6631020072651,4.468622794286448,0.9155894293750967,343.47748825356325,0.9909772916115598,0.9826571889992908,
2025-04-04,22.20878501887139,0.2429209128540449,1.0,24.0,6.0,1.0,1.0,687.4731811596636,436.49878961461724,144.63766464385955,64.4681655908779,44.14276761786555,4.373703306375563,0.9161056712124461,341.4097456327637,0.994387925876674,0.9676878253817937,
2025-04-05,22.648781366642957,0.34101101671819833,0.25,24.0,6.0,1.0,1.0,752.0772254647113,478.62661316253093,158.8039309027126,70.68801781755316,48.39987812556981,4.439933823538832,0.919692703805145,352.43182261535,0.9916257298423861,0.9850037039203666,
2025-04-06,21.306313646717374,0.2236117213179019,0.25,24.0,6.0,1.0,1.0,686.3537394044132,428.2716767596652,142.28141448969365,63.24890748215944,43.30474870519694,4.423295328387517,0.9241727005657145,354.57681312287093,0.9893852083847106,0.970215865882799,
2025-04-07,20.435123393963163,0.13449552665618986,1.0,24.0,6.0,1.0,1.0,621.0422490633505,390.04751868732416,129.75190717460828,57.60209608611315,39.437105856878645,4.428483279949443,0.9252720240747823,346.98156327060457,0.9865940589362159,0.9807661118709181,
2025-04-08,19.893245164820453,0.207542887636314,1.0,24.0,6.0,1.0,1.0,665.9339302658326,421.42839860207124,140.37501620966898,62.23482401920714,42.60736132341603,4.300013334605892,0.9199323326015081,343.4065962582872,0.9863513461687192,0.9859640817826467,
2025-04-09,21.080146658819203,0.2151943237222241,1.0,24.0,6.0,1.0,1.0,690.314604372054,424.7405821401338,141.66366025262164,62.72213815168281,42.93943364954453,4.335305777574173,0.914668852016252,354.7477988859307,1.0025670825088353,0.975104617427599,
2025-04-10,21.912729056312322,0.12,1.0,24.0,6.0,1.0,1.0,602.8373586131931,383.89915772010977,128.2096835311896,56.68935759222657,38.808,4.481158781605665,0.9142411058520324,359.6783616807511,0.9831622340448697,0.9769565839567643,
2025-04-11,22.15537831096711,0.20127092921897513,1.0,24.0,6.0,1.0,1.0,646.4542477178534,418.8161568563176,140.05498062147265,61.84392029522355,42.335158328103525,4.34360015218107,0.9230572416533765,356.8617020930136,0.9900429013425507,0.9735329918016787,
2025-04-12,24.877878380898977,0.16433324616521466,0.25,24.0,6.0,1.0,1.0,635.9501103632698,402.98304949627527,134.9373156918623,59.50424302397481,40.73206288357032,4.4151280641669155,0.924016623922014,344.32286753600744,0.9869800248291436,0.9788244314417237,
2025-04-13,23.92829612659142,0.29971022411939463,0.25,24.0,6.0,1.0,1.0,729.4630616530499,461.14020834965424,154.614228800401,68.08983193583566,46.60742372678173,4.4204411508206185,0.918677795651547,358.1028016586578,0.9887830115542182,0.9764153629720791,
2025-04-14,21.496393970771596,0.23066480609402965,1.0,24.0,6.0,1.0,1.0,695.2077458827412,431.52183166718254,144.87323233641777,63.714405796432644,43.61085258448089,4.3604098706803915,0.9161550198492107,362.0544566960655,1.0011929894696046,0.976058079470785,
2025-04-15,23.11983405537545,0.20748707917252146,1.0,24.0,6.0,1.0,1.0,677.763645899596,421.59642103727015,141.72716909830925,62.247049967819535,42.60493923608744,4.463995656623099,0.9160522912168613,361.23237613277627,0.9899365043147341,0.9762836330291264,
2025-04-16,22.26763669116277,0.22391104161232936,1.0,24.0,6.0,1.0,1.0,688.1262494110076,428.6778068045106,144.29754257414882,63.29076222060478,43.3177392059751,4.411069758092804,0.9181503853969064,357.5581814373354,0.9861252049916372,0.9903235997061896,
2025-04-17,22.470290824748343,0.25262950848948423,1.0,24.0,6.0,1.0,1.0,697.5960509438847,441.04120914614776,148.65478917994687,65.11418920223326,44.56412066844362,4.357890411985065,0.9268208856396755,366.56149324288276,0.9953119373818575,0.9769037952481837,
2025-04-18,23.091148843288757,0.28657762443190954,1.0,24.0,6.0,1.0,1.0,719.5555405697017,455.65328704996665,153.78211745893427,67.26939806622413,46.03746890034488,4.389744484510591,0.9060975945302743,365.85978235280794,0.9936210830394413,0.98853297551002,
2025-04-19,23.670810857263294,0.15978611528757047,0.25,24.0,6.0,1.0,1.0,637.432010760491,401.217811046578,135.58848335782858,59.23100830255165,40.53471740348057,4.275396366343754,0.9154448211924837,382.77861408506794,0.9970032518637933,0.9728857433288878,
2025-04-20,22.581542111408563,0.1590438019075574,0.25,24.0,6.0,1.0,1.0,642.1921607511287,400.92401915010413,135.66851294861297,59.186062505318,40.502501002787994,4.35935409879654,0.906121168653168,367.07173717139455,0.992380379602691,0.9666257181627499,
2025-04-21,24.327902198588536,0.3334292097739441,1.0,24.0,6.0,1.0,1.0,743.9410730167243,475.8707295483599,161.24296748107437,70.24814118848724,48.07082770418917,4.3989822885566,0.9129601413667415,372.5256844068906,0.9845955538563905,0.9817605159821348,
2025-04-22,21.745345289187767,0.21482752853327808,1.0,24.0,6.0,1.0,1.0,662.9376759659852,424.94600587850243,144.1773076498367,62.72843866990381,42.923514738344274,4.485041004460378,0.9032779887600956,365.57674783040716,0.9942957188692838,0.9872970833957688,
2025-04-23,23.189412490274066,0.13730144468250777,1.0,24.0,6.0,1.0,1.0,625.2445359704004,391.66149100363646,133.06027260939427,57.813459296987105,39.55888269922084,4.427956872073788,0.9158827844394506,367.2628983389511,0.9888834750429146,0.9703927179891807,
2025-04-24,26.3668725987981,0.28906205075992414,1.0,24.0,6.0,1.0,1.0,713.1295754022394,456.89975826722986,155.43001257373163,67.44161123606607,46.14529300298071,4.419372863871628,0.9074368303265258,376.14065360346325,0.9840416975948123,0.9792037087140959,
2025-04-25,23.586922278098804,0.2936078667804067,1.0,24.0,6.0,1.0,1.0,724.3852699285477,458.8854757996343,156.3116122101717,67.73242619010163,46.34258141826965,4.472305914043242,0.9179362893817871,382.65364327178276,0.9872799838004964,0.9777589973155397,filter
2025-04-26,25.11032979070467,0.13713445296706053,0.25,24.0,6.0,1.0,1.0,581.9603829696872,391.66849548388666,102.741952280522,57.809171527670976,39.55163525877043,4.376146009814475,0.913546102673712,149.76459203028847,0.9845317024299978,0.9691045973881943,
2025-04-27,23.573204616510413,0.2810748402100554,0.25,24.0,6.0,1.0,1.0,661.9138031350202,453.5589731071763,119.01137525958241,66.94228786021917,45.79864806511641,4.3421428572795495,0.9199710465340274,148.03148302976544,0.9836119236949143,0.9878609928702535,
2025-04-28,24.234861556900327,0.32475789207303724,1.0,24.0,6.0,1.0,1.0,707.3956897515433,472.36657155975246,123.98366139508089,69.71592477922266,47.69449251596983,4.4147402294835425,0.9199803885019472,153.44669314598804,0.9826826108592435,0.9759682602085893,
2025-04-29,23.545956378541206,0.2991264680713197,1.0,24.0,6.0,1.0,1.0,681.013045492938,461.38207153705974,121.13875338712928,68.09240454963751,46.58208871429528,4.526797192328384,0.9034990792477708,149.82596328096602,0.9855371294011813,0.9685112792789401,
2025-04-30,23.487370243253018,0.32306677615734286,1.0,24.0,6.0,1.0,1.0,726.357416208718,471.7059650393367,123.8906652222321,69.6137487643549,47.62109808522868,4.525439342507441,0.9115932570981846,149.49193672598975,0.9784067808435937,0.9758201623323934,
2025-05-01,22.835816510053608,0.1635668458437735,1.0,24.0,6.0,1.0,1.0,606.1242942937457,403.1663787403214,105.92602702812337,59.49674164729563,40.69880110961977,4.363137192272623,0.916595208528243,153.72464983059854,0.9936276220766243,0.9753620730236097,
2025-05-02,24.368442470001167,0.30585810551049997,1.0,24.0,6.0,1.0,1.0,690.8066386386753,464.369998538235,122.0516565124948,68.52696010453244,46.87424177915571,4.4325586604639025,0.9149750532577035,155.17705991533288,0.9963945444809387,0.968844495538712,
2025-05-03,22.91264710490569,0.25869720775359056,0.25,24.0,6.0,1.0,1.0,656.921127340401,444.1242062278328,116.77457996208564,65.53710440855278,44.82745881650584,4.35745804516587,0.9070532990151554,155.20380393921712,0.9937718532069126,0.983588958063278,
2025-05-04,24.817105927603695,0.24787980061749604,0.25,24.0,6.0,1.0,1.0,668.2835741052245,439.5025625577588,115.60505844904141,64.85310157751584,44.35798334679934,4.408244462622576,0.9234651549708687,154.88844130853346,0.9920748604440381,0.9857883591505925,
2025-05-05,25.40613611597356,0.359806950638084,1.0,24.0,6.0,1.0,1.0,738.3165229698474,487.66528067530214,128.32603438106688,71.95777742425759,49.21562165769285,4.3810833179768025,0.9084595354238102,155.78029979724425,0.9990181881571771,0.9767768440323749,
2025-05-06,24.630468318119007,0.4122261306868383,1.0,24.0,6.0,1.0,1.0,784.4252293740659,510.245024173893,134.3236311072274,75.28680378333833,51.490614071808785,4.2930909229878385,0.9140805461008477,154.42179929509035,0.987320261631048,0.9910120890006188,
2025-05-07,23.93539618790255,0.4412165187181451,1.0,24.0,6.0,1.0,1.0,789.6436267931366,522.7524498575043,137.67499177277486,77.12931457737753,52.748796912367496,4.3754171586591575,0.9145695098877266,150.231539620252,0.9871126317415608,0.9827648458379067,
2025-05-08,24.913316367474486,0.4066942442477889,1.0,24.0,6.0,1.0,1.0,761.679022634191,507.94322871384134,133.83337691138692,74.94134035793638,51.25053020035404,4.353088796331342,0.9238492756848579,158.38548648369007,0.9946975158084198,0.97429688584625,
2025-05-09,24.089185406099435,0.29663239715909095,1.0,24.0,6.0,1.0,1.0,694.0982916158396,460.636312922671,121.42371125993957,67.95913204768776,46.47384603670456,4.354286852294939,0.9068898417565685,153.21440718548345,0.9879322672164609,0.9708633464389318,
2025-05-10,25.674630444326937,0.3375879227750542,0.25,24.0,6.0,1.0,1.0,707.5981483175093,478.2872859472364,126.13567121589213,70.56092649137487,48.251315848437365,4.40819443758061,0.9157810167610538,160.032002570295,0.9876212173755804,0.9786282115212233,
2025-05-11,22.44798545985578,0.3747318052104792,0.25,24.0,6.0,1.0,1.0,750.6352684798761,494.30227381770464,130.4215045059818,72.92100401730691,49.8633603461348,4.383123900486789,0.9194059617357925,158.27707842144997,0.9935335060122479,0.9753583677624826,
2025-05-12,24.33793306745174,0.32715117490941914,1.0,24.0,6.0,1.0,1.0,713.0836596400051,473.866357719026,125.09054302967488,69.90369898578084,47.79836099106879,4.324254982210661,0.9079674497170758,155.40967471426234,0.9848865278066222,0.9793989558657447,
2025-05-13,22.44793879712586,0.33204312894469457,1.0,24.0,6.0,1.0,1.0,731.9168000739505,476.004971001789,125.71810013612442,70.2167784499672,48.010671796199745,4.348409183234381,0.9158301620138517,154.85752726806035,0.9897474678700166,0.9727388673130976,
2025-05-14,23.140325089550746,0.3916601685139543,1.0,24.0,6.0,1.0,1.0,764.8845176476482,501.69335846422547,132.570545236726,74.00360614712662,50.59805131350562,4.360407083266633,0.9210511609695573,157.14864581999376,0.9876849005159994,0.9694037726025383,
