timestamp,innovation_norm,compressor_state,compressor_state_sd,compressor_health_pct,coil_state,coil_state_sd,coil_health_pct,filter_state,filter_state_sd,filter_health_pct,fan_state,fan_state_sd,fan_health_pct,pump_state,pump_state_sd,pump_health_pct,pred_chiller_COP,pred_coil_UA_ratio,pred_filter_dp_Pa,pred_fan_eff_ratio,pred_pump_eff_ratio
2024-01-01,0.5408826498796121,0.05780419362968961,0.06633606151072412,94.21958063703104,0.04122993223307812,0.030106284853393454,95.87700677669218,0.06141738108678807,0.04961091050859997,93.85826189132119,0.049258362624083674,0.07827825242120212,95.07416373759163,0.044648728593394305,0.07279766521164772,95.53512714066056,4.434970282166599,0.9604026632766366,154.56623433358914,0.9960593309900733,0.992409716139123
2024-01-02,0.8161482244287289,0.05791317892328592,0.05790084366589441,94.20868210767141,0.032866315619593904,0.02169425454909459,96.71336843804062,0.07569866221984081,0.03248122844332238,92.43013377801591,0.0524920893969218,0.07666777474432035,94.75079106030782,0.03523044799612522,0.06726975800231111,96.47695520038748,4.434847673711303,0.9681795067545812,156.24818041912252,0.9958006328482463,0.9940108238406588
2024-01-03,0.6851350302116924,0.06980389233779136,0.052058698294862316,93.01961076622086,0.035303022597855456,0.017875299230224174,96.46969774021446,0.07254010671895164,0.024604447596538816,92.74598932810484,0.05157944930344581,0.07515638713957952,94.84205506965542,0.03603404378681295,0.06286366384497484,96.39659562131871,4.421470621119985,0.9659007828362457,155.86122697882902,0.9958736440557243,0.9938742125562418
2024-01-04,0.7728000020691647,0.060240428961087125,0.047689162203287144,93.97595710389129,0.033377443628713005,0.015652450483672097,96.66225563712871,0.081484642859627,0.020751702932762066,91.8515357140373,0.04970386015267167,0.07373552736995538,95.02961398473283,0.03313777423849733,0.059236739448795414,96.68622257615027,4.432229517418778,0.9677006268769445,156.97806329353986,0.9960236911877862,0.9943665783794554
2024-01-05,0.5884020560072912,0.059952343815829964,0.04429994193804533,94.00476561841701,0.03665771877262278,0.014173273662064619,96.33422812273771,0.08667970937095437,0.01812996137164044,91.33202906290457,0.04914068459140164,0.07239696714849309,95.08593154085983,0.029325667494062735,0.05618940639662552,97.06743325059372,4.432553613207191,0.9646385512703031,157.65592066650285,0.9960687452326878,0.9950146365260093
2024-01-06,0.48080990746953084,0.056434811738747856,0.041565434311889894,94.35651882612521,0.03641448524244589,0.013132115523106573,96.3585514757554,0.0930197056699704,0.01628688156900234,90.69802943300296,0.05005101233139815,0.07113302647082997,94.99489876686017,0.02968430523570401,0.0535850649167109,97.0315694764296,4.436510836793909,0.964864939885583,158.51106086354244,0.9959959190134882,0.9949536681099304
2024-01-07,0.630043636798393,0.05771235618285459,0.039306161863095025,94.22876438171454,0.034567435653080035,0.012360311224517341,96.543256434692,0.0990634066432553,0.014902538609643795,90.09365933567447,0.05203324114434341,0.06993695368852605,94.79667588556566,0.02709786542376847,0.05132465436857558,97.29021345762315,4.435073599294288,0.9665875471604622,159.35386597007604,0.9958373407084525,0.9953933628779593
2024-01-08,0.48396463668882,0.05561665521928224,0.037397685740004856,94.43833447807177,0.03510334746691948,0.011769312519359913,96.48966525330806,0.09989165702175651,0.01382989172378433,90.01083429782435,0.052832976272741514,0.06880289027169136,94.71670237272585,0.026138534700750626,0.04934210504121916,97.38614652992493,4.437431262878308,0.9660871085454186,159.47141968110958,0.9957733618981807,0.9955564491008724
2024-01-09,0.5901278652938867,0.052449223340620924,0.035763227558277,94.7550776659379,0.03605501628223432,0.011311339305454887,96.39449837177658,0.10305271921352387,0.013018505576831565,89.69472807864761,0.051996812169746234,0.06772605896620466,94.80031878302538,0.020445843282406798,0.047585299578309564,97.95541567175931,4.440994623741801,0.9651997087841785,159.92454118852578,0.9958402550264203,0.9965242066419908
2024-01-10,0.7790122802414888,0.045683718678338155,0.03434625858608384,95.43162813216618,0.03540677351195664,0.010952006238037475,96.45932264880433,0.10771026906763959,0.012372735176431088,89.22897309323604,0.051202406623484346,0.06670226799960163,94.87975933765156,0.020361431958952812,0.046018239815360976,97.96385680410472,4.44860581648687,0.9658039966342294,160.60490838186988,0.9959038074701213,0.996538556566978
2024-01-11,0.8810524981005988,0.04001876693523138,0.03310712086384454,95.99812330647686,0.035466770586253415,0.010665259451572932,96.45332294137465,0.11366447687550155,0.011841479480244872,88.63355231244985,0.05222935058624632,0.06572747920351742,94.77706494137537,0.02145082598402123,0.04460759022391378,97.85491740159787,4.454978887197865,0.9657480359643283,161.49630801086312,0.9958216519531002,0.9963533595827164
2024-01-12,0.6210130421089459,0.03861446848320161,0.03201300657938697,96.13855315167984,0.03377204710239202,0.010435444668944078,96.6227952897608,0.11665430772965835,0.011393197941986753,88.33456922703417,0.05219901216726815,0.06479779343127709,94.78009878327317,0.024687307200390855,0.04332945173997789,97.53126927996092,4.456558722956398,0.9673312436749926,161.95287632264325,0.9958240790266185,0.9958031577759335
2024-01-13,0.9158159917058623,0.04403950865239697,0.031037304727661842,95.5960491347603,0.03447308682987532,0.010248284830554386,96.55269131701247,0.12027775972662287,0.011025320614978934,87.9722240273377,0.048857734326120825,0.06391015675108684,95.11422656738792,0.01966364996663098,0.04216432807694486,98.03363500333691,4.450455552766053,0.9666757045023593,162.51408931647987,0.9960913812539103,0.9966571795056728
2024-01-14,0.6456938791995438,0.03954777462501957,0.03015830999672447,96.04522253749805,0.03408107521426538,0.010097470513495391,96.59189247857346,0.12315036821712591,0.01071791198983489,87.68496317828742,0.047599612921470115,0.06306212796967772,95.24003870785299,0.020460979065208693,0.04110046421465685,97.95390209347913,4.455508753546853,0.967042163297299,162.96506883161075,0.9961920309662824,0.9965216335589145
2024-01-15,0.8921650937115372,0.040937910613230266,0.02936676713587467,95.90620893867697,0.03517253170897222,0.009974515910113209,96.48274682910278,0.12359907778633339,0.010461674711003005,87.64009222136666,0.04595968773771919,0.06225071859877871,95.40403122622808,0.02182073924182888,0.04012280053569769,97.81792607581711,4.4539448505601165,0.9660225415265746,163.03599244939304,0.9963232249809825,0.9962904743288891
2024-01-16,0.41225050730548646,0.04103290840721338,0.028647996562876712,95.89670915927866,0.03429352482172055,0.009875374422468513,96.57064751782795,0.12744137923058832,0.010254602370445029,87.25586207694117,0.047064043016572125,0.06147356629130383,95.2935956983428,0.020446911239989724,0.0392208258372651,97.95530887600103,4.453837978041885,0.9668435274912586,163.6485636416955,0.9962348765586743,0.9965240250892018
2024-01-17,0.8245299532982077,0.03984951170437098,0.02799310648205984,96.0150488295629,0.033381874886340486,0.009793557637912042,96.66181251136595,0.1329950014375332,0.010075398118185955,86.70049985624668,0.044590064607764573,0.0607281160241495,95.54099353922354,0.02024049405506064,0.03838676544903869,97.97595059449394,4.455169299332582,0.9676964772678908,164.55037654539993,0.9964327948313788,0.9965591160106397
2024-01-18,0.5664089543229377,0.038713608973261836,0.02739468920745597,96.12863910267382,0.03426866345351663,0.009725770088417168,96.57313365464833,0.1373639532066838,0.009914365244396355,86.26360467933162,0.04704117350803729,0.060012844464568824,95.29588264919627,0.022328787603375894,0.03761281163893773,97.76712123966242,4.45644718990508,0.9668667681189428,165.27321362041135,0.996236706119357,0.996204106107426
2024-01-19,0.6311177105577481,0.03692585096961075,0.0268460366174252,96.30741490303892,0.033000878953770955,0.009671062034559435,96.69991210462291,0.14002512813861026,0.009772587539761892,85.99748718613898,0.049000786402708114,0.05932531139565879,95.0999213597292,0.02341088193917718,0.036892028273508834,97.65891180608229,4.4584584176591875,0.9680533873434894,165.71919215413936,0.9960799370877833,0.9960201500703398
2024-01-20,0.4802889650867021,0.037079430441453363,0.026341742637218123,96.29205695585466,0.032166589808809716,0.009625056858126617,96.78334101911904,0.14262142685787385,0.00965151089218605,85.73785731421262,0.04810162188734198,0.05866394277784388,95.1898378112658,0.02554119266877654,0.03621938195047139,97.44588073312235,4.458285640753365,0.9688358544769716,166.15840243405583,0.9961518702490126,0.995657997246308
2024-01-21,0.2710425581462888,0.037382329090050584,0.02587639760443109,96.26176709099494,0.03290815754899905,0.009586546443971665,96.7091842451001,0.14549684242623084,0.009547522672239666,85.45031575737691,0.04821481004435273,0.058027555585225994,95.17851899556473,0.026488622720301575,0.03558998467325923,97.35113772796984,4.4579448797736925,0.9681402869088697,166.64951577532017,0.9961428151964518,0.9954969341375487
2024-01-22,1.065267843406124,0.037887742481266445,0.025445936066246278,96.21122575187336,0.03319047638119224,0.00955557860398316,96.68095236188078,0.14554114869606707,0.009456891714377125,85.4458851303933,0.04958429042532767,0.057414621209378354,95.04157095746723,0.02737291122311833,0.03500013042480175,97.26270887768817,4.457376289708575,0.9678757430116431,166.65712144650496,0.9960332567659738,0.9953466050920698
2024-01-23,0.9230165360263974,0.03525772444215844,0.025046837611286496,96.47422755578415,0.03340249330566657,0.0095303874651979,96.65975066943334,0.15114512697549415,0.009383762215162308,84.88548730245058,0.049248866647115065,0.056823710176905295,95.07511333528849,0.027809240932018853,0.034446301382471525,97.21907590679811,4.4603350600025715,0.9676771698132661,167.62838307422717,0.9960600906682308,0.9952724290415568
2024-01-24,1.284502678521721,0.03563243859160516,0.024676958771429933,96.43675614083949,0.03213467333100711,0.009509849546496106,96.78653266689929,0.15100684452032184,0.009312346422595052,84.89931554796782,0.05243251245973905,0.05625381254750484,94.7567487540261,0.028987348554190585,0.033925489722798075,97.10126514458094,4.459913506584444,0.9688658135790567,167.60419633567864,0.9958053990032208,0.9950721507457876
2024-01-25,0.3930474012533918,0.034631593930045376,0.024332776848120494,96.53684060699547,0.03197492885912808,0.00949186909668387,96.80250711408719,0.15417944662258493,0.009255144139850978,84.58205533774151,0.05046576683278039,0.05570346399973725,94.95342331672197,0.02810469423915882,0.0334347826829184,97.18953057608411,4.461039456828699,0.9690157890807706,168.1618873905969,0.9959627386533776,0.995222201979343
2024-01-26,0.3909260132233248,0.03316536299045269,0.024012345992936498,96.68346370095473,0.031987889549646494,0.009476931006563192,96.80121104503534,0.15710206698670426,0.009202438715275662,84.28979330132958,0.049107795305673586,0.05517216266796617,95.08922046943265,0.02842463350681656,0.032972166102516735,97.15753664931835,4.46268896663574,0.9690036192540923,168.68074117835377,0.9960713763755461,0.9951678123038412
2024-01-27,1.0393546102554558,0.030851463078394245,0.023713699384118134,96.91485369216058,0.03411995539867732,0.009464660225866579,96.58800446013227,0.1587876796800828,0.009154131470973353,84.12123203199172,0.05083187243303903,0.05465887656263133,94.9168127566961,0.02931214700717369,0.03253519371379414,97.06878529928264,4.4652921040368065,0.9670058050610548,168.98219622481426,0.9959334502053568,0.9950169350087805
2024-01-28,0.989576203944859,0.03416325371058733,0.023435187626654294,96.58367462894127,0.03492663857424958,0.009456370092869709,96.50733614257504,0.16148172543050338,0.009111976909900244,83.85182745694965,0.04675970997400895,0.054162423641434684,95.3240290025991,0.02761579766236149,0.03212181299137116,97.23842023376386,4.461566339575589,0.9662520634096677,169.46732711497404,0.9962592232020793,0.9953053143973986
2024-01-29,0.819530984992832,0.0352261761656313,0.02317389314105388,96.47738238343688,0.03579538018324787,0.009450225373314454,96.4204619816752,0.16268918087081444,0.009072954054378624,83.73108191291855,0.04682763281037832,0.05368250538523913,95.31723671896218,0.029234472981449138,0.03173074421369968,97.07655270185509,4.460370551813665,0.9654416491248348,169.6860808087657,0.9962537893751697,0.9950301395931537
2024-01-30,0.8305511126851526,0.03842307425683884,0.02292896294931049,96.15769257431612,0.03630334407321626,0.009445901596740249,96.36966559267837,0.167172636753493,0.00903935048770111,83.2827363246507,0.046167195094801154,0.05321795929805313,95.38328049051988,0.029195142231087365,0.031359801228627214,97.08048577689127,4.456774041461056,0.9649684194489567,170.50543767476006,0.9963066243924159,0.9950368258207152
2024-01-31,0.763910356686052,0.03718884620692037,0.02269869565641515,96.28111537930796,0.03679465392967192,0.009442755312206267,96.3205346070328,0.1722514394598922,0.009004284614545303,82.77485605401078,0.04609618143001517,0.05276812725658368,95.39038185699849,0.031127713821391904,0.031007864313381532,96.88722861786081,4.4581625480172145,0.9645111461655281,171.44695025863018,0.9963123054855988,0.9947082886503634
2024-02-01,0.4947935136962151,0.03684909657233084,0.022482907843119165,96.31509034276692,0.036165167277811994,0.009440570835480578,96.3834832722188,0.17599773019452264,0.008967424587297369,82.40022698054774,0.04376884827719159,0.05233228196631017,95.62311517228083,0.03041725572004912,0.03067332147861263,96.95827442799508,4.458544766356128,0.9650971018714861,172.15041436816287,0.9964984921378247,0.9948290665275916
2024-02-02,1.3937033355969497,0.035892815779931496,0.022280336143493316,96.41071842200685,0.034595265446371086,0.009438244009045865,96.5404734553629,0.1827987982252698,0.008931747055280222,81.72012017747302,0.04551371748068766,0.05190997323487526,95.44862825193124,0.03178253218822303,0.03035543980083339,96.8217467811777,4.4596205822475765,0.9665615467209343,173.44667475372609,0.996358902601545,0.9945969695280021
2024-02-03,0.6216749318176285,0.037958784238727644,0.022090137479460255,96.20412157612724,0.035678834046586984,0.009435010341856582,96.4321165953413,0.18561063627359686,0.008892561249682837,81.43893637264031,0.04486272033684616,0.05150027492997064,95.51372796631539,0.032245694906944275,0.030052820545340277,96.77543050930556,4.4572963677314315,0.9655502913898673,173.98974015754695,0.9964109823730523,0.9945182318658194
2024-02-04,0.6843484492066478,0.039295967592786356,0.02191086203216329,96.07040324072138,0.03619531002819657,0.009433246012869493,96.38046899718034,0.18789956576185277,0.008857115254207253,81.21004342381472,0.041632182415884705,0.05110282660787138,95.83678175841153,0.03228933453430877,0.029764637678574932,96.77106654656913,4.455792036458115,0.965069027356231,174.43486361828624,0.9966694254067292,0.9945108131291676
2024-02-05,0.6749934891632412,0.04029277911920406,0.02174189082187703,95.9707220880796,0.03628324372974424,0.009432235320439759,96.37167562702558,0.1905449648404247,0.008825549175298444,80.94550351595753,0.04531352686615129,0.050717295368778594,95.46864731338486,0.03400405030143326,0.0294900575777305,96.59959496985667,4.4546706234908955,0.9649871365292415,174.95269569169676,0.9963749178507079,0.9942193114487563
2024-02-06,1.2911772122008003,0.04399632156939892,0.02158259246828971,95.60036784306011,0.03713917119806375,0.009431469609376844,96.28608288019362,0.1962448346149282,0.008796672663872804,80.37551653850718,0.04533917174276909,0.050342665796705655,95.46608282572309,0.033051593413237684,0.0292280248352644,96.69484065867623,4.450504138234426,0.9641907545009972,176.08066173489212,0.9963728662605785,0.9943812291197496
2024-02-07,0.5370613676053619,0.04285302715505131,0.021431839903769064,95.71469728449486,0.037710681448859605,0.009431562186676744,96.22893185511404,0.20050799244774514,0.008765960968930267,79.94920075522549,0.04433650684958656,0.04997875728573696,95.56634931504135,0.033939966039951384,0.02897816293068153,96.60600339600485,4.4517903444505675,0.9636597347189221,176.93511212665476,0.9964530794520331,0.9942302057732083
2024-02-08,0.611231432315028,0.04207753641097127,0.021289930761938233,95.79224635890287,0.037956280110900825,0.009432100554119317,96.20437198890993,0.2022632005253526,0.008736057695851234,79.77367994746474,0.04588945669822827,0.04962520624453065,95.41105433017717,0.0341693145190251,0.02873951741893744,96.5830685480975,4.452662771537658,0.9634317159227117,177.28956212761503,0.9963288434641417,0.9941912165317658
2024-02-09,0.6093757152704515,0.0433948556168388,0.021156214372433826,95.66051443831613,0.03775418385149582,0.0094327544551971,96.22458161485041,0.20665364942978312,0.008710138123268063,79.33463505702169,0.045055201180242206,0.049281419455848366,95.49447988197578,0.03304261225177961,0.028511536230097105,96.69573877482203,4.451180787431056,0.9636193383375474,178.1829125774103,0.9963955839055806,0.9943827559171975
2024-02-10,0.7459988582116254,0.044964490458060356,0.021029813477904807,95.50355095419395,0.03630947680063644,0.009433120635114155,96.36905231993636,0.20932200335690626,0.008684262274562553,79.06779966430936,0.04370228693864411,0.04894717626153117,95.6297713061356,0.03332237001420433,0.02829379438043916,96.66776299857956,4.449414948234683,0.9649627089074458,178.7305260958773,0.9965038170449084,0.9943351970975852
2024-02-11,1.0604154417061362,0.04766541504520183,0.020910226661591372,95.23345849547982,0.03642969766300068,0.009432219089152104,96.35703023369993,0.2105705160301451,0.008660647279500847,78.94294839698549,0.042494302690053616,0.04862213869374734,95.75056973099464,0.03229932409643431,0.02808555088912792,96.77006759035656,4.446376408074148,0.9648507778722045,178.9879562281281,0.9966004557847957,0.9945091149036062
2024-02-12,0.32140383563934405,0.04718597614722567,0.020796850191793798,95.28140238527743,0.03697772675212419,0.0094315815520286,96.30222732478758,0.2133969059227483,0.008640523594385682,78.66030940772517,0.04156915805873698,0.04830594295300484,95.8430841941263,0.032704160604847834,0.027886450879313837,96.72958393951522,4.446915776834372,0.9643408669268715,179.5735480814206,0.9966744673553011,0.9944402926971758
2024-02-13,0.47721224845978133,0.04785993905749563,0.02068981849629032,95.21400609425044,0.03616629599262587,0.009431511882408886,96.3833704007374,0.21732720628229485,0.008621437709487572,78.26727937177051,0.04064862416875445,0.04799823617280159,95.93513758312456,0.033457441545455345,0.02769583728897268,96.65425584545446,4.446157568560317,0.9650960505736396,180.39431783276382,0.9967481100664997,0.9943122349372726
2024-02-14,0.5472302947882767,0.04798467413773806,0.02058856001854022,95.2015325862262,0.03684116514274566,0.009430775072838965,96.31588348572544,0.22200339561081167,0.008602100123977585,77.79966043891883,0.03993602457058189,0.04769870157503738,96.00639754294181,0.033292980881837506,0.027513228236152005,96.67070191181625,4.446017241595045,0.9644678795737498,181.38055934806766,0.9968051180343535,0.9943401932500876
2024-02-15,0.6891992544794028,0.045888555528018266,0.02049281271354719,95.41114444719817,0.03711264774872875,0.009430732432590736,96.28873522512713,0.22610575055612536,0.008581986521468707,77.38942494438746,0.04078014115191273,0.04740702617030945,95.92198588480872,0.033627711837482074,0.027338319070612203,96.63722881625179,4.448375375030979,0.9642154130225974,182.2543776511553,0.996737588707847,0.9942832889876281
2024-02-16,0.8631157067926607,0.04364071019322459,0.02040258606322304,95.63592898067755,0.03680755055334192,0.00943092572043366,96.31924494466581,0.2292633834764968,0.008562055573106117,77.07366165235032,0.039445516858814644,0.04712283203368979,96.05544831411854,0.0358029613563216,0.027170663970520283,96.41970386436785,4.450904201032622,0.9644991488211118,182.93239386872705,0.9968443586512948,0.9939134965694253
2024-02-17,0.4552477045624079,0.04262164849742561,0.020317570587958963,95.73783515025744,0.036766006005441484,0.009430824021375671,96.32339939945585,0.23311129731739397,0.008543333815784824,76.6888702682606,0.041109595107915946,0.04684598339388865,95.88904048920841,0.03612210311735419,0.027009701046619285,96.38778968826458,4.452050645440396,0.9645377975430566,183.76495977805055,0.9967112323913667,0.9938592424700498
2024-02-18,0.5831761579790762,0.041615142367698345,0.020237268492557487,95.83848576323017,0.036664005141163,0.009430713775032105,96.33359948588371,0.23590343848145692,0.008525052167335711,76.4096561518543,0.0416534160380205,0.04657604652709957,95.83465839619795,0.03817160491668534,0.026855306590024306,96.18283950833147,4.45318296483634,0.9646327016667561,184.37341341300572,0.9966677267169584,0.9935108271641635
2024-02-19,0.6445383941340083,0.04061922091030482,0.020161403349142567,95.93807790896952,0.03791383034437053,0.009430537210124329,96.20861696556294,0.2384330238719358,0.008508186299187261,76.15669761280643,0.04306259017695293,0.04631284882080743,95.6937409823047,0.039212560956303134,0.026706979698421913,96.07874390436969,4.454303376475908,0.9634711194360027,184.92777049589344,0.9965549927858438,0.9933338646374285
2024-02-20,1.1308797531925454,0.0436388424146891,0.020089716095725005,95.63611575853109,0.03738691101662338,0.009431433398374192,96.26130889833766,0.24308333208984764,0.008492739118104078,75.69166679101524,0.04340913234686006,0.046056112395188496,95.659086765314,0.041445125694413956,0.02656454022745874,95.85548743055861,4.4509063022834745,0.9639604947589084,185.95456394309775,0.9965272694122512,0.9929543286319497
2024-02-21,0.9061656620115534,0.04207962854362006,0.020021388283176914,95.792037145638,0.03950863177430302,0.009431733809010068,96.04913682256971,0.24599662119745536,0.008476744864897653,75.40033788025447,0.04479434608743455,0.04580568002098139,95.52056539125654,0.0409932357142268,0.02642758940610205,95.90067642857733,4.452660417888428,0.9619929738275795,186.60285553645062,0.9964164523130052,0.9930311499285814
2024-02-22,1.0248391107039951,0.04168838466579072,0.019956889432158217,95.83116153342093,0.03889336737835788,0.009433746468658756,96.11066326216421,0.2520844494812207,0.008461863431221257,74.79155505187794,0.04506162397000412,0.045561285902710906,95.49383760299959,0.04090058000193236,0.02629614802004225,95.90994199980676,4.453100567250986,0.962562695460743,187.96997738815568,0.9963950700823997,0.9930469013996714
2024-02-23,0.6537956568998468,0.0402764156192995,0.019895834162067257,95.97235843807005,0.039366532768179356,0.009434904303169796,96.06334672318206,0.2544159129077989,0.008445575828753207,74.5584087092201,0.04512954029372919,0.045322792980187945,95.48704597062708,0.04233649973558522,0.0261699240490559,95.76635002644149,4.454689032428288,0.9621244945579177,188.49795513686243,0.9963896367765017,0.9928027950449505
2024-02-24,0.9107767868498887,0.039197617300691004,0.019838175793416603,96.0802382699309,0.03899196765515709,0.00943624249992143,96.10080323448429,0.25538774887341464,0.00843111549245063,74.46122511265854,0.04530705713621519,0.04509002077500371,95.46929428637849,0.041944612513582946,0.026048528996383744,95.80553874864171,4.455902680536722,0.9624713483173928,188.71875148841667,0.9963754354291028,0.992869415872691
2024-02-25,0.7214574470456175,0.04084333337195472,0.019783675350200917,95.91566666280454,0.03821511286354945,0.00943703388212302,96.17848871364505,0.25928379021009246,0.008419085292900764,74.07162097899077,0.04490594100436896,0.044862780020014675,95.5094058995631,0.04071297463374092,0.02593192494713332,95.9287025366259,4.454051249956551,0.9631915270832972,189.60812688570013,0.9964075247196504,0.9930787943122641
2024-02-26,0.8232883055233531,0.04016619645704228,0.01973178280995825,95.98338035429576,0.03611680527190696,0.009437037102639295,96.3883194728093,0.26241802728146446,0.0084069767427234,73.75819727185356,0.045808654385116124,0.044640925199390294,95.41913456148838,0.04061385559920542,0.025819977463701137,95.93861444007946,4.454813028985828,0.9651421489467793,190.3284707822525,0.9963353076491908,0.993095644548135
2024-02-27,1.290296706975308,0.04105565376710884,0.01968267497486124,95.89443462328911,0.037077682402754386,0.009435283068262067,96.29223175972457,0.2691756817271841,0.008395420109502333,73.0824318272816,0.04550412943609234,0.04442422139135335,95.44958705639075,0.041398411199436984,0.025712370752670043,95.8601588800563,4.453812389512002,0.9642479217980557,191.8962340624997,0.9963596696451126,0.9929622700960957
2024-02-28,0.33461314705809536,0.041375738090252606,0.019635986888596503,95.86242619097473,0.037363856951587684,0.009434640596780326,96.26361430484123,0.2730326367821426,0.0083821598422541,72.69673632178574,0.04690464926276495,0.044212570023321865,95.30953507372351,0.04135367555653543,0.025608831707898003,95.86463244434646,4.453452294648466,0.9639819175295101,192.7999340295618,0.9962476280589788,0.9929698751553889
2024-02-29,0.4073103163578147,0.04094677495524687,0.01959166494329502,95.90532250447531,0.03772914736318287,0.00943435149687578,96.22708526368172,0.27530108927310454,0.008369526914657852,72.46989107268955,0.04736224168038698,0.04400573244716458,95.26377583196131,0.04176728468393838,0.025509261801347508,95.82327153160615,4.453934878175347,0.9636425868358321,193.33443607763905,0.996211020665569,0.9928995616037305
2024-03-01,0.6704726949189699,0.03995997110973838,0.019549681831996926,96.00400288902617,0.039110216386079096,0.009434422063848065,96.08897836139208,0.27963456813530146,0.008358368002503716,72.03654318646986,0.047782341036582486,0.043803609814296124,95.22176589634175,0.04171152951917622,0.025413448216562218,95.82884704808238,4.455045032501544,0.9623618209412853,194.36163465827104,0.9961774127170734,0.9929090399817401
2024-03-02,0.7959955307199379,0.03848146639644014,0.01950998596073921,96.15185336035599,0.0381045019529198,0.009435632809395973,96.18954980470802,0.2839828493055998,0.008347301659827293,71.60171506944002,0.049353187438843704,0.04360606311989211,95.06468125611562,0.041333100024885265,0.025321274050467954,95.86668999751147,4.456708350304005,0.9632941559532434,195.4003732344201,0.9960517450048925,0.9929733729957695
2024-03-03,0.7135927204092816,0.04078793281362309,0.019472519325290677,95.92120671863769,0.038168818072952714,0.009435792527011677,96.18311819270473,0.2873614975857771,0.00833642964494465,71.26385024142229,0.04880062866798102,0.043412902967357336,95.11993713320189,0.041444046156461016,0.02523261441703981,95.8555953843539,4.454113575584674,0.9632344784311654,196.21299571806108,0.9960959497065616,0.9929545121534016
2024-03-04,1.709765524446601,0.03911110353367398,0.01943666500276723,96.08888964663261,0.037279299952565334,0.00943597379145263,96.27207000474347,0.28615123251027197,0.008326293980278801,71.3848767489728,0.04913690378685082,0.04322410084597592,95.08630962131491,0.0418027308197249,0.025147278137247913,95.81972691802751,4.456000008524617,0.9640604994679156,195.92135412116778,0.996069047697052,0.9928935357606468
2024-03-05,0.6423470354467979,0.03924442567003487,0.019402858643622005,96.07555743299652,0.0364732127503663,0.009435388725883651,96.35267872496337,0.28798159385082334,0.008318955517524979,71.20184061491767,0.04882236400622998,0.04303948878847362,95.117763599377,0.042699175912195436,0.025065104954199096,95.73008240878046,4.45585002112121,0.9648102697670482,196.36266065317423,0.9960942108795016,0.9927411400949268
2024-03-06,0.8272681944479774,0.03763068033327253,0.019370756549917535,96.23693196667274,0.03711715808496912,0.009434230886135719,96.2882841915031,0.29218343660170426,0.008312351930084056,70.78165633982958,0.05069045597959049,0.04285897629293579,94.93095440204095,0.04159734865583404,0.024985918310073647,95.8402651344166,4.4576654846250685,0.9642112197299814,197.38104598688938,0.9959447635216327,0.9929284507285082
2024-03-07,0.7342066495052664,0.03814781972158406,0.019340495801308002,96.18521802784159,0.036855303377500995,0.009433810473287787,96.3144696622499,0.29361737675333827,0.008305275162631704,70.63826232466617,0.049539315336469235,0.04268234880908659,95.04606846635308,0.042076660453732304,0.024909769386025196,95.79233395462677,4.457083702813218,0.9644547283912743,197.73026945281188,0.9960368547730825,0.9928469677228655
2024-03-08,0.5943778765031194,0.03903616883907623,0.01931170382003161,96.09638311609238,0.037506212854808374,0.00943324231395733,96.24937871451917,0.2982608476963764,0.008299119475605729,70.17391523036235,0.049312327968202126,0.04250963191148202,95.06876720317979,0.04186109687575211,0.024836398039684883,95.81389031242479,4.456084310056039,0.9638496498718729,198.86699420162807,0.9960550137625438,0.9928836135311221
2024-03-09,1.2647218695296207,0.038652903147629675,0.019284255375026448,96.13470968523703,0.037990323843896744,0.009433323607058649,96.20096761561032,0.3049266266431805,0.008292357435766022,69.50733733568195,0.05084686132307328,0.04234067509345359,94.91531386769267,0.04123243714329503,0.024765751175429004,95.8767562856705,4.456515483958917,0.9634001175432825,200.51429295801424,0.9959322510941542,0.9929904856856399
2024-03-10,0.8622918433820569,0.03998215198668849,0.019258244973401794,96.00178480133114,0.03642074765556566,0.009433792749264583,96.35792523444343,0.30943691667463624,0.008284486860046543,69.05630833253637,0.049932014859037525,0.04217529829756602,95.00679851409625,0.04148241286304097,0.024697754148251067,95.8517587136959,4.455020079014975,0.9648591098374371,201.63919247091124,0.996005438811277,0.992947989813283
2024-03-11,0.6344522542004843,0.04046894822449891,0.019233380477200353,95.95310517755011,0.036400345285373906,0.00943286196505428,96.3599654714626,0.3143748374130976,0.008276733551709103,68.56251625869024,0.049784283367109584,0.04201350930549316,95.02157166328904,0.04237919816886088,0.02463222750590598,95.76208018311392,4.454472433247439,0.9648781038611571,202.88017958913014,0.9960172573306312,0.9927955363112937
2024-03-12,0.436687198639283,0.03954713426306001,0.019209708519493898,96.045286573694,0.036195580665828474,0.009432082191188953,96.38044193341715,0.31818921238959763,0.00826904579512104,68.18107876104024,0.05006836962824463,0.041855177618313054,94.99316303717553,0.04327303597567208,0.024569019695336536,95.67269640243279,4.4555094739540575,0.9650687752957118,203.8455022374836,0.9959945304297404,0.9926435838841358
2024-03-13,0.962980476743431,0.04181981799903724,0.019187346426733327,95.81801820009628,0.03633973849633092,0.009431269405338694,96.3660261503669,0.32077183574022544,0.008261872831262038,67.92281642597746,0.05050774197507663,0.04170019222575364,94.94922580249234,0.045540342319006735,0.02450804052107688,95.44596576809933,4.452952704751083,0.9649345314606408,204.5023965256181,0.9959593806419939,0.9922581418057689
2024-03-14,0.6158440786279114,0.04061854421302157,0.019165824694487247,95.93814557869784,0.03716099196151119,0.00943071415851553,96.28390080384888,0.3240626369301575,0.008255526832044419,67.59373630698424,0.05181928482269728,0.04154845786265246,94.81807151773027,0.04475629803865589,0.024449091539357405,95.52437019613441,4.454304137760351,0.9641704689536855,205.34325482226808,0.9958544572141842,0.9923914293334285
2024-03-15,0.8228996595245248,0.040484829459069865,0.019145536278318786,95.95151705409302,0.03564628604655765,0.009430948289203952,96.43537139534423,0.3289808414285175,0.008249665992696593,67.10191585714824,0.052113938282541135,0.04139985319714762,94.78860617174588,0.04537909387907197,0.024392342606428998,95.4620906120928,4.454454566858546,0.9655806364327028,206.60791580699487,0.9958308849373967,0.9922855540405577
2024-03-16,0.5840885983918078,0.04007894706425573,0.019126285196241138,95.99210529357443,0.036125004693157194,0.009429867904571938,96.38749953068428,0.33101509263754647,0.00824382754784628,66.89849073624535,0.05078585381704385,0.041254338391007096,94.92141461829561,0.04566565752888288,0.024337594690702995,95.43343424711172,4.454911184552712,0.9651345112515112,207.1337787369477,0.9959371316946365,0.9922368382200899
2024-03-17,0.46650655733037977,0.040215847708337214,0.01910804931377013,95.97841522916627,0.03514374739638316,0.009429389895188092,96.48562526036169,0.3342544463911992,0.008238789049729437,66.57455536088008,0.049946172323426935,0.041111898152687266,95.00538276765731,0.04636616319491219,0.024284797358582147,95.36338368050879,4.45475717132812,0.9660494037810908,207.97450436044957,0.9960043062141258,0.9921177522568649
2024-03-18,0.43973316010451396,0.03989867496561838,0.019090710920515976,96.01013250343816,0.03486963819768818,0.009428172892130802,96.51303618023118,0.3370528975865696,0.00823412093554741,66.29471024134304,0.051148521692700795,0.04097243329697777,94.88514783072992,0.047481634209566026,0.02423384332284649,95.25183657904338,4.455113990663679,0.9663052843463295,208.70408892606952,0.9959081182645839,0.9919281221843738
2024-03-19,0.9700165103759465,0.04230692622450805,0.019074281848641465,95.7693073775492,0.035292017423377633,0.009426932190473622,96.47079825766224,0.34143462347407716,0.008229881782980885,65.85653765259228,0.051191628789420275,0.040835787368296045,94.88083712105797,0.04917519125283922,0.02418462997280646,95.08248087471608,4.452404707997428,0.965911050380537,209.85254105949682,0.9959046696968463,0.9916402174870174
2024-03-20,1.1005005246261006,0.04269622638963255,0.01905837605636938,95.73037736103674,0.034179182505728156,0.009426266912190017,96.58208174942719,0.3420575038561646,0.008225703815984876,65.79424961438353,0.0515724847975867,0.04070193457313271,94.84275152024134,0.048194397878476875,0.024137045928358407,95.18056021215232,4.451966745311664,0.9669504249515881,210.01639953575977,0.9958742012161931,0.991806952360659
2024-03-21,0.33932890120910936,0.04218205229890979,0.019043219379654426,95.78179477010902,0.03467769684717549,0.00942477750415419,96.53223031528245,0.3455052431949592,0.008222335132115698,65.44947568050408,0.05091649718047025,0.04057079187332557,94.90835028195298,0.048907082838996176,0.02409124017584379,95.10929171610039,4.452545191163726,0.9664845420435331,210.9260774571747,0.9959266802255624,0.9916857959173706
2024-03-22,0.6000313021852898,0.04404325620202715,0.019028884424786188,95.59567437979727,0.03497749168613437,0.009423968698724455,96.50225083138656,0.3487207237979133,0.008219090515380096,65.12792762020867,0.05149686209010295,0.040442331338284974,94.8503137909897,0.04908827837365261,0.024047012784108986,95.09117216263473,4.450451336772719,0.9662045870880238,211.77857561437153,0.9958802510327918,0.991654992676479
2024-03-23,0.8694317246069247,0.045495185530313835,0.0190150358041227,95.45048144696861,0.03578098988810351,0.00942355705341408,96.42190101118965,0.350138444127427,0.008216029887625369,64.9861555872573,0.05125242983184614,0.04031643955350279,94.87475701681538,0.05001417224578828,0.024004345845696162,94.99858277542117,4.448817916278397,0.9654550621826252,212.15569845970552,0.9958998056134523,0.991497590718216
2024-03-24,0.7217826963092188,0.047039846808428855,0.01900170097667444,95.2960153191571,0.036678216835061304,0.009423887052157548,96.33217831649387,0.3524496985867703,0.008213426265985563,64.75503014132298,0.050146110488008065,0.040193084673844116,94.98538895119918,0.04995071343845589,0.023963123793943844,95.0049286561544,4.447080172340518,0.9646194776359454,212.77214510042995,0.9959883111609593,0.9915083787154625
2024-03-25,0.8097863208714363,0.046513387632649915,0.018988840921306278,95.34866123673501,0.03868216872128952,0.009424917508686455,96.13178312787105,0.3556962805049519,0.008211055299363905,64.4303719495048,0.04848590866107148,0.04007223654724128,95.15140913389286,0.05002620922495223,0.023923368690295363,94.99737907750477,4.447672438913269,0.9627584164952878,213.6414755623988,0.9961211273071143,0.9914955444317581
2024-03-26,1.0819969080951226,0.04595170370308286,0.018976687076355202,95.40482962969172,0.038239631135165465,0.009427442336620113,96.17603688648344,0.35618808527420176,0.00820876166285857,64.38119147257983,0.05000604380022145,0.03995385432229195,94.99939561997786,0.050056349631337725,0.02388501533628173,94.99436503686623,4.448304333334032,0.9631687810902038,213.77351235646938,0.9959995164959823,0.9914904205626726
2024-03-27,1.158148464041721,0.044462060229605166,0.018965211311964197,95.55379397703948,0.03875251023030536,0.009429142696003284,96.12474897696947,0.35709124853001417,0.00820691344892183,64.29087514699859,0.05114635280981657,0.039837762441332795,94.88536471901834,0.052009454389318754,0.02384801587347671,94.79905456106812,4.449980182241695,0.9626932211006513,214.0162256525122,0.9959082917752147,0.9911583927538158
2024-03-28,0.835037057479689,0.04483232877453682,0.018954490050774764,95.51676712254633,0.03931241573209736,0.009430973136950531,96.06875842679027,0.3625499547730992,0.008205360208904633,63.745004522690074,0.05018442827039378,0.03972392053601771,94.98155717296062,0.05225296182827594,0.02381217424398033,94.7747038171724,4.449563630128646,0.9621745924160777,215.48970552876958,0.9959852457383686,0.991116996489193
2024-03-29,0.4901645734248012,0.04422751054474151,0.018944256927464043,95.57724894552585,0.03909186807783556,0.009432954042893528,96.09081319221644,0.366656632470488,0.008203518883480792,63.334336752951195,0.04942538223516903,0.03961235104596306,95.0574617764831,0.053141201703940134,0.02377757746239964,94.685879829606,4.450244050637166,0.9623788143485814,216.60557360546576,0.9960459694211865,0.9909659957103302
2024-03-30,0.9412500561359861,0.0455537559490641,0.018934606102258875,95.44462440509359,0.03876187899833052,0.009434412167737136,96.12381210016694,0.3678397522260147,0.00820168452388328,63.21602477739853,0.050281787912615006,0.039502992851072526,94.9718212087385,0.05228771125068561,0.023744131421629525,94.77122887493144,4.448752024557303,0.9626845384086405,216.92821568369231,0.9959774569669908,0.9911110890873834
2024-03-31,0.4547967718987917,0.044658935517000974,0.01892527630291949,95.53410644829991,0.038848387241710504,0.009435327469410143,96.11516127582895,0.3715117963573065,0.008200153871220132,62.84882036426935,0.04921505800541437,0.039395737282653394,95.07849419945856,0.052579515148286626,0.02371192523738453,94.74204848517134,4.449758697543374,0.9626043725736935,217.9329019253387,0.9960627953595669,0.9910614824247913
2024-04-01,0.6083732261970057,0.045779262166365596,0.018916518593534916,95.42207378336343,0.038704913142867135,0.009436161267394022,96.12950868571329,0.37584761236827324,0.0081986718319908,62.415238763172674,0.050594163540649564,0.03929060286028454,94.94058364593504,0.05318515889361736,0.023680827253938375,94.68148411063825,4.448498330062839,0.9627373350668424,219.1256054559073,0.995952466916748,0.9909585229880851
2024-04-02,0.5422737546869022,0.0463554348609938,0.01890805911419419,95.36445651390062,0.04005925944906689,0.009436737529697346,95.99407405509332,0.37860825483277977,0.00819723634016786,62.139174516722015,0.05126587632672148,0.03918745545751571,94.87341236732784,0.05282810684607469,0.023650773882114395,94.71718931539253,4.447850135781382,0.9614836759683416,219.888605139509,0.9958987298938623,0.9910192218361673
2024-04-03,0.3678466703941316,0.0466356427325356,0.018899952759841736,95.33643572674644,0.04053679579157452,0.009438324669243648,95.94632042084254,0.3825191962717244,0.00819597393013091,61.74808037282755,0.0519970764146368,0.03908627464594175,94.80029235853632,0.053702002101585225,0.02362179927390403,94.62979978984147,4.447534901925898,0.9610424196861421,220.97429815524941,0.9958402338868291,0.9908706596427305
2024-04-04,0.5757683829819287,0.04749885147392402,0.018892215493864065,95.2501148526076,0.04156742992318294,0.009440030779557688,95.8432570076817,0.3863869855466859,0.008194829157683525,61.36130144533141,0.05145939469765552,0.03898701371984293,94.85406053023445,0.05484285572345806,0.023593773011836447,94.5157144276542,4.446563792091836,0.9600914652964441,222.05348474275175,0.9958832484241875,0.9906767145270121
2024-04-05,0.38965305793184407,0.04784730291450428,0.018884757650122725,95.21526970854957,0.041372250029192155,0.009442296566708286,95.86277499708078,0.38993797085162785,0.008193827376085915,61.00620291483722,0.05270311788306958,0.0388896724507417,94.72968821169304,0.0557598798654927,0.023566641398232183,94.42401201345074,4.446171784221183,0.9602714110847178,223.0490455385709,0.9957837505693544,0.9905208204228663
2024-04-06,0.8047819749287596,0.04668687545394197,0.0188776283643025,95.3313124546058,0.04315044089379107,0.009444005013323941,95.6849559106209,0.393964396088721,0.008192988415784455,60.6035603911279,0.05179763122810185,0.03879414755306191,94.82023687718981,0.0559583756235679,0.023540389076532994,94.40416243764321,4.4474772651143155,0.9586344987240585,224.18339708101178,0.9958561895017518,0.9904870761439935
2024-04-07,0.9512587060106188,0.047647416688187685,0.01887099258404921,95.23525833118123,0.043188638216722974,0.009446892264838786,95.68113617832769,0.3951258119377826,0.008192315977933325,60.48741880622174,0.05374699505731683,0.03870047055171547,94.62530049426832,0.055465712680497894,0.023515036985408747,94.45342873195021,4.446396656225789,0.9585993974296425,224.51168020085217,0.9957002403954146,0.9905708288443154
2024-04-08,0.6784626920822455,0.048284886849975596,0.01886457071774367,95.17151131500245,0.04419677309600183,0.009449305454276719,95.58032269039983,0.39683215140235484,0.008191796721364938,60.31678485976452,0.05393400219289425,0.03860850543805107,94.60659978071058,0.05604302323170631,0.023490603448022958,94.39569767682937,4.445679502293777,0.9576739037748986,224.99486574463248,0.9956852798245684,0.9904726860506099
2024-04-09,0.5690829296990747,0.04780896365688446,0.01885839193035842,95.21910363431155,0.04381426640472831,0.009452122718913564,95.61857335952718,0.4010604261036244,0.008191405601437553,59.89395738963756,0.052725235999926574,0.03851827311807324,94.72747640000733,0.05682328764731496,0.02346697779533654,94.3176712352685,4.446214915886005,0.9580248442516116,226.19666634031722,0.9957819811200058,0.9903400410999564
2024-04-10,0.8694222903503319,0.04654329091062054,0.0188525759215732,95.34567090893795,0.042765972889108994,0.009454142919134979,95.72340271108911,0.4028244980855699,0.008191170216487286,59.717550191443,0.05303590086522725,0.03842978103307924,94.69640991347728,0.05606840352343782,0.023444116123595305,94.39315964765622,4.447638797725552,0.958987947438848,226.69994750029642,0.9957571279307819,0.9904683714010156
2024-04-11,0.11623644598286743,0.046429252079768314,0.0188472018119958,95.35707479202317,0.042948765786842535,0.009454939288824639,95.70512342131575,0.40623861587826826,0.008191031466174678,59.37613841217318,0.052869377287189843,0.038342941476357584,94.71306227128102,0.05634267056819269,0.02342210267246191,94.36573294318073,4.4477670914102605,0.9588198699727687,227.67711023320425,0.9957704498170248,0.9904217460034073
2024-04-12,0.8628022064897608,0.046471513284409384,0.018842106470871596,95.35284867155906,0.043486255353025,0.00945575734560072,95.6513744646975,0.41093663298901256,0.008191034768906126,58.90633670109875,0.05065026592983472,0.03825773385991358,94.93497340701653,0.05757558785980197,0.023400832411640673,94.2424412140198,4.447719547555039,0.9583259912337675,229.0284641788678,0.9959479787256132,0.9902121500638337
2024-04-13,0.5330460263926009,0.04750621685764301,0.018837260137763108,95.2493783142357,0.04301787820163304,0.009456868257216446,95.6982121798367,0.41477754997935234,0.008191244261499272,58.522245002064764,0.05014486539232633,0.038174188761245904,94.98551346076736,0.05693583094434099,0.023380210650782465,94.30641690556591,4.446555506035152,0.9587563366835051,230.13903668559524,0.9959884107686139,0.990320908739462
2024-04-14,1.2335723998881858,0.04625346305159064,0.018832529673624986,95.37465369484094,0.04483145453118718,0.009457398075910022,95.51685454688128,0.42073620535233563,0.008191621580175657,57.92637946476644,0.04994979086348208,0.038092215031882,95.00502091365179,0.056373949995844656,0.023360348647491862,94.36260500041553,4.447964854066961,0.9570921660744767,231.87212887816347,0.9960040167309214,0.9904164285007064
2024-04-15,0.4516387740451073,0.04738855007966011,0.01882818315280073,95.26114499203399,0.04459624734802905,0.009459339778868411,95.5403752651971,0.4241042927408377,0.008192325768983983,57.589570725916225,0.049832634510108186,0.03801176900723006,95.01673654898917,0.05582546413005257,0.023341213515126105,94.41745358699474,4.446687881160382,0.9573076703451234,232.85720080281516,0.9960133892391914,0.990509671097891
2024-04-16,0.498482452629231,0.046342494649623076,0.01882391556997596,95.36575053503769,0.04449955821525034,0.009460750844098411,95.55004417847496,0.42719946594112834,0.008193146470634363,57.280053405887166,0.051071736906837924,0.037932815687510925,94.8928263093162,0.05565449360657528,0.023322778537046892,94.43455063934248,4.447864693519174,0.9573962881408133,233.76590913149016,0.995914261047453,0.9905387360868823
2024-04-17,0.48649520813728975,0.04571266137758282,0.018819985078742406,95.42873386224173,0.045566354820321724,0.009461835073215751,95.44336451796784,0.4306796309402484,0.008194061072750525,56.93203690597516,0.05125702656494782,0.03785528106407789,94.87429734350522,0.05507592336084483,0.023304992051916103,94.49240766391551,4.448573255950219,0.9564194518977686,234.79158490124837,0.9958994378748042,0.9906370930286563
2024-04-18,0.7506218975684494,0.04669051245859043,0.018816326147791152,95.33094875414095,0.04578408498502066,0.009463601025160103,95.42159150149794,0.4358548262651239,0.00819511154367836,56.41451737348761,0.05093784926968821,0.037779168376522954,94.90621507303118,0.05547423985919145,0.02328786028531858,94.45257601408086,4.447473173484085,0.9562203272717844,236.32449446837168,0.9959249720584249,0.9905693792239375
2024-04-19,1.1575937950667639,0.048700402341911704,0.018812729647205238,95.12995976580882,0.04531919060613502,0.009465249343160927,95.4680809393865,0.4365409040445299,0.008196487137679061,56.34590959554701,0.05046409258668453,0.03770446322824599,94.95359074133155,0.055554214007820686,0.023271290316677445,94.44457859921793,4.44521204736535,0.9566455958970232,236.52839935042445,0.9959628725930653,0.9905557836186705
2024-04-20,1.099000810058885,0.050095577432715796,0.018809071685274664,94.99044225672843,0.04527424710811241,0.009466220289281482,95.47257528918875,0.4425422662045719,0.008197636167304165,55.745773379542804,0.04966347163796209,0.037631141027782464,95.0336528362038,0.05614423324270154,0.023255285492066582,94.38557667572984,4.443642475388195,0.9566867286423926,238.31884643826527,0.996026922268963,0.9904554803487408
2024-04-21,0.5228342412041875,0.05015017256953981,0.018805426672409132,94.98498274304602,0.044956561816018516,0.009466991596697389,95.50434381839816,0.44470628429798503,0.008199266015276792,55.529371570201505,0.049845717346210995,0.037559182734360756,95.0154282653789,0.05728728518678667,0.023239789611524415,94.27127148132132,4.443581055859267,0.9569775783426929,238.96745241333372,0.9960123426123031,0.9902611615182463
2024-04-22,0.8625446587266317,0.04966028959939919,0.018801957005426497,95.03397104006008,0.04505885330694325,0.009467358422011662,95.49411466930567,0.44571159181695463,0.008200819769179267,55.428840818304536,0.049213828256809464,0.03748853021711155,95.07861717431906,0.057197317408338805,0.023224746422083227,94.28026825916612,4.444132174200676,0.9568839083422329,239.2693039275674,0.9960628937394552,0.9902764560405825
2024-04-23,0.6208501622336491,0.050068662175534705,0.018798716405189514,94.99313378244652,0.04614444200070585,0.009467755221373811,95.3855557999294,0.44781086742392895,0.008202165137729183,55.218913257607106,0.04974000983935323,0.03741918102783833,95.02599901606467,0.05658377976799901,0.02321022646594063,94.3416220232001,4.443672755052523,0.9558909456972724,239.90072578594263,0.9960207992128517,0.9903807574394402
2024-04-24,0.4238479891069921,0.04936273645316016,0.01879558836747042,95.06372635468398,0.04640032890990495,0.009468972408580353,95.3599671090095,0.4518476282448407,0.008203503783155907,54.81523717551593,0.04996313613812345,0.03735107366462571,95.00368638618765,0.056202450149657614,0.023196248589424304,94.37975498503424,4.444466921490195,0.9556571919675878,241.1190672151278,0.9960029491089502,0.9904455834745582
2024-04-25,0.7496419270137386,0.05131164010131975,0.01879270004260927,94.86883598986803,0.04728532001875995,0.00947018660853503,95.27146799812401,0.45469415645227546,0.00820513329508571,54.53058435477245,0.05100933350739428,0.037284191909443466,94.89906664926058,0.05611615447762812,0.023182777343138918,94.3883845522372,4.442274404886016,0.9548496296902997,241.981463233207,0.9959192533194084,0.9904602537388032
2024-04-26,1.07569798642537,0.04851980801666805,0.018789719937142152,95.1480191983332,0.048382806850408085,0.009471927757635279,95.16171931495919,0.4586307816559917,0.008206837016319406,54.13692183440083,0.051956597152855076,0.037218486350981045,94.8043402847145,0.05659469767478237,0.023169773997293048,94.34053023252176,4.445415215981249,0.9538500569312447,243.1785728136911,0.9958434722277716,0.990378901395287
2024-04-27,1.433408160068186,0.05139860592362119,0.01878722154176026,94.86013940763787,0.0478800181584685,0.009474265415245268,95.21199818415315,0.4648878308412789,0.008208793122909055,53.511216915872104,0.052393833865138656,0.03715393644250005,94.76061661348614,0.05660501148386745,0.023157183160945952,94.33949885161326,4.442176568335926,0.9543077286246834,245.09189928653257,0.9958084932907889,0.9903771480477426
2024-04-28,1.1694287235943712,0.05163176510620431,0.018784502969305134,94.83682348937957,0.048054488112214036,0.009475780997976805,95.1945511887786,0.4649129427250294,0.00821138147431128,53.508705727497066,0.052019388839654124,0.037090534099916014,94.79806111603459,0.056846151944245554,0.02314502323550723,94.31538480557545,4.44191426425552,0.9541488647228913,245.09960427086145,0.9958384488928277,0.9903361541694783
2024-04-29,0.3329304141692061,0.051525101536002336,0.01878188987409635,94.84748984639977,0.04823690665582924,0.009477187112080402,95.17630933441707,0.4677727727084275,0.008213402087855315,53.22272272915725,0.051680353450117525,0.03702827998205408,94.83196465498824,0.057841534604900775,0.0231332627598325,94.21584653950991,4.442034260771997,0.9539828197714212,245.97843497896113,0.9958655717239906,0.9901669391171669
2024-04-30,1.2485850640753067,0.05322773433429652,0.018779420381026226,94.67722656657035,0.048464725535624205,0.009478490023781178,95.15352744643758,0.4741440944943406,0.008215488871275729,52.58559055056594,0.05096365786797841,0.036967150155887196,94.90363421320215,0.05793981142917114,0.023121836027943946,94.20601885708288,4.440118798873916,0.9537755306828607,247.94601550186417,0.9959229073705618,0.9901502320570409
2024-05-01,0.2458541020925337,0.05385868406243647,0.018776869132395315,94.61413159375635,0.048122020039400415,0.009479756448930704,95.18779799605997,0.47749004056859373,0.008218312949822039,52.25099594314062,0.05114792344675938,0.036907132966417386,94.88520765532407,0.05811971850879148,0.023110793540452115,94.18802814912085,4.439408980429759,0.9540873876139045,248.98462247811074,0.9959081661242593,0.9901196478535055
2024-05-02,0.7595922746494883,0.05556603969020639,0.01877436852181416,94.44339603097937,0.04827397520982431,0.009480522950655488,95.17260247901757,0.48206208225069314,0.008221173215269849,51.79379177493069,0.052261260918281684,0.036848180208495195,94.77387390817184,0.05839773588604205,0.02310011635530579,94.1602264113958,4.437488205348518,0.9539490854953624,250.40971011185417,0.9958190991265374,0.9900723848993729
2024-05-03,0.7419647497962127,0.05537825303446134,0.018771787725810563,94.46217469655387,0.04832063213032025,0.00948127719250374,95.16793678696797,0.4872714075001036,0.008224336274781991,51.27285924998964,0.052001555034698825,0.03679024426050509,94.79984449653011,0.05935808218156526,0.023089785200807452,94.06419178184348,4.437699465336231,0.9539066287075486,252.04169102810695,0.9958398755972241,0.989909126029134
2024-05-04,0.3459621186644285,0.05625999032568802,0.018769356572905883,94.37400096743119,0.0485237525386189,0.00948194441712586,95.14762474613812,0.49062289727090813,0.008227910538890151,50.937710272909186,0.05247036632340956,0.03673334443546207,94.75296336765905,0.05896175054455363,0.023079740649265372,94.10382494554463,4.436707510883601,0.9537218375633969,253.0962749844359,0.9958023706941272,0.9899765024074259
2024-05-05,0.5373797505392174,0.056929081057443286,0.01876694123010348,94.30709189425566,0.04877504597679808,0.009482658094400616,95.1224954023202,0.4927360466036777,0.008231435524634723,50.726395339632234,0.05178715109353666,0.03667743970665038,94.82128489064633,0.05873569576877609,0.02307006694921489,94.12643042312239,4.435954783810376,0.9534933195026866,253.76305666212903,0.9958570279125171,0.9900149317193081
2024-05-06,1.012185179950494,0.05414473722311354,0.01876456500369054,94.58552627768864,0.04930144512195863,0.009483455187135793,95.06985548780413,0.4958760069620226,0.008234659900568153,50.41239930379774,0.05274959203729112,0.036622543245582964,94.72504079627089,0.059374561874912794,0.023060739306885084,94.06254381250872,4.439087170623997,0.9530149840628225,254.75648020775972,0.9957800326370168,0.9899063244812648
2024-05-07,0.5326335869725881,0.05540353018815818,0.018762638636562953,94.45964698118419,0.04981674837886217,0.009484554946264044,95.01832516211378,0.49873199129685625,0.008237894351960722,50.12680087031438,0.05373357039616421,0.036568588823522284,94.62664296038358,0.05902338762326565,0.02305168588595447,94.09766123767344,4.437671028538322,0.9525471960170291,255.66279519428193,0.9957013143683069,0.9899660241040449
2024-05-08,1.2448209913737243,0.05201244455182843,0.01876065909545333,94.79875554481715,0.0498245954376304,0.009485875095158103,95.01754045623696,0.5019414486067054,0.008241085965091278,49.80585513932946,0.05476011352365026,0.03651555787643867,94.52398864763497,0.058152436740056816,0.02304296605327575,94.18475632599433,4.441485999879193,0.9525400760716027,256.6843816339289,0.995619190918108,0.9901140857541904
2024-05-09,0.44222597518389267,0.05169415237571366,0.01875918335481869,94.83058476242864,0.05052067306046917,0.009486966697782064,94.94793269395309,0.5053544894893583,0.008244342651507027,49.46455105106416,0.05565015930886186,0.03646343146113595,94.43498406911381,0.05744691715499896,0.023034603835641536,94.2553082845001,4.441844078577322,0.9519089206371465,257.7743586493468,0.995547987255291,0.9902340240836501
2024-05-10,0.790482243025606,0.05165136122339273,0.018757815346374048,94.83486387766072,0.05201942919888686,0.009488458890952279,94.7980570801113,0.5070774058320411,0.00824771670410764,49.29225941679589,0.05525114583717872,0.036412195880954484,94.47488541628213,0.05691754991155314,0.023026574678503078,94.30824500884468,4.441892218623683,0.9505527866167836,258.32598444050694,0.9955799083330257,0.990324016515036
2024-05-11,0.9177639589941358,0.05362332805736123,0.018756519367025232,94.63766719426387,0.05130283637580292,0.009490922133778293,94.86971636241971,0.5117896876506979,0.008250777776860002,48.82103123493021,0.056522875137437874,0.036361870000363526,94.34771248625621,0.05714396894241896,0.023018855360640897,94.28560310575811,4.439673755935469,0.9512007058283403,259.83950091456967,0.995478169989005,0.9902855252797887
2024-05-12,0.3948609508729803,0.05399894654295025,0.01875505431474521,94.60010534570497,0.05229774173233572,0.00949236014517781,94.77022582676643,0.5144514952738292,0.008254357716946688,48.55485047261708,0.05683621531969794,0.03631239031748605,94.31637846803021,0.057449357264348175,0.023011383931628965,94.25506427356518,4.439251185139181,0.9503013836689974,260.69752361527645,0.9954531027744241,0.9902336092650608
2024-05-13,0.3310674521601602,0.05452509857506065,0.018753618362476264,94.54749014249394,0.05181658972631038,0.009494354830589174,94.81834102736896,0.5182641046396962,0.00825784030642909,48.173589536030384,0.05712933389387833,0.036263767162591,94.28706661061217,0.05790852108081609,0.02300414628782981,94.20914789191839,4.438659264103057,0.9507360976881023,261.9303727889422,0.9954296532884898,0.9901555514162612
2024-05-14,0.833399653255458,0.05680721869701158,0.01875218957179234,94.31927813029884,0.05100184471207154,0.009495619849189002,94.89981552879284,0.5213936426030853,0.008261561638279536,47.86063573969147,0.05718111503843026,0.03621598467984016,94.28188849615697,0.05753696053622654,0.022997123467726525,94.24630394637734,4.436091878965862,0.9514731158953924,262.945739154833,0.9954255107969255,0.9902187167088415
2024-05-15,0.7904851651053626,0.059099756396385025,0.01875055901036516,94.0900243603615,0.05042806963300519,0.009495999635186533,94.95719303669948,0.5245321486387383,0.008265306144550165,47.54678513612617,0.05714266160738819,0.036169033580167174,94.28573383926118,0.058036779074297315,0.02299036512771589,94.19632209257027,4.433512774054067,0.9519928388331972,263.96708013381163,0.9954285870714089,0.9901337475573695
2024-05-16,0.6972563065189223,0.05787954023304573,0.018748734618719818,94.21204597669542,0.04975714570619588,0.009495843924343137,95.02428542938041,0.5273315464349204,0.008269085280234073,47.26684535650796,0.0587000998319476,0.0361229005579339,94.12999001680524,0.05778722744666388,0.022983802647640134,94.22127725533362,4.434885517237824,0.9526012793437828,264.8806499388894,0.9953039920134442,0.9901761713340671
2024-05-17,0.5855385107802169,0.05703229726575661,0.01874714705524446,94.29677027342433,0.050198513738490096,0.009495159983464648,94.98014862615099,0.5315000285524487,0.008272811251817405,46.84999714475513,0.0581683043874718,0.03607752694773771,94.18316956125283,0.05706712128715891,0.022977480620590882,94.29328787128411,4.435838665576024,0.9522009286036849,266.24551155433227,0.9953465356490022,0.990298589381183
2024-05-18,0.3996702284543686,0.05725987414528053,0.018745737593977112,94.27401258547195,0.04937338724217654,0.00949496569057333,95.06266127578235,0.5347007439537829,0.008276892477168575,46.52992560462172,0.05902396572542433,0.03603295496948598,94.09760342745757,0.057058130508542595,0.022971422482852888,94.29418694914574,4.43558264158656,0.9529496480066709,267.2971438356272,0.995278082741966,0.9903001178135478
2024-05-19,0.452723470306846,0.057112616596346345,0.018744370460922307,94.28873834036537,0.0490391583120867,0.009494127090646277,95.09608416879132,0.5374677818847278,0.008280996472413513,46.253221811527226,0.05806868378949556,0.035989132219331636,94.19313162105044,0.05784678404899512,0.02296557094185492,94.21532159510049,4.43574830632911,0.95325326235582,268.20882721004426,0.9953545052968403,0.9901660467116709
2024-05-20,0.973966811652733,0.05704470671603281,0.018743090891343104,94.29552932839673,0.04823159204009972,0.009493149431154682,95.17684079599003,0.538554714858894,0.008285005969615837,46.144528514110604,0.05905553162793618,0.035946093388796035,94.09444683720638,0.05930736472509725,0.02295986491106197,94.06926352749028,4.435824704944463,0.9539876565385422,268.56759292811205,0.9952755574697651,0.9899177479967335
2024-05-21,0.5720694675167228,0.058335022057446555,0.018741881427942066,94.16649779425535,0.04848743744466184,0.009491687222414537,95.15125625553381,0.5429296773983979,0.008288459956292522,45.707032260160204,0.05957369969774093,0.035903771649762196,94.04263003022591,0.05938201286616856,0.022954253141743097,94.06179871338315,4.434373100185373,0.9537548703846813,270.01530330265945,0.9952341040241808,0.9899050578127514
2024-05-22,0.5448325198804654,0.05747309988781809,0.01874057686733766,94.25269001121819,0.048081537785186305,0.009490696754156992,95.19184622148137,0.5452740025445691,0.00829245113719012,45.472599745543086,0.05976351654113332,0.03586216627967437,94.02364834588667,0.058972056936719884,0.022948826875378626,94.10279430632801,4.435342762626205,0.9541242393346682,270.7934659369297,0.9952189186767093,0.9899747503207577
2024-05-23,0.8291172323407553,0.059089908273349874,0.018739440661412286,94.09100917266501,0.04757736342199889,0.00948953492738422,95.24226365780011,0.5471722104211301,0.008296275289067578,45.28277895788699,0.05886227134736652,0.03582127286236915,94.11377286526334,0.05858150350080398,0.022943613154380586,94.1418496499196,4.433523853192481,0.954583436905716,271.4247738954022,0.9952910182922107,0.9900411444048633
2024-05-24,0.46948180394925576,0.05881448319524237,0.018738168365270043,94.11855168047576,0.04778934566158713,0.00948815694173292,95.22106543384129,0.5517150476984302,0.008299840923333135,44.82849523015698,0.05919676525862964,0.0357811070077674,94.08032347413705,0.058675677952997427,0.022938603165456976,94.13243220470025,4.433833706405352,0.9543903115073074,272.94008203589874,0.9952642587793096,0.9900251347479905
2024-05-25,0.7203262959216884,0.05940671468976576,0.018736991645649643,94.05932853102343,0.048305677272244,0.009487194546248268,95.1694322727756,0.5534733618101626,0.008304017178539862,44.65266381898374,0.06000470519459032,0.03574162253934746,93.99952948054097,0.06001484987093297,0.022933756922210346,93.99851501290671,4.433167445974013,0.9539202368931756,273.52826452733126,0.9951996235844328,0.9897974755219414
2024-05-26,1.1795217894285255,0.05717039885483919,0.01873580189250297,94.28296011451607,0.047230882406293244,0.009486828679876864,95.27691175937068,0.5547939667330876,0.008307830807885244,44.520603326691244,0.059583278036912164,0.03570279446961143,94.04167219630878,0.05937957000955406,0.02292898428941792,94.06204299904459,4.435683301288306,0.9548992651001967,273.97064165801703,0.995233337757047,0.9899054730983758
2024-05-27,0.6633408647652136,0.05701164105668393,0.018734939523297703,94.29883589433162,0.04887593220740951,0.009485629256996607,95.11240677925905,0.5590132621862655,0.008311228213673116,44.098673781373456,0.06038492264832371,0.0356646431251913,93.96150773516763,0.05949030873340776,0.022924417155278203,94.05096912665923,4.43586190381123,0.9534016076576877,275.3875514773207,0.9951692061881341,0.9898866475153206
2024-05-28,0.6785718749994154,0.05635031002147067,0.018734136837709896,94.36496899785294,0.04807637790594367,0.009486002431044705,95.19236220940563,0.5616399880233572,0.008315211238580313,43.836001197664274,0.06123203786753261,0.03562712393722624,93.87679621324673,0.061023222246071276,0.022919997313997333,93.89767777539288,4.436605901225845,0.9541289366696727,276.2723569292597,0.9951014369705974,0.9896260522181679
2024-05-29,0.6451226401609943,0.057038799357675224,0.018733453308147133,94.29612006423248,0.049325208789504395,0.009485650771746052,95.06747912104956,0.5660894761887916,0.00831916519394735,43.39105238112084,0.06160405152243446,0.035590224330389456,93.83959484775656,0.06188288505793886,0.022915623713776888,93.81171149420612,4.435831350722616,0.9529934014961808,277.7758788140487,0.9950716758782052,0.9894799095401504
2024-05-30,0.5881989393090192,0.05576306050957283,0.018732719850493604,94.42369394904271,0.04883950482283815,0.009486397919373833,95.11604951771618,0.5695803532972448,0.008323690411713972,43.041964670275526,0.06125200921782959,0.03555394530538919,93.87479907821704,0.06278713187031332,0.02291134004610013,93.72128681296867,4.437266556926731,0.9534347203759381,278.9596232467723,0.9950998392625736,0.9893261875820467
2024-05-31,0.4074664463219387,0.055605505334020096,0.018732176393604565,94.43944946659799,0.049219041788485025,0.009486607034515432,95.07809582115149,0.5738454310806914,0.008328371740516182,42.61545689193086,0.061849779026965576,0.035518294477876994,93.81502209730344,0.06267099923671919,0.022907140833051735,93.73290007632808,4.437443806499227,0.9530898317432489,280.4108263913717,0.9950520176778428,0.9893459301297577
2024-06-01,1.887038768624293,0.05910265788634393,0.018731677249062696,94.08973421136561,0.048318281140384375,0.009487100927338623,95.16817188596156,0.5730885514461777,0.008333443815112338,42.691144855382234,0.062334355552947064,0.03548323572480033,93.7665644447053,0.06225462560499291,0.022903091816729393,93.7745374395007,4.433509509877863,0.9539087679670886,280.1529013326155,0.9950132515557643,0.9894167136471512
2024-06-02,1.0675739485159312,0.060781029850464414,0.01873078782441575,93.92189701495356,0.04924107812162187,0.009486755379876729,95.07589218783781,0.5785453536960337,0.008337174957469903,42.14546463039663,0.06369145466124217,0.03544876144556579,93.63085453387579,0.06178181009401855,0.022899208821077755,93.82181899059815,4.431621341418228,0.9530698147943516,282.0162432181519,0.9949046836271006,0.9894970922840168
2024-06-03,0.6037578984138734,0.062107508758591015,0.018729740571072503,93.7892491241409,0.04971067609768508,0.009487236980109512,95.02893239023149,0.5808590190907889,0.008341916266053784,41.914098090921115,0.06316214063141856,0.035414838551519605,93.68378593685814,0.061562703267945655,0.022895489358384098,93.84372967320543,4.430129052646585,0.9526434500194995,282.8089552715794,0.9949470287494865,0.9895343404444492
2024-06-04,0.9651382387686668,0.062468398227487724,0.018728586299402945,93.75316017725123,0.05036233316005536,0.009488019440994165,94.96376668399446,0.586550994665603,0.008346416122712362,41.3449005334397,0.06412850757707635,0.03538150556229753,93.58714924229237,0.0608276310033136,0.022891910941227285,93.91723689966864,4.429723051994076,0.9520524188938323,284.765869633993,0.9948697193938338,0.9896593027294367
2024-06-05,0.5487244226531469,0.06371468268980165,0.018727447467921387,93.62853173101983,0.050818777934574906,0.00948919492856062,94.9181222065425,0.5890073478475397,0.008351881885613628,41.09926521524603,0.06503395847440979,0.035348713638714474,93.49660415255903,0.06101249563733787,0.02288850372788741,93.89875043626621,4.4283209819739735,0.951638875321146,285.6133123321328,0.9947972833220472,0.9896278757416526
2024-06-06,1.1196272535202845,0.06615508389457479,0.01872621489924056,93.38449161054253,0.05102389196740708,0.0094905458934335,94.8976108032593,0.5901425808497344,0.008357019209096041,40.985741915026566,0.06558325001370639,0.03531645460591702,93.44167499862937,0.06180203255813011,0.022885199430697792,93.81979674418699,4.4255755306186035,0.9514531569097866,286.0055660075798,0.9947533399989035,0.9894936544651178
2024-06-07,1.042186146450711,0.06355746762139541,0.018724750840551252,93.64425323786045,0.05089517668037435,0.009491836134860139,94.91048233196257,0.5944150823255114,0.008361448092875116,40.55849176744886,0.06681423374384801,0.035284728021566125,93.31857662561521,0.06243087550332273,0.022881953737061055,93.75691244966772,4.428497848925931,0.9515696923825031,287.4852112608514,0.9946548613004922,0.9893867511644351
2024-06-08,0.6266452646440169,0.06462297510836963,0.018723671716723796,93.53770248916304,0.05013215032681205,0.009492790520964902,94.9867849673188,0.5965260183728336,0.008366412185355753,40.347398162716644,0.06703776283383833,0.03525350721616746,93.29622371661617,0.06300894673121768,0.022878775867853918,93.69910532687823,4.4272991530030845,0.952261103222856,288.2182343880108,0.994636978973293,0.989288479055693
2024-06-09,0.24956509810758742,0.06519961890985847,0.018722519594492986,93.48003810901415,0.05034342294938198,0.009492947882761747,94.9656577050618,0.6001362372336307,0.00837105384891686,39.986376276636925,0.06755703297198826,0.03522280870244293,93.24429670280118,0.06293599841217117,0.022875666933177934,93.70640015878288,4.4266504287264095,0.9520695594893936,289.4748911673749,0.994595437362241,0.9893008802699309
2024-06-10,0.6325020416340443,0.06511874185141936,0.01872135415540764,93.48812581485805,0.05067770275610137,0.009493259731635617,94.93222972438986,0.6051709034724602,0.008375975750168874,39.48290965275398,0.06774340198313639,0.035192615600743146,93.22565980168636,0.06334598560408146,0.022872668116112212,93.66540143959186,4.426741415417153,0.9517666524918484,291.23369235533886,0.9945805278413491,0.9892311824473061
2024-06-11,1.051065377107894,0.06291855143895676,0.01872025595959655,93.70814485610433,0.05168395093057236,0.009493787582040916,94.83160490694277,0.6099831325392668,0.008381644736835711,39.00168674607332,0.06902832106069601,0.035162927405122585,93.0971678939304,0.06343699549686446,0.02286974344115782,93.65630045031355,4.429216629631173,0.9508560049006735,292.9216408514858,0.9944777343151443,0.989215710765533
2024-06-12,0.362455124848943,0.062212850401067284,0.018719475632050554,93.77871495989328,0.05145989135641925,0.009495050598646814,94.85401086435807,0.6127308333371698,0.00838782819041615,38.72691666628302,0.0690270402981823,0.03513370753252672,93.09729597018178,0.06381252115019949,0.02286691171166897,93.61874788498005,4.430010543298799,0.9510586264112897,293.8884245096638,0.9944778367761454,0.989151871404466
2024-06-13,0.42634578713955784,0.06245995058223347,0.018718817449072726,93.75400494177666,0.051248442571255506,0.009495913418753317,94.87515574287445,0.6152464146829937,0.008393692252070994,38.475358531700635,0.06958188966753644,0.03510497997477982,93.04181103324636,0.06484964230957407,0.022864150627188363,93.51503576904258,4.429732555594987,0.9512499229526498,294.7754395129695,0.9944334488265971,0.9889755608073724
2024-06-14,0.7070993727262016,0.06169649183701199,0.018718164111106272,93.8303508162988,0.05103429759386065,0.009496446253626039,94.89657024061393,0.6202933477332399,0.008399227102734986,37.97066522667601,0.0695395823353929,0.03507672217462583,93.0460417664607,0.06482001805167477,0.022861413443191245,93.51799819483251,4.430591446683361,0.9514437371732837,296.5605007567306,0.9944368334131686,0.9889805969312153
2024-06-15,1.1933953530070096,0.06171766870729906,0.018717633540384578,93.82823312927009,0.05143389120112229,0.009496712178729988,94.85661087988777,0.6268975447983575,0.008405438849128337,37.31024552016425,0.06985557885489835,0.03504894067151989,93.01444211451016,0.0654283996436771,0.022858771048382784,93.45716003563228,4.430567622704288,0.951082144458587,298.9073408431933,0.9944115536916082,0.9888771720605749
2024-06-16,0.6543076242440934,0.06134553076419244,0.018717125169981016,93.86544692358075,0.052487593735738684,0.009497269806585386,94.75124062642614,0.6315862652202792,0.00841278223779941,36.841373477972084,0.06993731146777334,0.03502161805870162,93.00626885322266,0.06630076719687304,0.022856176940391562,93.36992328031269,4.430986277890284,0.950129964430804,300.58103237460426,0.9944050150825782,0.9887288695765316
2024-06-17,0.8847245824529807,0.060534499754824715,0.01871668723724232,93.94655002451753,0.0533461394022489,0.009498587784503437,94.66538605977512,0.6370326164750024,0.008420328724592833,36.29673835249976,0.06952326226380365,0.034994752179346986,93.04767377361964,0.06650088814263175,0.022853612114574606,93.34991118573683,4.431898687775822,0.9493555466652949,302.53298114398814,0.9944381390188957,0.9886948490157526
2024-06-18,0.5808690186109339,0.060288619189281176,0.018716369153842855,93.97113808107189,0.05318365500976725,0.009500368736755629,94.68163449902327,0.6388327002421696,0.00842833877544554,36.11672997578304,0.0691627900423456,0.03496834728851241,93.08372099576545,0.06640586286340444,0.022851121042847995,93.35941371365955,4.432175303412059,0.9495020125342962,303.179963759508,0.9944669767966123,0.9887110033132213
2024-06-19,0.5070716818853294,0.06119898602468747,0.018716093600325084,93.88010139753126,0.05294426693409324,0.009501726084770899,94.70557330659068,0.6416206066877312,0.008435346984737212,35.83793933122688,0.07006804139992132,0.034942393719354266,92.99319586000787,0.06748917365638171,0.022848720373437183,93.25108263436182,4.431151140722227,0.9497178828958788,304.1837875845843,0.9943945566880062,0.9885268404784151
2024-06-20,1.1060550268417162,0.064241915931536,0.01871572318409248,93.5758084068464,0.05267902821186406,0.009502651366920573,94.73209717881359,0.6438919303953059,0.008441944513445232,35.61080696046941,0.06923558067591049,0.034916852474642615,93.07644193240895,0.06797119309432925,0.022846328164825708,93.20288069056708,4.4277278445770225,0.9499571789690278,305.00322285240793,0.9944611535459271,0.988444897173964
2024-06-21,0.38165418437499393,0.06458492719882208,0.01871500893538055,93.54150728011778,0.05251526840060972,0.009503195582082315,94.74847315993902,0.6479788559045784,0.008448025881154215,35.20211440954216,0.06956947207919927,0.03489175911883751,93.04305279208008,0.06755491508528706,0.02284398471965569,93.2445084914713,4.4273419569013255,0.9501049818684232,306.4813220990069,0.9944344422336641,0.9885156644355012
2024-06-22,0.6168432695308746,0.06409436455965181,0.018714289745530386,93.59056354403482,0.05175720288846395,0.009503509216083568,94.82427971115361,0.6518689394148618,0.008454404025124092,34.813106058513824,0.06834786653652478,0.034867077119627964,93.16521334634751,0.06820169752112369,0.022841748856783438,93.17983024788762,4.427893839870392,0.9507897804300062,307.89256746689813,0.994532170677078,0.988405711421409
2024-06-23,0.4576106315806735,0.0651659156876638,0.018713663064131334,93.48340843123361,0.05129190235906888,0.009503158900048806,94.87080976409311,0.6554652295779996,0.008460951555006176,34.45347704220004,0.06832591000593999,0.03484283727337132,93.16740899940599,0.06906058204928317,0.022839544932788856,93.09394179507169,4.426688344851378,0.9512105988413196,309.20098215319257,0.9945339271995248,0.9882597010516219
2024-06-24,1.3855631139769267,0.06648911913564727,0.018712939287291813,93.35108808643527,0.05049874638200648,0.009502485768290743,94.95012536179935,0.6623306174198065,0.008467528645144157,33.76693825801935,0.06813319298027917,0.03481900255951383,93.18668070197208,0.06888679896626519,0.022837357939815048,93.11132010337349,4.425199740972396,0.9519287894860152,311.7087432951126,0.9945493445615776,0.9882892441757349
2024-06-25,1.1459351368475423,0.06849682848735807,0.018712091085243188,93.15031715126419,0.05114691206991607,0.00950128835077611,94.88530879300839,0.6633266092242954,0.008475439881637238,33.66733907757046,0.06912552480459698,0.03479556998529005,93.0874475195403,0.06804249330697427,0.022835256524826496,93.19575066930257,4.422941067951722,0.9513418043827977,312.073639118473,0.9944699580156322,0.9884327761378143
2024-06-26,0.4561104151014894,0.06783468068946162,0.01871104654154318,93.21653193105384,0.051515362322755345,0.009500821282746132,94.84846376772447,0.6658192498820487,0.008482077298952962,33.41807501179513,0.06854147919289612,0.034772503857535275,93.14585208071038,0.06826235240770623,0.022833283452298708,93.17376475922939,4.423685984224356,0.9510084548751052,312.98805434289,0.9945166816645683,0.9883954000906899
2024-06-27,0.9442176050572437,0.06787785993621803,0.018710133175046505,93.2122140063782,0.0518884636193708,0.009500737257741304,94.81115363806292,0.6666679274971681,0.008488314687812417,33.333207250283195,0.069872179291605,0.03474983607542526,93.01278207083949,0.06861927125426541,0.022831362459271046,93.13807287457347,4.423637407571754,0.950671135377955,313.29977944447137,0.9944102256566716,0.9883347238867749
2024-06-28,0.5998704670479409,0.069219063964011,0.018709260207544518,93.0780936035989,0.052002944657112124,0.009500970895046595,94.79970553428879,0.6698419164211593,0.008493595118025565,33.01580835788407,0.0713061254830343,0.034727513310204634,92.86938745169657,0.06936350270474716,0.02282948263010633,93.0636497295253,4.422128553040488,0.950567681467791,314.46736550575866,0.9942955099613573,0.988208204540193
2024-06-29,0.49445000587639154,0.06854633892833646,0.018708268804315174,93.14536610716635,0.052979176949955825,0.009501262868167227,94.70208230500442,0.6732099020474839,0.008499052466241962,32.67900979525161,0.07067320558685139,0.0347055271188729,92.93267944131486,0.06908917936730767,0.02282761629957688,93.09108206326924,4.4228853687056215,0.9496863963602636,315.7093438294142,0.9943461435530518,0.9882548395075577
2024-06-30,0.2699458273944303,0.06890898869564112,0.01870740759521936,93.10910113043589,0.05347919349401105,0.009502301514355884,94.65208065059889,0.6769805404889631,0.008504706032024799,32.3019459511037,0.07058239256455598,0.034683921723663635,92.94176074354439,0.06891144141128676,0.02282583170714826,93.10885585887132,4.422477387717404,0.9492356433574736,317.103494719571,0.9943534085948356,0.9882850549600812
2024-07-01,0.6008605519924394,0.06773644720483114,0.018706545340217814,93.22635527951688,0.05339808341935624,0.009503571947256727,94.66019165806438,0.6811294466988479,0.008510689190532354,31.88705533011521,0.07005904928741558,0.03466267739874144,92.99409507125844,0.06959873532661243,0.022824119459680384,93.04012646733875,4.423796496894565,0.9493087330802571,318.64199803263557,0.9943952760570067,0.9881682149944759
2024-07-02,1.2313680349416773,0.06572815158028489,0.018705867064553225,93.42718484197151,0.053204609780345725,0.009504548483354212,94.67953902196543,0.6817266975306415,0.008517122246965504,31.827330246935848,0.07056101495791825,0.03464179838907212,92.94389850420818,0.0693326884187296,0.022822419254411853,93.06673115812704,4.42605582947218,0.9494831210514336,318.8638581732793,0.9943551188033666,0.988213442968816
2024-07-03,0.6999342377216591,0.06621859532777738,0.018705462535096487,93.37814046722227,0.05216837432668947,0.009505199094937938,94.78316256733106,0.6835352784583479,0.008522456534553982,31.646472154165206,0.07111407158794197,0.034621253673884717,92.8885928412058,0.06941014589380609,0.02282079454228329,93.05898541061939,4.425504080256251,0.9504182262082593,319.5362825178111,0.9943108742729646,0.988200275198053
2024-07-04,0.4236557586989468,0.06550401847127602,0.018705019101867285,93.4495981528724,0.051612446784631234,0.00950489004514622,94.83875532153687,0.6872991127178023,0.008527433783113868,31.27008872821977,0.07083553221019447,0.034601036307941375,92.91644677898056,0.06977112078302916,0.02281921967922374,93.02288792169708,4.426307979219815,0.9509206581355713,320.93851610765967,0.9943331574231844,0.9881389094668851
2024-07-05,0.4587125989549733,0.0652782998557878,0.01870468233680705,93.47217001442122,0.05165789342496645,0.009504185482927904,94.83421065750336,0.6917909609163757,0.008532891375550578,30.82090390836243,0.07052089955937851,0.0345811605532084,92.94791004406216,0.06995105320065967,0.022817673737804106,93.00489467993404,4.426561912662239,0.9508795647824877,322.61700592588966,0.9943583280352497,0.9881083209558879
2024-07-06,0.5045625636948716,0.06511056843906583,0.018704389010865432,93.48894315609341,0.05190198761562504,0.009503643915931973,94.8098012384375,0.6953075663859258,0.00853903662393078,30.469243361407415,0.06915285021808268,0.034561621402493026,93.08471497819173,0.0704723945865718,0.02281616798577057,92.95276054134281,4.426750610506051,0.9506589128771658,323.9348823905735,0.9944677719825534,0.9880196929202828
2024-07-07,1.2517635915608811,0.06374916117358617,0.01870413174748806,93.62508388264138,0.05203116726157854,0.009503386879083782,94.79688327384214,0.701816183892034,0.008545351683953763,29.818381610796596,0.06945260670331714,0.034542438267602185,93.0547393296683,0.07047847807231312,0.022814678477417385,92.9521521927687,4.428282193679715,0.95054218080153,326.3828367191779,0.9944437914637346,0.9880186587277068
2024-07-08,0.3958151948295391,0.0641200320800945,0.01870404860489402,93.58799679199055,0.052046599465705785,0.009503280567911781,94.79534005342943,0.705954660075247,0.008553074212623394,29.4045339924753,0.06930505815090054,0.034523565187894324,93.06949418490996,0.0699300988668911,0.022813239025333228,93.00699011331089,4.427864963909894,0.9505282375399167,327.94527835307287,0.9944555953479279,0.9881118831926285
2024-07-09,0.7203920288986401,0.06446736158215526,0.018703924682656147,93.55326384178447,0.050205844952825665,0.00950320917014892,94.97941550471744,0.7093835660246438,0.008560918513264761,29.06164339753562,0.06982531798130832,0.03450500748134213,93.01746820186916,0.07056263299262958,0.0228118850864536,92.94373670073705,4.427474218220075,0.952194281536225,329.2433034846207,0.9944139745614954,0.988004352391253
2024-07-10,0.5120962121337831,0.06329503530313747,0.01870376641908964,93.67049646968624,0.05088166067189552,0.009501637253026838,94.91183393281045,0.7123818466532762,0.008568547943335973,28.76181533467238,0.06992256210874429,0.0344867439453543,93.00774378912557,0.07033604560292397,0.022810534596682554,92.96639543970761,4.428793085283971,0.9515819310812184,330.38088803908374,0.9944061950313005,0.988042872247503
2024-07-11,0.44436829040129505,0.06455166345933978,0.018703754820804993,93.54483365406601,0.0510669935121034,0.00950089924305158,94.89330064878966,0.7160754433323546,0.00857585737607005,28.392455666764537,0.06976954695563581,0.034468779549645584,93.02304530443641,0.07103929569534097,0.022809244915507745,92.8960704304659,4.427379378608243,0.9514141402714352,331.78557805597535,0.9944184362435491,0.987923319731792
2024-07-12,0.7915427893698932,0.06537153043479829,0.018703595841713445,93.46284695652017,0.051800007131617816,0.009500425853325375,94.81999928683823,0.717624142412213,0.008583234785034633,28.237585758778707,0.06899787722097117,0.034451115266963796,93.10021227790288,0.07086688396671662,0.022807952121339504,92.91331160332834,4.426457028260852,0.9507510869172909,332.3756345779282,0.9944801698223223,0.9879526297256582
2024-07-13,1.3264114945202232,0.06381226281775199,0.018703346507100694,93.6187737182248,0.04994698931419362,0.009500642256653093,95.00530106858064,0.7182185358791432,0.008589717778720208,28.17814641208568,0.06953520964628832,0.03443376042795336,93.04647903537116,0.07144978550215038,0.022806714510496373,92.85502144978496,4.4282112043300295,0.9524290370632729,332.602268528468,0.9944371832282969,0.9878535364646345
2024-07-14,0.754303148289342,0.06505711502889043,0.018703295352791124,93.49428849711096,0.05064537359328014,0.00949930120927429,94.93546264067199,0.7197971126002081,0.00859512995394266,28.020288739979193,0.06938657088656663,0.0344166788979116,93.06134291134333,0.07162809520815283,0.02280547966785667,92.83719047918471,4.4268107455924985,0.9517959390806915,333.20461309098965,0.9944490743290747,0.9878232238146141
2024-07-15,0.5457187006731812,0.06438637160495228,0.018703098926443982,93.56136283950477,0.050597779969098367,0.009498759290336715,94.94022200309016,0.7227971298932363,0.008600120423996604,27.72028701067637,0.068104220143578,0.034399882267429224,93.1895779856422,0.07169508599424239,0.022804274892403963,92.83049140057577,4.427565331944429,0.9518390568362074,334.3511638682968,0.9945516623885138,0.9878118353809788
2024-07-16,0.674990565875988,0.06553499018653258,0.01870299142934436,93.44650098134674,0.05235714172342231,0.009498279109563705,94.76428582765777,0.7263603962838988,0.008605337736501031,27.36396037161012,0.06826074423312332,0.034383392245498,93.17392557668767,0.07218678460782946,0.022803106247777566,92.78132153921706,4.426273136040151,0.9502477441853265,335.71607223644565,0.9945391404613502,0.987728246616669
2024-07-17,0.5426787171103907,0.06481768389074277,0.018702751990494045,93.51823161092571,0.052093211618149,0.009499323153318372,94.7906788381851,0.728573167719394,0.008610995935386601,27.142683228060605,0.06897348097779671,0.03436716982306425,93.10265190222033,0.07237255529640617,0.0228019441640411,92.76274447035938,4.427080105622914,0.9504861251428206,336.56536145716166,0.9944821215217763,0.987696665599611
2024-07-18,0.723221703911315,0.06698225271880816,0.018702609430891966,93.30177472811918,0.05255968026088369,0.009499974655684093,94.74403197391163,0.7322406186160769,0.0086164337601983,26.77593813839231,0.06918559884895806,0.0343511974106125,93.0814401151042,0.07306764146328755,0.02280080887661251,92.69323585367124,4.424644965691341,0.9500648929969877,337.9758161466571,0.9944651520920833,0.9875785009512411
2024-07-19,0.46841281617504393,0.06711207354667269,0.018702214263143894,93.28879264533273,0.05279800183452355,0.009500901340390078,94.72019981654765,0.7367254339229493,0.008622321642107541,26.32745660770507,0.0685790921689782,0.03433548251284683,93.14209078310218,0.07344766090748,0.022799665186217625,92.655233909252,4.424498917259993,0.9498498270869418,339.7054245621257,0.9945136726264817,0.9875138976457284
2024-07-20,0.42050305037928193,0.0665063701258536,0.018701823854449472,93.34936298741464,0.052625672043729775,0.009501856137020788,94.73743279562702,0.7396565986959043,0.008628926800159774,26.03434013040957,0.06816156875740202,0.03432004001609354,93.1838431242598,0.07306225713317724,0.022798534905271145,92.69377428668227,4.425180333608415,0.9500053310104493,340.8387041143606,0.9945470744994078,0.9875794162873599
2024-07-21,0.8376960356154558,0.06431908777588681,0.018701526112925956,93.56809122241133,0.053602316532376106,0.009502501562506128,94.63976834676238,0.7432341761764333,0.00863541901576216,25.67658238235667,0.06824040976202021,0.03430486085244749,93.17595902379799,0.07332873236416497,0.022797468916153148,92.66712676358351,4.427641026252127,0.9491247165165768,342.2249524588054,0.9945407672190384,0.987534115498092
2024-07-22,0.6559703512629224,0.06607370161501123,0.018701503128569927,93.39262983849888,0.05377886221928535,0.009503837484589394,94.62211377807147,0.7457032971646222,0.008642125611117652,25.429670283537774,0.06827427526566679,0.0342899289222385,93.17257247343332,0.07401155666433919,0.022796421014908027,92.59884433356608,4.425667085683112,0.94896570414591,343.1836421721158,0.9945380579787466,0.9874180353670623
2024-07-23,0.6237133788864888,0.06574737117281715,0.018701271838141416,93.42526288271829,0.05391456129230955,0.009505092202218101,94.60854387076904,0.7500964355818982,0.008648491401964744,24.990356441810178,0.06698716102132497,0.03427524110253618,93.3012838978675,0.07404971193565187,0.022795362607265692,92.59502880643481,4.426034207430581,0.9488435179923888,344.8932991082437,0.994641027118294,0.9874115489709392
2024-07-24,1.0335667579523609,0.06698294786695003,0.018701091878230568,93.301705213305,0.05513583349717582,0.00950623131521257,94.48641665028242,0.7558486501097932,0.008655473825556885,24.415134989020682,0.06766901513489097,0.03426082410500783,93.2330984865109,0.07487519146646678,0.022794337776963592,92.51248085335332,4.424644183649681,0.9477452743554051,347.1394394825462,0.9945864787892087,0.9872712174507007
2024-07-25,0.4334037744049307,0.06701728493931276,0.01870077343822284,93.29827150606872,0.05596772366015597,0.00950816840675273,94.4032276339844,0.7586652450034326,0.008663495880646755,24.133475499656743,0.06699146806659051,0.034246627510285434,93.30085319334096,0.07554864686928017,0.022793292215359903,92.44513531307199,4.424605554443273,0.9469986417140075,348.24239620501896,0.9946406825546728,0.9871567300322224
2024-07-26,0.660076338642202,0.06583604033523145,0.018700465586641624,93.41639596647686,0.05568325498785722,0.009510454476332341,94.43167450121427,0.7610842720131114,0.008671107579129717,23.891572798688866,0.06809145126520053,0.03423267912865733,93.19085487347995,0.07618077320394077,0.022792236639776947,92.38192267960592,4.4259344546228645,0.9472538237915902,349.19130439412095,0.9945526838987839,0.98704926855533
2024-07-27,0.7643138892541856,0.06442027151555758,0.018700314480645068,93.55797284844424,0.05659898589348145,0.009512112114062358,94.34010141065185,0.7643665304672748,0.008678234874202304,23.563346953272525,0.06776362006130483,0.034218933650698835,93.22363799386952,0.07778100838015785,0.02279117446929736,92.22189916198421,4.427527194544997,0.9464328599126752,350.48124380173704,0.9945789103950956,0.9867772285753732
2024-07-28,0.5416947624376616,0.06583754410383366,0.018700338822882634,93.41624558961664,0.05640744402252289,0.00951423185005805,94.35925559774772,0.7681409440308836,0.008685351459136143,23.18590559691164,0.06718455342904478,0.03420542070677065,93.28154465709552,0.07760968107442676,0.022790040603672193,92.23903189255732,4.425932762883187,0.9466044618090365,351.96802887081753,0.9946252357256764,0.9868063542173474
2024-07-29,0.35220702618399596,0.06675092211890639,0.01870019298605062,93.32490778810936,0.05639124660397535,0.009515828145392782,94.36087533960247,0.7712890757150832,0.008692685319053583,22.87109242849168,0.06699214100113107,0.034192142238179915,93.30078589988689,0.07730163277590324,0.022788956798767756,92.26983672240966,4.42490521261623,0.9466189758905532,353.21091203791815,0.9946406287199095,0.9868587224280965
2024-07-30,0.5686464051868406,0.0669671547252847,0.01869994540360023,93.30328452747153,0.05790711417556013,0.009517139952381855,94.20928858244399,0.774033795620504,0.008699878835313733,22.5966204379496,0.06684240557442779,0.034179085316343887,93.31575944255722,0.07812592518165122,0.022787930353926848,92.18740748183488,4.424661950934055,0.9452625722999436,354.296600211259,0.9946526075540458,0.9867185927191193
2024-07-31,1.6266341987370225,0.06584088537154748,0.01869968516388866,93.41591146284524,0.05778657057961449,0.009519446662563736,94.22134294203856,0.7732017367879026,0.008706840876311883,22.679826321209738,0.06775413741121206,0.03416624531974625,93.22458625887879,0.07716025892722522,0.022786883531483906,92.28397410727747,4.425929003957009,0.9453702928484425,353.96727137379156,0.994579669007103,0.9868827559823717
2024-08-01,0.894897908084875,0.06818588154645198,0.018699571576740747,93.1814118453548,0.05684990609454352,0.009521264113859118,94.31500939054564,0.7771437340809493,0.008712048893245642,22.28562659190507,0.06716925739690335,0.03415359407014834,93.28307426030966,0.07717744125804027,0.022785936972711692,92.28225587419597,4.423290883260242,0.9462081552293218,355.5290805246774,0.9946264594082477,0.9868798349861332
2024-08-02,1.3993310031377706,0.06768851024905424,0.01869918360714491,93.23114897509458,0.05642053844401208,0.009522008189966555,94.3579461555988,0.7842429535606765,0.008717926362500189,21.575704643932347,0.06667473752042263,0.034141162926982146,93.33252624795773,0.07830558034338944,0.022785021373367763,92.16944196566106,4.423850425969814,0.9465927285670598,358.3517692011026,0.9946660209983662,0.9866880513416237
2024-08-03,0.7115536852476566,0.0662799284078244,0.018698874650099687,93.37200715921756,0.055652763224565555,0.009522270414430533,94.43472367754345,0.7871604766360464,0.008725726527195509,21.283952336395362,0.06606365322082451,0.03412894613670473,93.39363467791755,0.07792020477939779,0.022784061133989484,92.20797952206023,4.425435080541197,0.9472811845302519,359.5155082351748,0.9947149077423341,0.9867535651875023
2024-08-04,0.3681181552074787,0.06715341243916133,0.018698749581352068,93.28465875608387,0.05627003648485386,0.009521860830669214,94.37299635151462,0.790288973173334,0.008733237533139314,20.971102682666597,0.06649245076340315,0.03411694275337957,93.35075492365968,0.07862890405892652,0.0227831593994898,92.13710959410734,4.4244524110059436,0.9467276032252945,360.76579849779426,0.9946806039389278,0.9866330863099825
2024-08-05,0.4626161446206702,0.06765101357046323,0.018698524365130108,93.23489864295368,0.05618797113568518,0.009522035632615179,94.38120288643148,0.7932081636026109,0.008740629738010527,20.67918363973891,0.06540876113039795,0.034105125261241556,93.4591238869602,0.07879494303103687,0.022782240300198188,92.12050569689632,4.423892609733229,0.9468011635511546,361.9346747147478,0.9947672991095682,0.9866048596847238
2024-08-06,0.4415611398217733,0.06730327494817687,0.018698252096300785,93.26967250518231,0.055773426797874705,0.009522108721629568,94.42265732021254,0.797230993930425,0.008747806674509225,20.276900606957504,0.06468828298289049,0.034093525332611445,93.53117170171095,0.07893458227289184,0.022781341345541176,92.10654177271081,4.424283815683301,0.9471729204560172,363.54898734861354,0.9948249373613688,0.9865811210136084
2024-08-07,0.574072334920499,0.0668380881116899,0.01869803550757113,93.31619118883101,0.05625624171753644,0.009521828606587136,94.37437582824636,0.8013515134385962,0.008755307604744371,19.864848656140378,0.06343579056262921,0.03408213097546362,93.65642094373707,0.07926899736772974,0.022780463577462908,92.07310026322702,4.424807150874349,0.9467399675422884,365.2067291873117,0.9949251367549896,0.9865242704474859
2024-08-08,0.7895111276181305,0.06533748749707427,0.0186978842840566,93.46625125029257,0.055624763195855825,0.009521994581532868,94.43752368041442,0.8048554384859105,0.00876312977699773,19.514456151408954,0.0650712896940569,0.034070950842052534,93.49287103059432,0.07913391012201704,0.02277959296876982,92.0866089877983,4.426495326565791,0.9473063107884526,366.61976441132947,0.9947942968244754,0.9865472352792571
2024-08-09,0.8873355349327541,0.06363716658123315,0.01869791845421467,93.63628334187668,0.055810750583801215,0.009521623809846736,94.41892494161988,0.8097576604120189,0.008770945640830998,19.02423395879811,0.06577424230835238,0.03405991538564576,93.42257576916477,0.08024147280631073,0.022778760792087283,91.97585271936892,4.428408187596113,0.9471394371075108,368.6018598082933,0.9947380606153318,0.9863589496229271
2024-08-10,0.619214007257068,0.06374501846137026,0.018698156207609014,93.62549815386298,0.05647967322077154,0.009521452262140804,94.35203267792285,0.8132153156129314,0.0087793622777872,18.678468438706865,0.064186136115405,0.03404904367758143,93.58138638845949,0.07990353278477921,0.022777882850595302,92.00964672152207,4.428286854230959,0.94653974453802,370.0034942513611,0.9948651091107676,0.9864163994265875
2024-08-11,0.6616836579875822,0.06281573091229213,0.018698369060431305,93.7184269087708,0.05560329518345126,0.0095218586692801,94.43967048165487,0.8162465261280735,0.00878761942750116,18.375347387192654,0.06561063251061044,0.034038385100079234,93.43893674893894,0.0801870145106988,0.022777057293080032,91.98129854893013,4.4293323027236715,0.9473255763437266,371.2347142171404,0.9947511493991512,0.9863682075331812
2024-08-12,0.6386003371205055,0.06406889782357128,0.01869868117280465,93.59311021764287,0.05608383238958853,0.009521484502477225,94.39161676104115,0.8186425226803957,0.008795600908586216,18.13574773196043,0.06481646425866257,0.034027867474828645,93.51835357413374,0.0799111881044463,0.0227762405980493,92.00888118955537,4.427922489948482,0.9468945261071858,372.20954179809104,0.994814682859307,0.9864150980222441
2024-08-13,0.5711954632634112,0.06342458623724566,0.018698826627021763,93.65754137627543,0.05644124010422473,0.0095215779643395,94.35587598957753,0.8224027203990375,0.008803071349163659,17.75972796009625,0.0657016395166884,0.03401753892429962,93.42983604833115,0.08139929437294163,0.022775469809926164,91.86007056270584,4.428647340483098,0.9465741794606045,373.7422814044341,0.994743868838665,0.9861621199566
2024-08-14,0.9237632921427965,0.0631517273299974,0.01869904181136741,93.68482726700026,0.055825348025319986,0.009521940574693431,94.417465197468,0.8281351127850252,0.008810761334139003,17.186488721497483,0.06487015873116594,0.03400735823419906,93.5129841268834,0.08215511518702599,0.022774625287301526,91.7844884812974,4.428954306753753,0.9471263423162473,376.08567883788663,0.9948103873015067,0.9860336304182056
2024-08-15,0.9444848238255694,0.06270626830322286,0.018699278604595006,93.72937316967771,0.054274765292166,0.009521741904081381,94.5725234707834,0.8334869548163262,0.008819452614906005,16.651304518367382,0.06432759961944891,0.033997361913898544,93.5672400380551,0.08253886359340078,0.022773758514524144,91.74611364065993,4.429455448158874,0.9485193356808411,378.2808416657469,0.9948537920304441,0.9859683931891219
2024-08-16,0.6834789219257715,0.061891873545523675,0.018699558988615434,93.81081264544763,0.055634150642946155,0.009520302888870848,94.43658493570538,0.8361546682425092,0.008828757915702258,16.384533175749084,0.06455296867650281,0.03398754040433563,93.54470313234971,0.08173448194707654,0.02277289559531769,91.82655180529234,4.430371642261286,0.9472978866692959,379.37769428257667,0.9948357625058798,0.986105138068997
2024-08-17,1.0824759502633519,0.06492534431928602,0.018699922181804846,93.5074655680714,0.05566231584542538,0.009520222193943877,94.43376841545746,0.838267029351635,0.008837434759035003,16.1732970648365,0.06468037091807576,0.03397787332712285,93.53196290819243,0.08194978239796175,0.022772116043245975,91.80502176020381,4.426958987640803,0.9472726126433259,380.24745156094974,0.9948255703265539,0.9860685369923465
2024-08-18,0.7086647493063674,0.06406871996365643,0.018699905148665916,93.59312800363435,0.057259978678544696,0.009520186094747295,94.27400213214553,0.8407324426317877,0.008845339350004235,15.92675573682123,0.06441352656541927,0.03396836030413311,93.55864734345806,0.08248284552394063,0.022771348243764315,91.75171544760595,4.427922690040886,0.9458411555972136,381.2639635090783,0.9948469178747664,0.9859779162609301
2024-08-19,0.5692960943375919,0.06338202726994285,0.01869999108029924,93.66179727300572,0.05670458713559254,0.00952145318521325,94.32954128644074,0.8439821679568471,0.008852808191042205,15.60178320431529,0.06578509763810567,0.033959007778550224,93.42149023618943,0.08222265209637222,0.022770570698769137,91.77773479036277,4.428695219321314,0.9463382786202325,382.606132728186,0.9947371921889515,0.9860221491436167
2024-08-20,0.6998836385956183,0.06314841919668573,0.0187001538736828,93.68515808033142,0.057745933212397495,0.009522053617419058,94.22540667876025,0.8457039482981656,0.008860273252449202,15.429605170183436,0.06620821074045552,0.03394977601428485,93.37917892595445,0.08250209308365417,0.02276983695818577,91.74979069163459,4.428958028403729,0.9454066128743962,383.31829384801625,0.9947033431407636,0.9859746441757788
2024-08-21,0.6126778333035475,0.06259076546596563,0.01870033669708753,93.74092345340344,0.058367902920354243,0.009523392405435116,94.16320970796458,0.8506488510342753,0.008867065756029717,14.935114896572465,0.06618132907223236,0.033940684527240285,93.38186709277676,0.08308579698395797,0.022769109419630083,91.6914203016042,4.429585388850789,0.9448510269828669,385.3676300202637,0.9947054936742215,0.9858754145127271
2024-08-22,0.8417045453528895,0.06469755529606255,0.018700577058408316,93.53024447039374,0.05838949403630027,0.009525007082327,94.16105059636998,0.8535023924568094,0.008874694730777833,14.649760754319063,0.06779493967453,0.03393174113799765,93.22050603254701,0.08356781550066973,0.022768367249167164,91.64321844993303,4.42721525029193,0.9448317520484593,386.5529502986087,0.9945764048260376,0.9857934713648862
2024-08-23,1.1445803179561704,0.06293615305486788,0.018700554529796916,93.70638469451322,0.05994034716821526,0.00952636109112402,94.00596528317847,0.8548805952993385,0.008882110579439247,14.511940470066154,0.06724671196429256,0.03392290639715037,93.27532880357074,0.08291663219055989,0.02276761785768769,91.70833678094401,4.429196827813273,0.9434493202109396,387.12614644833104,0.9946202630428566,0.9859041725276049
2024-08-24,1.1923333871341026,0.06383956003251363,0.01870074295138353,93.61604399674863,0.05960351340541737,0.009528739185370186,94.03964865945827,0.8551608538506872,0.008888684331986908,14.483914614931281,0.06853841685061135,0.033914227292029676,93.14615831493886,0.08325820425986817,0.022766937594125018,91.67417957401318,4.4281804949634225,0.9437492301116858,387.2427628688642,0.9945169266519511,0.9858461052758224
2024-08-25,0.8894950688197165,0.06449708631217183,0.018700813758926245,93.55029136878281,0.05970397040777425,0.009530437137763909,94.02960295922259,0.8607216260448525,0.008894145190243213,13.927837395514754,0.06737356170897345,0.03390565979046807,93.26264382910266,0.08377441222913057,0.02276625743858236,91.62255877708694,4.4274407778988065,0.9436597652976613,389.5605641560405,0.9946101150632821,0.9857583499210478
2024-08-26,1.0700233718768448,0.06244871144614234,0.0187008048250402,93.75512885538576,0.06103337053317137,0.009531913063824123,93.89666294668287,0.8658835819407164,0.008900995582292051,13.411641805928365,0.06814295539547133,0.03389725750020099,93.18570446045287,0.08387582182282392,0.022765565978662018,91.61241781771761,4.42974519962309,0.9424774260375034,391.7188460482561,0.9945485635683623,0.9857411102901199
2024-08-27,0.5338156255214267,0.06374630183296949,0.018701040672591023,93.62536981670306,0.06184267420285446,0.00953420562494836,93.81573257971455,0.8698185481835965,0.008908814153251718,13.01814518164035,0.06766567273979844,0.03388897407762021,93.23343272602015,0.08411649242743163,0.022764891245029423,91.58835075725685,4.428285410437909,0.9417590988709501,393.3684361126832,0.9945867461808161,0.9857001962873366
2024-08-28,52.89068665910776,0.052415850862362015,0.07709331588935898,94.7584149137638,0.24003387376341476,0.03130391119476867,75.99661262365852,0.804803906311339,0.08918931147629439,19.5196093688661,0.06316570806026969,0.10163156612470849,93.68342919397304,0.06011412065806303,0.08837323721512674,93.9885879341937,4.441032167779842,0.8064295832218447,366.59896059681995,0.9949467433551784,0.9897805994881292
2024-08-29,20.394571752391286,0.06245114878909909,0.06464317835237743,93.7548851210901,0.1665821185035123,0.02385793588135864,83.34178814964876,0.32528708531491046,0.026288076352341875,67.47129146850895,0.06629482944007445,0.09809842269007116,93.37051705599255,0.06748570185874049,0.07889032720303145,93.25142981412596,4.429742457612264,0.8572049786626222,205.65721695011047,0.994696413644794,0.9885274306840142
2024-08-30,9.394541878314469,0.07199490864620539,0.05675390554738417,92.80050913537946,0.1335741795614833,0.019815230872553193,86.64258204385166,0.21325574639393036,0.017786544605942204,78.67442536060696,0.06164517976846179,0.09491379763215216,93.83548202315382,0.07363920083777387,0.07192424466975668,92.63607991622261,4.419005727773019,0.8821654709768039,179.54420910629602,0.9950683856185231,0.9874813358575785
2024-08-31,6.135439919177841,0.08774935742042925,0.05119023525310892,91.22506425795707,0.11770834357689906,0.017265905179360053,88.2291656423101,0.16795567069410894,0.014787039936232624,83.2044329305891,0.06279865751869051,0.09202789104397224,93.72013424813095,0.08104544709042744,0.06653299659492709,91.89545529095726,4.401281972902017,0.8946877830398868,170.64967695969037,0.9949761073985047,0.9862222739946274
2024-09-01,3.522815903629825,0.090016485478083,0.046988796052072394,90.99835145219171,0.10620357936210315,0.015531659296541442,89.37964206378969,0.15186240903175596,0.013237157012420906,84.8137590968244,0.06034458513119024,0.08939489284786278,93.96554148688098,0.08129040286346778,0.06220140440775147,91.87095971365322,4.398731453837157,0.9039927357463932,167.75401907281542,0.9951724331895048,0.9861806315132104
2024-09-02,3.224210809012454,0.0894705594664877,0.04369540970615535,91.05294405335123,0.0972601025513554,0.014279802618396547,90.27398974486445,0.14034905570660713,0.012253100275563854,85.96509442933929,0.06453454480955184,0.08698169237680958,93.54654551904483,0.0814515811550756,0.05863274416881829,91.85484188449244,4.399345620600201,0.9113609413800743,165.77376975154226,0.9948372364152358,0.9861532312036372
2024-09-03,3.1503874318291984,0.08537249078238301,0.04103179883804878,91.46275092176171,0.09028314217379282,0.013340020867046783,90.97168578262071,0.130925720363658,0.011583790804650919,86.9074279636342,0.05782724553903412,0.08475741368949781,94.2172754460966,0.0848907309544312,0.05562891287765226,91.51092690455688,4.403955947869819,0.9171929394470986,164.21211499563762,0.9953738203568773,0.9855685757377467
2024-09-04,2.540748010931956,0.0834701077242113,0.038827519906058545,91.65298922757887,0.08622862012118204,0.012615550662267277,91.3771379878818,0.12468019710660237,0.011112717030657965,87.53198028933976,0.058051555443014616,0.08270252142680261,94.19484445569853,0.08214188122396343,0.05305432532148287,91.78581187760366,4.406096128810262,0.9206165087865552,163.2074043757134,0.9953558755645588,0.9860358801919262
2024-09-05,2.5948572169418456,0.08180687352142944,0.03696556656306235,91.81931264785706,0.08198913063728235,0.012048685214565442,91.80108693627177,0.11918076351312817,0.01076889920328405,88.0819236486872,0.055965807793474334,0.0807948553470274,94.40341922065257,0.0846718457485683,0.05082188328298946,91.53281542514317,4.4079672672883925,0.9242237021466274,162.3432776952988,0.995522735376522,0.9856057862227434
2024-09-06,3.094925743767488,0.0709908922546646,0.03536832024729205,92.90091077453354,0.07968251518919564,0.01159725666380853,92.03174848108043,0.1124684127620683,0.01051672238772483,88.75315872379316,0.058469683281688715,0.07901861563209578,94.15303167183113,0.08137048811956243,0.04886012789324996,91.86295118804375,4.420135246213502,0.9261981980182086,161.3153268640066,0.995322425337465,0.9861670170196744
2024-09-07,1.5703553062443354,0.06968988324718364,0.03398757628414162,93.03101167528163,0.07660646180758529,0.011235460656769997,92.33935381924148,0.11155272966892238,0.010338126487110896,88.84472703310776,0.05511909804751947,0.07735846718664344,94.48809019524805,0.0793761535706763,0.047123244339054585,92.06238464293237,4.4215988813469185,0.9288445086248455,161.17741967284144,0.9955904721561984,0.9865060538929851
2024-09-08,1.7606291874891806,0.06820263525523515,0.03277497418693165,93.17973647447648,0.07416912146656879,0.010941654460452798,92.58308785334313,0.1099013162757063,0.01019595192652691,89.00986837242937,0.057648459730762616,0.07580403151072534,94.23515402692374,0.07580100098118589,0.04557196905267174,92.41989990188141,4.4232720353378605,0.9309521005730408,160.93013675207314,0.995388123221539,0.9871138298331984
2024-09-09,1.6754972656571512,0.06541810881258744,0.031700994409664895,93.45818911874126,0.07287228401502772,0.010701765741136916,92.71277159849723,0.10841744896005921,0.010085327077951284,89.15825510399408,0.0581809599573722,0.07434344296953925,94.18190400426279,0.07330813506366515,0.0441774034891465,92.66918649363348,4.426404627585839,0.9320773915956552,160.70952061185122,0.9953455232034102,0.987537617039177
2024-09-10,0.9023190346651478,0.07108286908815185,0.03074351687310741,92.89171309118481,0.07210192067109394,0.010505771313244679,92.7898079328906,0.11092290258345093,0.009999908199437168,88.90770974165491,0.05933037691151462,0.07296830825817029,94.06696230884853,0.07796953787259667,0.042915451196958485,92.20304621274033,4.420031772275829,0.9327471397253341,161.08289179041614,0.9952535698470788,0.9867451785616586
2024-09-11,1.410906900009157,0.06884111482634166,0.029880396954673736,93.11588851736583,0.07133014917932053,0.010345292371057366,92.86698508206794,0.11027600559492831,0.009921153519457672,88.97239944050716,0.05684300799697603,0.0716707135098539,94.31569920030239,0.07962856832413635,0.04176438597293998,92.03714316758636,4.422553745820365,0.9334190779248002,160.9860809522725,0.9954525593602419,0.9864631433848968
2024-09-12,1.0702138252929856,0.06727362154949326,0.02910187715956864,93.27263784505068,0.07039644421302056,0.010213336390710764,92.96035557869794,0.1108088417941304,0.009858360976354025,88.91911582058695,0.057879740035394006,0.07044458973586269,94.2120259964606,0.07811666317813849,0.04071080294098938,92.18833368218615,4.42431717575682,0.9342332977714836,161.06580156383433,0.9953696207971685,0.9867201672597165
2024-09-13,1.0044343984863338,0.07179492205389101,0.028396027157148215,92.82050779461089,0.06926628589328866,0.010104279489643833,93.07337141067113,0.11229624977342764,0.00980494660638886,88.77037502265723,0.057171098476226694,0.06928315924126854,94.28289015237733,0.07792995279866112,0.039743582886577304,92.2070047201339,4.419230712689372,0.93522073331301,161.2893551079688,0.9954263121219019,0.9867519080242276
2024-09-14,1.2775255102488488,0.06958861044039986,0.02775099977043003,93.04113895596001,0.0688476178935918,0.010013676048859693,93.11523821064081,0.11227919078804319,0.009756329905070842,88.77208092119568,0.05849237556073392,0.06818144360239946,94.15076244392661,0.07499199198187317,0.03885185651007074,92.50080080181269,4.42171281325455,0.935587059613538,161.28678274740372,0.9953206099551413,0.9872513613630816
2024-09-15,1.0595685401498192,0.06832941596966935,0.02716194755404471,93.16705840303307,0.0698401913179525,0.009938760797392086,93.01598086820475,0.11312571381869749,0.009716291392054148,88.68742861813026,0.060034335488449324,0.06713433827661394,93.99656645115508,0.07914468509231154,0.03802783575980011,92.08553149076884,4.423129407034122,0.9347190431947455,161.41466719140396,0.995197253160924,0.9865454035343071
2024-09-16,0.631859630014439,0.06931028441736038,0.026621909337365888,93.06897155826395,0.07108390504761485,0.00987790902303377,92.89160949523851,0.11552637014689553,0.009680819173393269,88.44736298531045,0.05711490069584289,0.06613761847163797,94.28850993041571,0.07726882869701303,0.037261958637301335,92.2731171302987,4.422025930030469,0.9336336726631562,161.77993642649628,0.9954308079443326,0.9868642991215077
2024-09-17,0.6784065053411481,0.06924075713569912,0.026124625421631294,93.0759242864301,0.06945128298429222,0.009828774962507565,93.05487170157078,0.11924965809826128,0.009644295088541867,88.07503419017387,0.05506530637987756,0.06518825223657068,94.49346936201223,0.07929344971242894,0.03654990714267048,92.0706550287571,4.422104148222338,0.9350589558502477,162.35398212260128,0.9955947754896098,0.9865201135488871
2024-09-18,0.7594417770181754,0.06830640869659799,0.025665861254418474,93.1693591303402,0.07051018090726069,0.009786793623412629,92.94898190927393,0.12115359400890183,0.009603436421622228,87.88464059910982,0.05062267585105427,0.06428265087284639,94.93773241489457,0.0788395905385215,0.035885211308207994,92.11604094614785,4.423155290216327,0.9341340398579833,162.65102481685798,0.9959501859319156,0.9865972696084513
2024-09-19,0.64349827598841,0.06801467501829385,0.025241897902826414,93.19853249817062,0.070100143921179,0.009752989689079521,92.98998560788209,0.12306805034008925,0.009564476861663071,87.69319496599107,0.05308147793441558,0.06341807116738274,94.69185220655845,0.0807254224112218,0.035263956387998376,91.92745775887782,4.423483490604419,0.9344919778589036,162.95207156749672,0.9957534817652468,0.9862766781900922
2024-09-20,0.5953876995742983,0.06526314952015902,0.024849087225584616,93.4736850479841,0.07047016865991024,0.009724684974001226,92.95298313400897,0.12593671514426047,0.009527314179199,87.40632848557395,0.05388941461234371,0.06259070074666542,94.61105853876562,0.08069149274955963,0.03468154309758415,91.93085072504404,4.426578956789821,0.9341689561063343,163.40756146458202,0.9956888468310126,0.9862824462325749
2024-09-21,0.4514227900233798,0.06349333358753027,0.02448510507845906,93.65066664124697,0.06997399441375057,0.009701566071460853,93.00260055862495,0.12951057938131408,0.00948905841467423,87.0489420618686,0.053853104517751056,0.061798309113914755,94.6146895482249,0.08029461547573837,0.03413495604944782,91.97053845242617,4.428569999714028,0.9346021540905861,163.98231635882502,0.9956917516385799,0.9863499153691245
2024-09-22,1.0254234619711926,0.05954934201610733,0.02414699727391095,94.04506579838927,0.06922573355106193,0.009682005607472103,93.0774266448938,0.13205464297021216,0.009448403862914638,86.79453570297878,0.05764573596107101,0.06103874884322196,94.2354264038929,0.08181272670810957,0.03362117502982174,91.81872732918904,4.433006990231879,0.9352562032704238,164.39632915680355,0.9953883411231144,0.9860918364596214
2024-09-23,0.48347118157276825,0.05948489680480635,0.023832958882769466,94.05151031951937,0.0704312167586698,0.009665202042752792,92.95687832413302,0.1351187106723923,0.009408861022969794,86.48812893276076,0.05918946463802722,0.060309464221546115,94.08105353619727,0.08043376363209727,0.03313705374554518,91.95662363679027,4.433079491094593,0.9342029495627568,164.90028219039124,0.9952648428289578,0.9863262601825434
2024-09-24,1.2101107822263943,0.05958451267396311,0.02353994180954672,94.04154873260369,0.06912990659377445,0.009652264234479041,93.08700934062256,0.1353959171004503,0.009369084342613705,86.46040828995497,0.06151955756764781,0.05960889117820293,93.84804424323522,0.08112566254016267,0.0326807869017018,91.88743374598374,4.4329674232417915,0.935340031022029,164.94615931293814,0.9950784353945882,0.9862086373681723
2024-09-25,0.7128241219619161,0.06248849744266415,0.023266147910295316,93.75115025573358,0.07016827841994631,0.009640481019883903,92.98317215800537,0.13846664912741535,0.00933606951958516,86.15333508725847,0.06302108813416993,0.05893522220774111,93.697891186583,0.08202148097749054,0.03224977918812222,91.79785190225095,4.429700440377003,0.9344324814752065,165.45749192951354,0.9949583129492664,0.9860563482338266
2024-09-26,0.5049770017685381,0.0640824628054526,0.023009386065611037,93.59175371945474,0.06985489102861991,0.00963157329875101,93.01451089713801,0.14171304015543854,0.009301954316494547,85.82869598445615,0.0647710218954529,0.05828698711308599,93.52289781045471,0.08049729006893654,0.03184207726480585,91.95027099310634,4.427907229343866,0.9347062002385601,166.00427396899238,0.9948183182483638,0.9863154606882808
2024-09-27,0.7819708930873257,0.06560009392276595,0.022768620084571926,93.43999060772342,0.0683915017013792,0.00962393594250858,93.16084982986209,0.1439015988942311,0.009266852510353337,85.60984011057688,0.06605902349693098,0.057662710199596325,93.3940976503069,0.08113186294009313,0.03145639717663628,91.88681370599069,4.4261998943368885,0.9359864791207456,166.37644699383085,0.9947152781202455,0.9862075833001842
2024-09-28,0.801302728954994,0.06334368105629845,0.022542640877741698,93.66563189437016,0.06889201562636948,0.009616419676559972,93.11079843736306,0.1458654531765896,0.009233423744268696,85.41345468234104,0.06617626187678154,0.05706110866410094,93.38237381232184,0.08266551866402391,0.031090773933345774,91.7334481335976,4.428738358811664,0.9355481988645983,166.7128272105989,0.9947058990498575,0.9859468618271159
2024-09-29,0.46057854317357333,0.0636777137921026,0.02233111008222471,93.63222862078973,0.06784763170520967,0.009610588995496773,93.21523682947903,0.14976698189976345,0.009202083074874736,85.02330181002365,0.06701080585166291,0.056481069377886495,93.2989194148337,0.08328942333033675,0.030743661934720876,91.67105766696633,4.428362571983885,0.9364631903552887,167.38782944902772,0.994639135531867,0.9858407980338427
2024-09-30,0.689769702158206,0.06499292620221461,0.022132423077294124,93.50070737977853,0.06734317215225812,0.009604917544554191,93.26568278477419,0.15179852563983867,0.009168298178418934,84.82014743601613,0.0688915508826945,0.05592136555581353,93.11084491173055,0.08468409048299579,0.030413956699980572,91.53159095170042,4.426882958022508,0.9369057919614896,167.74281747580218,0.9944886759293844,0.9856037046178907
2024-10-01,0.9518957872019896,0.06554080879885993,0.02194546754974476,93.44591912011401,0.06608384927007907,0.009599802789071292,93.3916150729921,0.15334137590281727,0.009136855235039385,84.66586240971827,0.06862676264101024,0.05538083253651593,93.13732373589897,0.08253013311578354,0.03010038669493275,91.74698668842166,4.4262665901012825,0.9380125218899761,168.01400539142634,0.9945098589887191,0.9859698773703168
2024-10-02,1.1580831917225611,0.06886151034101094,0.02176956243103246,93.11384896589891,0.06522599756945856,0.009594546440923588,93.47740024305415,0.15458990721951638,0.009108434166414433,84.54100927804836,0.06888261122977737,0.05485869838291696,93.11173887702226,0.08353273002433495,0.02980244919992609,91.6467269975665,4.422530800866363,0.9387679255685784,168.23446222454626,0.9944893911016178,0.985799435895863
2024-10-03,0.47721138552431697,0.07052225410422792,0.021603432082791998,92.94777458957721,0.0655780286996883,0.009589490165714441,93.44219713003116,0.15787062727512532,0.009083093677787795,84.21293727248747,0.07069715773316083,0.05435398895511393,92.93028422668391,0.08461003920957225,0.029518677583332976,91.53899607904278,4.420662464132744,0.9384577882300066,168.8179910040472,0.9943442273813471,0.9856162933343727
2024-10-04,0.6241740034121318,0.07286705802334614,0.021446722402851417,92.71329419766539,0.06610540365113984,0.009585592669886053,93.38945963488602,0.1606700536241085,0.009056322613535173,83.93299463758915,0.07150265111332578,0.053865705333141764,92.84973488866743,0.08522929901940675,0.029248188733272,91.47707009805931,4.418024559723736,0.9379935572742191,169.32073583767772,0.994279787910934,0.9855110191667008
2024-10-05,0.5622710034219411,0.07392408068583656,0.021298687274363376,92.60759193141635,0.0657448928496878,0.009582786873088231,93.42551071503122,0.16550007236039455,0.009029350387766918,83.44999276396055,0.07238228323198612,0.053393149071597215,92.76177167680139,0.08509926267899537,0.028990247439969447,91.49007373210047,4.416835409228434,0.9383108534783657,170.1984729344063,0.9942094173414411,0.9855331253445708
2024-10-06,0.5674683319298338,0.0733749559623882,0.021158989560162503,92.66250440376118,0.06475445741827732,0.009580164043894475,93.52455425817226,0.1688133396314442,0.00899893840398778,83.11866603685559,0.07520097928326748,0.05293557110910736,92.47990207167325,0.08501176549979547,0.02874421359226905,91.49882345002045,4.417453174542313,0.9391836709702177,170.8080506878246,0.9939839216573386,0.9855479998650347
2024-10-07,0.7331600890802668,0.07374714606164927,0.02102735976037965,92.62528539383507,0.06430949976599296,0.009577196696166423,93.5690500234007,0.17040560973797458,0.008968717560882864,82.95943902620255,0.07749961778032734,0.05249211475170079,92.25003822196727,0.08523215362270123,0.028509387256122915,91.47678463772988,4.417034460680644,0.9395763170580245,171.10314029297973,0.9938000305775738,0.9855105338841408
2024-10-08,1.2537116435137807,0.07413083591492943,0.020903123049210784,92.58691640850707,0.06369612946469387,0.0095743781096024,93.63038705353061,0.1703629576444714,0.008941894835286297,82.96370423555285,0.07942239523539871,0.05206218586155803,92.05776047646013,0.08653109013359052,0.028285089104208804,91.34689098664094,4.416602809595704,0.9401181148447452,171.0952176947513,0.9936462083811681,0.9852897146772897
2024-10-09,0.48680151711258796,0.0747077449728335,0.02078580493666194,92.52922550271666,0.06307661807835444,0.00957155568792261,93.69233819216456,0.1748971073312358,0.008920312821404281,82.51028926687643,0.07874403061111655,0.0516452137423852,92.12559693888835,0.08672308409869901,0.02807059396815224,91.3276915901301,4.415953786905562,0.9406659717599909,171.94295915272605,0.9937004775511107,0.9852570757032212
2024-10-10,0.8219455685138741,0.07598180278701397,0.020674945756004426,92.40181972129861,0.06293655138223146,0.009568711605149265,93.70634486177686,0.17631454312520928,0.008895581655356005,82.36854568747907,0.07761388722061012,0.051240835672989,92.23861127793899,0.0859858285890257,0.027865505481804206,91.40141714109743,4.414520471864609,0.9407899264538514,172.2102506069504,0.9937908890223512,0.9853824091398656
2024-10-11,1.5013969240826566,0.07621392796720686,0.020570036114047355,92.37860720327932,0.06316694056925277,0.009566237887117496,93.68330594307473,0.17537193445823127,0.008873603841836447,82.46280655417686,0.07726640533393002,0.05084853896300117,92.27335946660699,0.08642827454388331,0.027669428281551837,91.35717254561166,4.4142593310368925,0.9405860564706506,172.03237899143656,0.9938186875732856,0.9853071933275398
2024-10-12,0.6046097903544446,0.07518657992558703,0.020470878210194603,92.4813420074413,0.06375346510015267,0.009564376050349497,93.62465348998474,0.17739672494213748,0.008857473877717981,82.26032750578625,0.07754267952058065,0.050467748271911604,92.24573204794193,0.08670566229020998,0.02748174076599851,91.329433770979,4.415415097583715,0.9400674430760605,172.41504686951507,0.9937965856383536,0.9852600374106643
2024-10-13,0.5062620466856157,0.07497519572121589,0.02037732044310787,92.50248042787841,0.06345141120611625,0.009563306143355346,93.65485887938839,0.17966816607102765,0.008841337176703688,82.03318339289723,0.07738750270210862,0.05009793598837694,92.26124972978914,0.08593322303968694,0.027302025219921092,91.4066776960313,4.415652904813632,0.9403344520139828,172.8469355719615,0.9938089997838313,0.9853913520832532
2024-10-14,0.3561146736432646,0.07475046294865867,0.020288898621249135,92.52495370513414,0.0644257554127218,0.009562174514634184,93.55742445872782,0.18309397216333248,0.0088249390699517,81.69060278366675,0.07867699784421549,0.04973868174939053,92.13230021557845,0.08643165684145865,0.027129991982821604,91.35683431585413,4.415905729182759,0.9394736973573686,173.50348836923843,0.9937058401724628,0.985306618336952
2024-10-15,0.8734210766065182,0.07653751504987698,0.020205309859946455,92.3462484950123,0.0657659015901993,0.009562018010235748,93.42340984098007,0.18516125362509447,0.008806709084060012,81.48387463749054,0.0764821175652827,0.04938945696135627,92.35178824347173,0.08716299961413221,0.026965107206790316,91.28370003858677,4.413895295568889,0.938292357175181,173.90267042926186,0.9938814305947774,0.9851822900655975
2024-10-16,0.6648734928618124,0.07708328163651428,0.020125965763366078,92.29167183634857,0.0668327433522253,0.00956296970503292,93.31672566477746,0.1889288481609513,0.008789123138288803,81.10711518390488,0.07341851906269756,0.04905010280676337,92.65814809373025,0.08634628520687483,0.026806989369910397,91.36537147931251,4.413281308158922,0.9373540568859726,174.63591346598974,0.9941265184749842,0.9853211315148312
2024-10-17,0.8304928424839941,0.07617265588745334,0.020050809232173204,92.38273441125466,0.06772868481243684,0.009564610739150554,93.22713151875631,0.19041809662930517,0.008769742843701274,80.95819033706948,0.07228589830086352,0.04872028609850591,92.77141016991365,0.08575418702815683,0.02665547500781249,91.42458129718432,4.414305762126615,0.93656751403627,174.9277789204998,0.9942171281359309,0.9854217882052133
2024-10-18,0.7108001675389508,0.07681535630711069,0.019979812855293683,92.31846436928893,0.06804909164415714,0.009566685577735023,93.19509083558428,0.19580141941705073,0.00875221776041106,80.41985805829492,0.07198046892731164,0.048399506024136195,92.80195310726884,0.08644343453374663,0.026510217151195888,91.35565654662534,4.413582724154501,0.9362865507058273,175.99231780360276,0.9942415624858151,0.9853046161292631
2024-10-19,0.49265179526029906,0.0766668503339902,0.01991250756495998,92.33331496660098,0.06741436106419844,0.009568670655184214,93.25856389358016,0.19818169689320708,0.00873098090123935,80.18183031067929,0.07138444923293848,0.04808736358434984,92.86155507670615,0.08654099492375866,0.026370779780827712,91.34590050762414,4.413749793374261,0.9368433070387144,176.46772225949707,0.9942892440613649,0.985288030862961
2024-10-20,0.7264278413807569,0.07550141093976208,0.019848802259390588,92.44985890602379,0.06820028528452611,0.009569808867990711,93.17997147154739,0.1999553825456792,0.00871119154500664,80.00446174543208,0.07224557636727169,0.04778355334171187,92.77544236327283,0.0862013391412901,0.02623695047141652,91.37986608587099,4.415060912692767,0.9361540282060866,176.82383714132027,0.9942203538906182,0.9853457723459806
2024-10-21,1.354100516705654,0.07645853730859081,0.01978863757735827,92.35414626914091,0.06977668592123819,0.009571370855010392,93.02233140787618,0.20687129278574848,0.008693127547395426,79.31287072142516,0.07143959426740767,0.047487676710848685,92.85604057325924,0.08596893832933719,0.026108512009165082,91.40310616706628,4.413984145527835,0.9347745311338974,178.22744679017566,0.9942848324586074,0.9853852804840126
2024-10-22,0.5748966177509887,0.07571617975326365,0.01973150961001679,92.42838202467364,0.07003257353477349,0.009573931625737317,92.99674264652265,0.21062676642156267,0.008670367787995103,78.93732335784374,0.07216033930031607,0.04719954763431438,92.78396606996839,0.08430762253846012,0.025985202935490476,91.56923774615399,4.414819297777578,0.9345509891316429,178.99957247530693,0.9942271728559747,0.9856677041684618
2024-10-23,0.5225529721496411,0.0763810060447427,0.019677489570983323,92.36189939552573,0.06974384216819514,0.00957626529211707,93.02561578318048,0.21311892804982444,0.00864799646713409,78.68810719501755,0.07058598223507867,0.04691879576281267,92.94140177649213,0.08524006161591147,0.025866929526532457,91.47599383840885,4.414071368199664,0.9348032309988943,179.5157816798566,0.9943531214211937,0.9855091895252951
2024-10-24,0.5514702881529064,0.07502287055566045,0.01962620940568141,92.49771294443396,0.06955653614219387,0.009577971732128503,93.04434638578061,0.21730098416976384,0.008627529458691061,78.26990158302361,0.07080194032867436,0.0466452961424385,92.91980596713256,0.08569049436872828,0.02575320841569405,91.43095056312718,4.415599270624882,0.9349669383601928,180.3888170545046,0.9943358447737061,0.9854326159573162
2024-10-25,0.5078235804296438,0.07568543729633556,0.019577798683502165,92.43145627036644,0.0685645384698922,0.009579237775182386,93.14354615301077,0.22106085275847062,0.008606870432821895,77.89391472415294,0.0719349985377871,0.04637869008860011,92.8065001462213,0.0864812891420037,0.025643884252230683,91.35187108579963,4.414853883041623,0.9358349112276627,181.18092655081642,0.994245200116977,0.9852981808458594
2024-10-26,0.38112609282954163,0.07487050033309381,0.019531820745786552,92.51294996669061,0.0683707548489297,0.009579490473747716,93.16292451510702,0.22461995342006533,0.008586573341233398,77.53800465799347,0.071490664297406,0.04611868860731246,92.8509335702594,0.0873486635984276,0.02553873104248813,91.26513364015723,4.41577068712527,0.9360046551830246,181.93697321007346,0.9942807468562075,0.9851507271882673
2024-10-27,0.5822008813654423,0.07370417755293278,0.01948834510043505,92.62958224470673,0.06796345417113325,0.009579540561245034,93.20365458288667,0.22715621091377058,0.008566949515789457,77.28437890862294,0.07267259095504036,0.045865156889399405,92.73274090449597,0.08763610942843233,0.025437560044326384,91.23638905715677,4.417082800252951,0.9363616293182232,182.47941350794164,0.9941861927235968,0.9851018613971665
2024-10-28,0.9159320626256015,0.07627632746203963,0.01944728322608613,92.37236725379604,0.06805854432778426,0.009579254493724843,93.19414556722158,0.2291328284378385,0.008549120970521629,77.08671715621615,0.07358102328826054,0.045617787907211306,92.64189767117395,0.08827017957455911,0.025340253429106677,91.17298204254409,4.414189131605205,0.9362782642494386,182.90426762976665,0.9941135181369392,0.9849940694723249
2024-10-29,0.3757929393765716,0.07701991603090502,0.01940799764246264,92.2980083969095,0.06837221714621407,0.00957910005273284,93.1627782853786,0.23255098387997436,0.008533125114693868,76.74490161200256,0.07538704103773115,0.04537639366753025,92.46129589622689,0.08805696577918094,0.025246613039642304,91.1943034220819,4.413352594465232,0.9360033740592332,183.6432952268978,0.9939690367169816,0.9850303158175392
2024-10-30,0.7779139836508528,0.0759842424919014,0.019370642715028863,92.40157575080985,0.06985127307974981,0.009579223146352739,93.01487269202502,0.23714185724690437,0.008517422934342692,76.28581427530956,0.07481424420245293,0.045140732062704254,92.5185755797547,0.0891731889517158,0.02515656060765932,91.08268110482842,4.414517727196611,0.9347093611631915,184.6444427358513,0.9940148604638037,0.9848405578782083
2024-10-31,1.405161445112185,0.0762109815042949,0.019335351249966496,92.37890184957051,0.06863810067547013,0.00958051118201986,93.13618993245298,0.24394959970189986,0.008501014487071553,75.60504002981001,0.07679322802133691,0.044910744650870055,92.3206771978663,0.08771963427020363,0.025069824013091022,91.22803657297965,4.414262645807669,0.9357704908405521,186.14693011386058,0.9938565417582931,0.9850876621740654
2024-11-01,0.6313576350712226,0.07504153244010112,0.01930184627558881,92.49584675598989,0.06821046638877139,0.009580609336070613,93.17895336112286,0.24612567972964283,0.008482490050991963,75.38743202703571,0.07641593567700425,0.04468611767678619,92.35840643229957,0.0881784859550743,0.02498649476994653,91.18215140449257,4.4155782760048865,0.9361451057305532,186.63166404395128,0.9938867251458396,0.9850096573876373
2024-11-02,0.36420549988915085,0.07485232619976613,0.019270217066436512,92.51476738002339,0.06765611409926614,0.009580342246592474,93.23438859007338,0.2499992054039707,0.008466200150088712,75.00007945960293,0.07675124382201838,0.044466804212609165,92.32487561779817,0.08777051087653674,0.02490626022552664,91.22294891234633,4.415791133025263,0.936631174396126,187.49982121603546,0.9938599004942386,0.9850790131509888
2024-11-03,0.6135988777063239,0.07403903580938516,0.019240234259658727,92.59609641906148,0.06857623445767577,0.009579670802687314,93.14237655423241,0.2522519869134745,0.008450411639019627,74.77480130865256,0.07750087434072353,0.044252602217621534,92.24991256592764,0.08859314335465082,0.024829068711978083,91.14068566453491,4.416706084714441,0.935824668145947,188.0078364233067,0.9937999300527421,0.9849391656297094
2024-11-04,1.0080157172865354,0.07295173772437183,0.019211891087375237,92.70482622756282,0.06904340018199527,0.009579855420562958,93.09565998180047,0.2581763090232639,0.00843637840885629,74.18236909767361,0.07622212961458504,0.04404333366254088,92.3777870385415,0.08879318550194087,0.024754687727964145,91.12068144980591,4.417929295060081,0.9354157182297358,189.35463023581895,0.9939022296308332,0.9849051584646701
2024-11-05,0.6775097221792906,0.07115800646410071,0.01918513571322613,92.88419935358992,0.06941291348441089,0.009580384508242225,93.0587086515589,0.2619672811705584,0.008421175318070089,73.80327188294416,0.07673893884149362,0.043838947844814596,92.32610611585064,0.08978817504945909,0.024683057164378963,91.02118249505409,4.419947242727886,0.9350925048602168,190.22460924442834,0.9938608848926805,0.984736010241592
2024-11-06,1.6552159957309067,0.07059118956268705,0.01915997629686819,92.9408810437313,0.07031061136911033,0.009581116432831249,92.96893886308897,0.2698991120309324,0.008406748710163139,73.01008879690676,0.07800973363122567,0.04363920976513102,92.19902663687743,0.09101864890055543,0.024613998183194482,90.89813510994446,4.420584911741977,0.9343082179862059,192.0652465108252,0.9937592213095019,0.9845268296869055
2024-11-07,0.7212574284273057,0.06892736963613107,0.019136170327809482,93.10726303638688,0.07049316181865475,0.009582437903020965,92.95068381813452,0.27372035131228006,0.008390526199746357,72.62796486877198,0.08002235039488372,0.04344394535470092,91.99776496051163,0.09182119400778878,0.02454738833552441,90.81788059922113,4.422456709159353,0.9341488910598043,192.96174250657242,0.9935982119684093,0.9843903970186759
2024-11-08,1.5326669287856132,0.07156201818615358,0.019113785360550684,92.84379818138464,0.07063663007349574,0.00958368357288728,92.93633699265042,0.27352076289959865,0.008375592966828901,72.64792371004015,0.0814716710256984,0.043252988752817856,91.85283289743016,0.0925140477815272,0.024483166538197296,90.74859522184728,4.419492729540577,0.9340237125376079,192.91476151301546,0.9934822663179441,0.9842726118771403
2024-11-09,0.5301316175440928,0.07128749135895238,0.01909220092001833,92.87125086410477,0.07063257564740494,0.00958482770254117,92.93674243525952,0.2781681237654069,0.008364052360556137,72.1831876234593,0.08082545482815233,0.0430662420037622,91.91745451718477,0.09204224351126693,0.024421247914094942,90.79577564887332,4.4198015722211785,0.9340272496335227,194.01313425395657,0.9935339636137478,0.9843528186030847
2024-11-10,0.18299003257183608,0.0711388931432421,0.019071745811405562,92.88611068567579,0.07048386211219206,0.009585773000574723,92.95161378878079,0.28160616450994336,0.0083524620027088,71.83938354900566,0.08133162997859791,0.04288368036094084,91.86683700214022,0.09259300049717938,0.024361638226566885,90.74069995028206,4.419968745213853,0.934157006371755,194.83162604071998,0.9934934696017121,0.9842591899154796
2024-11-11,0.512478526104569,0.07085554942151791,0.01905234507862947,92.91444505784821,0.07082742864304076,0.009586442964384772,92.91725713569592,0.2838604706288976,0.008341623286721013,71.61395293711024,0.08209112319388023,0.04270513124165027,91.79088768061197,0.09373417159509335,0.024304161879220614,90.62658284049067,4.4202875069007925,0.9338572894674599,195.37102935506195,0.9934327101444895,0.9840651908288341
2024-11-12,0.5723168166350668,0.07100109119114724,0.01903396212447755,92.89989088088527,0.07173541213847104,0.009587269184412066,92.8264587861529,0.28834433790980857,0.008332011831002583,71.16556620901915,0.0827379227609281,0.04253047004910807,91.7262077239072,0.09498471242098662,0.024248687845815322,90.50152875790134,4.420123772409959,0.9330661175081125,196.45028643332716,0.9933809661791257,0.9838525988884322
2024-11-13,0.37023523783765266,0.0719027782270665,0.01901648956224752,92.80972217729335,0.07223276950577093,0.009588680605946732,92.7767230494229,0.291582537973306,0.008322352939993399,70.8417462026694,0.08173405728224632,0.04235959306032854,91.82659427177536,0.09525074753338464,0.02419512990927685,90.47492524666154,4.41910937449455,0.9326333128775149,197.23495679103948,0.9934612754174202,0.9838073729193246
2024-11-14,1.0274335005740611,0.0714638780374557,0.01899978533615705,92.85361219625443,0.07275701045392403,0.009590247380826665,92.7242989546076,0.2975000279004857,0.008313302520735316,70.24999720995143,0.08184771449409574,0.04219246748044524,91.81522855059042,0.09702921968420108,0.02414349426531341,90.29707803157989,4.419603137207862,0.9321775483684438,198.68013465962528,0.9934521828404723,0.9835050326536858
2024-11-15,1.1728297049566456,0.06931446000126736,0.018983981016741033,93.06855399987326,0.07166844498004335,0.009591957431669611,92.83315550199566,0.302969328353987,0.008303721389385076,69.70306716460131,0.08292641194290061,0.042028941117577184,91.70735880570994,0.09666438630520024,0.02409358575284431,90.33356136947998,4.422021232498574,0.9331244235885121,200.02870381101204,0.993365887044568,0.983567054328116
2024-11-16,0.7080779999422757,0.06933494071247712,0.018969240991710896,93.06650592875229,0.07286462435047751,0.009592513950957995,92.71353756495225,0.3047411521730712,0.008294047872588087,69.52588478269288,0.08366397740077612,0.041868874567579394,91.63360225992238,0.09632339966940039,0.024045509924833747,90.36766003305996,4.421998191698463,0.932084046116638,200.46821128109303,0.9933068818079379,0.983625022056202
2024-11-17,0.5343895884996611,0.0693038218200092,0.018955239124475453,93.06961781799909,0.0740364250399198,0.009593936028468931,92.59635749600803,0.3071396624452548,0.008285850590027776,69.28603375547452,0.0844578863093986,0.04171218929049332,91.55421136906014,0.09601821721262342,0.023999194209719257,90.39817827873766,4.42203320045249,0.9310671190344705,201.06520840485243,0.9932433690952481,0.983676903073854
2024-11-18,1.6173918619342658,0.06831632887013178,0.01894194712962341,93.16836711298681,0.07464970886444913,0.00959603360368431,92.53502911355508,0.3062561465921826,0.008278569063331085,69.37438534078174,0.08618266731401943,0.04155879305650657,91.38173326859805,0.09535510792563671,0.02395456913797855,90.46448920743633,4.423144130021102,0.93053577528688,200.84502619452778,0.9931053866148785,0.9837896316526418
2024-11-19,0.9087630430494316,0.06954357471616064,0.01892944668767627,93.04564252838394,0.0733857062413506,0.00959825621220772,92.66142937586494,0.3115223332980454,0.008273215866895533,68.84776667019545,0.08622510449296181,0.041408560491066504,91.37748955070381,0.09583898514557004,0.023911598091022383,90.416101485443,4.421763478444319,0.9316315600118027,202.16209614503214,0.993101991640563,0.9837073725252531
2024-11-20,0.5371785980659685,0.06956004101507418,0.01891742142450141,93.04399589849258,0.0722791164483607,0.009599100386697638,92.77208835516393,0.3153989109071088,0.008267198854579789,68.46010890928912,0.08562811769414154,0.041261477915110055,91.43718823058585,0.09535768747385523,0.023870128425582546,90.46423125261448,4.421744953858042,0.9325930018223557,203.13877503383668,0.9931497505844686,0.9837891931294446
2024-11-21,1.4247770557160817,0.06894937404886681,0.01890599668038076,93.10506259511332,0.07273854179272535,0.00959892937869469,92.72614582072747,0.3150300156156656,0.008261266717458417,68.49699843843344,0.08764081902447186,0.04111748876233156,91.23591809755281,0.09632558658936283,0.023830178538720874,90.36744134106371,4.422431954195025,0.9321935970798932,203.04557443823694,0.9929887344780423,0.9836246502798083
2024-11-22,1.0998508216611775,0.0691274141519334,0.018895221303386053,93.08725858480666,0.07280417284799405,0.009599153006795522,92.7195827152006,0.32135772697809223,0.008256785207143564,67.86422730219077,0.0888435428365339,0.04097640831791427,91.1156457163466,0.0966313746136705,0.023791579466266217,90.33686253863296,4.422231659079075,0.9321365681728108,204.6517880078609,0.9928925165730773,0.983572666315676
2024-11-23,0.9683479805362383,0.07033268558433557,0.018884963895836767,92.96673144156644,0.0729946394188935,0.009599389867229604,92.70053605811064,0.32233691547961335,0.008251383159464564,67.76630845203866,0.08762476304066183,0.04083819509140378,91.23752369593382,0.0973599502835124,0.023754332177016408,90.26400497164876,4.420875728717623,0.931971105225255,204.9017671229039,0.9929900189567471,0.9834488084518029
2024-11-24,0.29585225650441865,0.07066556247541234,0.018875071462720213,92.93344375245877,0.07242505632481759,0.009599743994872786,92.75749436751825,0.32574661781982023,0.008246911219332215,67.42533821801797,0.08771631257436902,0.04070287149859949,91.2283687425631,0.09801686695613529,0.02371835383968391,90.19831330438647,4.420501242215161,0.9324660908492598,205.77519887553706,0.9929826949940505,0.983337132617457
2024-11-25,0.5275377152927473,0.07054664251642367,0.018865636767801345,92.94533574835764,0.07328058828538818,0.009599565904713593,92.67194117146119,0.32905761780833637,0.00824250060988635,67.09423821916636,0.08831594813067305,0.04057031318969818,91.1684051869327,0.09679316466111029,0.023683603950031804,90.32068353388897,4.420635027169023,0.9317228047490759,206.62773339449478,0.9929347241495462,0.9835451620076112
2024-11-26,0.65616195464696,0.0689794896499943,0.018856686189254374,93.10205103500057,0.07363855003960461,0.009600113048484656,92.63614499603953,0.33296981537839215,0.008238208025480897,66.70301846216078,0.08953694920953513,0.04044043091475318,91.04630507904649,0.09737597158789468,0.023650179061571536,90.26240284121053,4.422398074143756,0.9314121591136159,207.6406079377991,0.9928370440632371,0.9834460848300579
2024-11-27,0.9856623106439442,0.06741430842942266,0.01884837517609259,93.25856915705774,0.07366498713628494,0.009600856863983804,92.63350128637151,0.338382802487503,0.008233945264806329,66.16171975124969,0.0890263250537376,0.04031313481155194,91.09736749462624,0.09662060583066064,0.02361789330283956,90.33793941693393,4.4241589030169,0.9313892247406087,209.05187327829938,0.992877893995701,0.9835744970087877
2024-11-28,1.0980619521758244,0.06490868585572117,0.01884067382576188,93.50913141442788,0.07422714842711259,0.009601482399466984,92.57728515728874,0.34046839232254955,0.008229466551623077,65.95316076774505,0.09013056107479757,0.040188427159251826,90.98694389252024,0.0954299619841095,0.02358680637548409,90.45700380158905,4.4269777284123135,0.9309018129584639,209.59865443571266,0.9927895551140162,0.9837769064627013
2024-11-29,0.7610070129405813,0.06574262652936694,0.018833662351235046,93.4257373470633,0.0734320856931287,0.009602451217343527,92.65679143068712,0.34474091289946507,0.008225567478095767,65.5259087100535,0.08847794109190271,0.04006618362963291,91.15220589080973,0.09674797179023317,0.023556905986558442,90.32520282097668,4.426039545154462,0.9315913072919627,210.72401735602853,0.9929217647126478,0.9835528447956604
2024-11-30,0.8081026000251221,0.06671153334810578,0.018826899256699104,93.32884666518943,0.07517575294738932,0.009602622023099314,92.48242470526107,0.34944866399844043,0.008221733564782828,65.05513360015595,0.08877494525875809,0.03994644699106895,91.1225054741242,0.0965847606525297,0.02352796091894481,90.34152393474703,4.424949524983381,0.9300804982429065,211.97211689107706,0.9928980043792993,0.98358059068907
2024-12-01,0.36525957614310517,0.06752311538874367,0.018820356277235495,93.24768846112563,0.07559150114850902,0.009604146262927105,92.4408498851491,0.35263524749331265,0.00821796998621757,64.73647525066873,0.08799684053609406,0.03982908420357962,91.2003159463906,0.09725957093318083,0.023500047105422844,90.27404290668191,4.424036495187663,0.9297209943851424,212.82172168855934,0.9929602527571125,0.9834658729413592
2024-12-02,1.2186950412236284,0.06663267998912051,0.01881404049006414,93.33673200108795,0.0753748833046084,0.009605743511181885,92.46251166953915,0.35278597122375877,0.008214562032083844,64.72140287762413,0.0891110199609382,0.0397140775371576,91.08889800390618,0.09661406260250262,0.023473064612767346,90.33859373974974,4.42503823501224,0.9299082724779821,212.86200298215195,0.9928711184031249,0.9835756093575746
2024-12-03,0.5317733944944992,0.06795763926181095,0.018808146415254308,93.2042360738189,0.07561781351759349,0.009606906500823185,92.43821864824065,0.35623304086401253,0.008211885764956534,64.37669591359875,0.08855830863333666,0.039601302112761486,91.14416913666633,0.09779947061067676,0.02344707736230429,90.22005293893233,4.423547655830463,0.9296982510262631,213.7855863130728,0.9929153353093331,0.9833740899961849
2024-12-04,0.39538092165843486,0.06801854953970148,0.018802384821403978,93.19814504602985,0.0758003610664322,0.009608066297751534,92.41996389335678,0.3604757271085172,0.008209330032943697,63.952427289148275,0.08966529281832507,0.039490765367688564,91.0334707181675,0.09788259893911273,0.023421914208934812,90.21174010608873,4.423479131767835,0.9295404948634783,214.92848874426122,0.992826776574534,0.9833599581803508
2024-12-05,0.20113933031458053,0.0678099056683774,0.01879690516433855,93.21900943316226,0.07578556570344798,0.009609163504887736,92.4214434296552,0.36364944308087715,0.008206829273796115,63.63505569191228,0.09042437900012243,0.03938235562847944,90.95756209998775,0.0982346030459671,0.023397627210702234,90.17653969540329,4.423713856123076,0.9295532789065705,215.7878426351476,0.9927660496799902,0.9833001174821856
2024-12-06,0.3772565156345577,0.06833986833786426,0.018791723221424517,93.16601316621357,0.07658135670981164,0.009610073254070275,92.34186432901883,0.3662513240550878,0.008204547132168888,63.37486759449122,0.09031770219015534,0.039276035725604994,90.96822978098447,0.0987779495093714,0.02337416439267794,90.12220504906287,4.423117648119903,0.9288661686062859,216.49516374787584,0.9927745838247876,0.9832077485834069
2024-12-07,0.8581369771717839,0.0680869629627761,0.01878673608952427,93.1913037037224,0.07595159894553637,0.009611449286589037,92.40484010544637,0.37165486584249063,0.008202519366188711,62.83451341575093,0.08955680138862424,0.039171787948019565,91.04431986113758,0.09966321485597217,0.023351482798574987,90.03367851440278,4.423402166666877,0.9294098368179655,217.97214722408083,0.9928354558889101,0.9830572534744847
2024-12-08,0.6587762651367223,0.06856778071873947,0.01878202693456934,93.14322192812605,0.07642194111405687,0.00961210174721075,92.35780588859431,0.37318589925638396,0.008200499914413507,62.68141007436161,0.08999269129815828,0.03906958696992663,91.00073087018417,0.10025033552178969,0.02332952903093258,89.97496644782103,4.422861246691419,0.9290037315339719,218.3925967114226,0.9928005846961473,0.9829574429612957
2024-12-09,0.6588711236457021,0.0693142870368488,0.018777495643628,93.06857129631511,0.07560925400063766,0.009613006931716276,92.43907459993623,0.37681712852612975,0.008198822676465782,62.31828714738703,0.08804303156396816,0.03896934458298195,91.19569684360317,0.10042261518045718,0.023308299457072933,89.95773848195428,4.422021427083545,0.9297056494080769,219.39324687451014,0.9929565574748825,0.9829281554193223
2024-12-10,0.5281494653601245,0.06966700716859842,0.01877309928673917,93.03329928314015,0.07558553833263608,0.009613115805876147,92.4414461667364,0.38077382509180846,0.008197296427538615,61.92261749081916,0.08644858838102597,0.03887109770070037,91.35514116189741,0.10123093380149617,0.023287798114788143,89.87690661985039,4.421624616935326,0.9297261485592228,220.4890868986381,0.9930841129295179,0.9827907412537457
2024-12-11,0.6537215547137937,0.06976271868055567,0.018768880324422123,93.02372813194444,0.07697207715414615,0.009613188211833294,92.3027922845854,0.3850848849578776,0.008195923802892663,61.49151150421224,0.08553596373356148,0.03877478834398677,91.44640362664384,0.10203548151611797,0.023267952927416662,89.7964518483882,4.4215169414843745,0.9285291802944959,221.68956799102773,0.9931571229013151,0.9826539681422599
2024-12-12,0.9783985524846845,0.07218389132346131,0.018764857360143553,92.78161086765387,0.07802459361785423,0.009614358776832354,92.19754063821458,0.38966344103280187,0.008194710497753674,61.03365589671981,0.08603767100216018,0.03868034927612467,91.39623289978398,0.1029909274670766,0.02324874056864941,89.70090725329234,4.418793122261106,0.927622621895848,222.97191553603446,0.9931169863198271,0.982491542330597
2024-12-13,0.474572813475033,0.07310140980766645,0.018760743439904595,92.68985901923335,0.07838330121901282,0.00961615074665838,92.16166987809872,0.39365911925380603,0.008193678025909002,60.6340880746194,0.08708681751575809,0.038587691405101106,91.29131824842419,0.10380088704882254,0.023230128540055184,89.61991129511775,4.417760913966376,0.9273140625133867,224.09718845953606,0.9930330545987394,0.9823538492017002
2024-12-14,0.7469248107565819,0.07220334724305622,0.01875672550295232,92.77966527569438,0.07740881374703078,0.009617914835057419,92.25911862529692,0.3955940205177369,0.008192851808013097,60.44059794822631,0.08644867016927824,0.038496757151172095,91.35513298307217,0.10452087943689536,0.023212106057166438,89.54791205631047,4.418771234351562,0.9281527932950381,224.64415955229978,0.9930841063864577,0.9822314504957278
2024-12-15,0.8736717424139226,0.0738556543489996,0.018753014314090034,92.61443456510004,0.07647186923982291,0.009618619029499221,92.3528130760177,0.39772485268484936,0.008192215985025389,60.227514731515065,0.0849724026567025,0.03840756417954679,91.50275973432976,0.10438059941047889,0.023194658338530554,89.5619400589521,4.416912388857376,0.9289606431668062,225.24806719088141,0.9932022077874638,0.9822552981002186
2024-12-16,0.5813934609131614,0.07472884451958321,0.018749289680812666,92.52711554804168,0.07604101697981637,0.009618455992422002,92.39589830201837,0.4023738069298733,0.008191741575916464,59.76261930701268,0.08516273087939104,0.03832010152966126,91.48372691206089,0.10458329911289793,0.023177827293259845,89.54167008871022,4.4159300499154694,0.9293326037019992,226.571262486959,0.9931869815296487,0.9822208391508074
2024-12-17,0.6734487704378728,0.07480270567962842,0.018745645095414622,92.51972943203715,0.0772431604564483,0.009617978139766219,92.27568395435517,0.40424023334271514,0.008191463528480696,59.57597666572849,0.08511209639264133,0.03823427673384918,91.48879036073588,0.10406120616740278,0.023161566283509797,89.59387938325972,4.415846956110418,0.9282955201834664,227.10464795523433,0.9931910322885887,0.9823095949515416
2024-12-18,0.4585507773588463,0.07411032681037194,0.01874217267740782,92.5889673189628,0.0771506827150855,0.009618539485201822,92.28493172849144,0.4084683315073333,0.008191301527575698,59.15316684926667,0.08577133288429398,0.038150061961950095,91.4228667115706,0.10440186052698527,0.023145906718676307,89.55981394730146,4.416625882338332,0.9283752181072586,228.31750469628363,0.9931382933692565,0.9822516837104125
2024-12-19,0.5799535742429476,0.07585170837361183,0.01873895738500084,92.41482916263881,0.07703833266255337,0.009618928225383206,92.29616673374467,0.4117922453923469,0.008191335241900353,58.82077546076532,0.08536761890752201,0.0380673997587606,91.4632381092478,0.10430666356765608,0.023130766027827453,89.5693336432344,4.414666828079687,0.9284720605327885,229.27541071504132,0.9931705904873982,0.9822678671934985
2024-12-20,0.27558778535766304,0.07540308067032735,0.018735691634173993,92.45969193296727,0.07723599045959163,0.00961916310674274,92.27640095404084,0.4154311442948921,0.008191522165080733,58.456885570510785,0.08606801448145139,0.03798629073022557,91.39319855185487,0.10432650271420446,0.023116156809499425,89.56734972857956,4.415171534245881,0.928301698844429,230.32853240750148,0.9931145588414839,0.9822644945385852
2024-12-21,0.5695555685613735,0.07642494044774202,0.018732643446575898,92.35750595522579,0.07735413398791312,0.009619513024096136,92.26458660120869,0.41757273801141087,0.00819187813149628,58.242726198858904,0.08660595034078969,0.03790666661516819,91.33940496592103,0.1052695079732023,0.023102052197213337,89.47304920267976,4.41402194199629,0.928199900527062,230.95048601764248,0.9930715239727368,0.9821041836445557
2024-12-22,1.1886306441414847,0.07535838100511748,0.018729623512135626,92.46416189948825,0.07710432709132092,0.009619898329016854,92.28956729086791,0.42349813152250343,0.00819229550838728,57.65018684774965,0.08687946965637626,0.03782850109318229,91.31205303436238,0.10364290094516422,0.023088368862638164,89.63570990548358,4.415221821369243,0.9284151728370285,232.67962583324604,0.9930496424274899,0.9823807068393221
2024-12-23,0.22927386923769844,0.07528714619298843,0.018726882911816345,92.47128538070115,0.0776024774312331,0.009620020894877731,92.2397522568767,0.4268613339133227,0.008193071654080486,57.31386660866773,0.08636667432516758,0.037751771696018586,91.36333256748324,0.10398356390157343,0.023075274102153216,89.60164360984267,4.415301960532888,0.9279859882874245,233.66647666408002,0.9930906660539865,0.9823227941367325
2024-12-24,0.626472819823203,0.07522108055372292,0.018724289738817654,92.47789194462771,0.07754524882913974,0.009620505277171492,92.24547511708603,0.4284205862838818,0.008193971530850639,57.15794137161182,0.08617799240055685,0.037676472761433155,91.38220075994433,0.10432938958166056,0.02306260824829339,89.56706104183394,4.415376284377062,0.9280352737730501,234.1253243170188,0.9931057606079554,0.9822640037711177
2024-12-25,0.8753460172684093,0.0763846881971795,0.01872183149344381,92.36153118028206,0.07568487023869147,0.009620874330064986,92.43151297613086,0.4310863587370287,0.008194818392112321,56.89136412629713,0.08742203596420065,0.03760256389286596,91.25779640357993,0.10502347292150792,0.023050355229053673,89.49765270784921,4.414067225778173,0.929640294911002,234.91172722875265,0.993006237122864,0.9821460096033436
2024-12-26,0.3635699707023753,0.07593677165085498,0.018719356707415872,92.4063228349145,0.07560798116924297,0.009619698509155354,92.43920188307571,0.43514575145064316,0.008195742203301434,56.48542485493569,0.08803405470455351,0.03752997219859714,91.19659452954465,0.10506938178460455,0.023038476695542976,89.49306182153954,4.414571131892789,0.9297067495844973,236.11392335884466,0.9929572756236357,0.9821382050966172
2024-12-27,0.8523308796855646,0.07688742309783729,0.01871705950782201,92.31125769021628,0.07666920711904628,0.009618658662603934,92.33307928809538,0.436495848422819,0.008196897507027418,56.3504151577181,0.0873505606832879,0.03745868987560853,91.26494393167121,0.1049044076095454,0.02302700507614851,89.50955923904546,4.413501649014933,0.9287903781290469,236.51500373206449,0.993011955145337,0.9821662507063773
2024-12-28,0.925090160592064,0.07704276313946103,0.018714760872336426,92.2957236860539,0.0763619019592498,0.009618643028036725,92.36380980407502,0.43726356061625754,0.008197950225892271,56.27364393837424,0.0868315880300195,0.03738872924733768,91.31684119699806,0.10506161317652066,0.023015940687381598,89.49383868234794,4.413326891468106,0.929055551092758,236.74334892489765,0.9930534729575985,0.9821395257599915
2024-12-29,0.7662146464505372,0.07678689537771291,0.01871255861004388,92.32131046222871,0.07743863712997193,0.009618386955284977,92.2561362870028,0.43869189057843294,0.008198858685174943,56.13081094215671,0.08750038169028268,0.03732005797943269,91.24996183097174,0.10498331210343777,0.023005246833547828,89.50166878965622,4.413614742700073,0.9281271021278305,237.16871908840426,0.9929999694647774,0.9821528369424156
2024-12-30,0.7446715602904498,0.07861449483078929,0.01871049729808405,92.13855051692107,0.07842237524315679,0.009619022489764924,92.15776247568432,0.44143118208350957,0.008199735571580095,55.85688179164905,0.08789652522258101,0.03725261385070767,91.2103474777419,0.10608390431607623,0.022994927225688883,89.39160956839238,4.411558693315362,0.9272804635331546,237.98644412420126,0.9929682779821936,0.981965736266267
2024-12-31,0.5674797651010027,0.07976313316840307,0.018708316643512246,92.0236866831597,0.07852425467898207,0.009620333913759155,92.1475745321018,0.44358684579671503,0.008200757215216166,55.641315420328496,0.088112033173714,0.03718638000585987,91.1887966826286,0.10569592621181363,0.022984885945498794,89.43040737881863,4.410266475185546,0.9271928708711752,238.63173344599377,0.9929510373461029,0.9820316925439917
2025-01-01,0.3679326742914697,0.0801342482814448,0.01870610844725343,91.98657517185552,0.07790147364007578,0.009621493749232561,92.20985263599242,0.446954643294705,0.008201831253608974,55.304535670529496,0.08866256301333615,0.03712133744451614,91.13374369866638,0.10525093814853408,0.022975218029139665,89.4749061851466,4.409848970683375,0.9277285767343815,239.64301085549357,0.9929069949589331,0.9821073405147492
2025-01-02,0.4583939170369126,0.07894383581579481,0.018703964886262612,92.10561641842052,0.07780358657272662,0.00962196989637264,92.21964134272733,0.4504193366188714,0.008203123826663428,54.958066338112864,0.08843183528164993,0.03705745204303861,91.15681647183501,0.10533268376639932,0.022965913949671186,89.46673162336008,4.411188184707231,0.927812833857668,240.6873673739731,0.992925453177468,0.9820934437597121
2025-01-03,0.41263760396964116,0.07975253775953192,0.01870207167408403,92.02474622404681,0.07801993513435887,0.009622286978339145,92.19800648656411,0.4542611633745964,0.00820462564964573,54.57388366254037,0.0880408023544063,0.03699472361588172,91.19591976455938,0.10623423929079064,0.02295692440162332,89.37657607092093,4.410278395020526,0.9276266304624182,241.85010728825728,0.9929567358116475,0.9819401793205655
2025-01-04,1.039812599693733,0.07934145918652111,0.01870017472666341,92.06585408134788,0.07926639788663593,0.009622723576926572,92.07336021133641,0.4598342699950547,0.00820637450353859,54.016573000494525,0.08653650928435075,0.03693313351670464,91.34634907156493,0.10589289206340184,0.02294818123402847,89.41071079365982,4.4107408584151635,0.9265552990050915,243.5455767221463,0.993077079257252,0.9819982083492217
2025-01-05,0.9430345321573734,0.0793956923732673,0.018698421939977273,92.06043076267328,0.0806782788459997,0.009624070746738171,91.93217211540004,0.46082459834763884,0.00820863169519957,53.91754016523611,0.08649971577786715,0.036872691299008616,91.35002842221328,0.10652968479869465,0.02293976252589742,89.34703152013054,4.4106798460800745,0.9253447761232401,243.84793793469495,0.9930800227377706,0.9818899535842219
2025-01-06,0.637006957894686,0.07962154589669437,0.018696750628893827,92.03784541033056,0.08023277300119833,0.009626294334438373,91.97672269988017,0.462631247047789,0.008210555276455186,53.7368752952211,0.08697581654730106,0.03681333126994361,91.3024183452699,0.1058810751116822,0.02293158917583429,89.41189248883178,4.410425760866219,0.9257264035988387,244.4003704428857,0.9930419346762159,0.982000217231014
2025-01-07,0.6929429782495516,0.07874549291484069,0.018695134211386424,92.12545070851593,0.0806858560164601,0.009627800410303386,91.931414398354,0.46744282782942453,0.008212360906719304,53.25571721705755,0.0863282158211394,0.03675501700798324,91.36717841788607,0.10571748074516629,0.022923741600532236,89.42825192548337,4.411411320470805,0.925338288118364,245.87690488753785,0.9930937427343088,0.9820280282733217
2025-01-08,0.6287129329111019,0.08029002426471327,0.01869370442565566,91.97099757352866,0.0798866836141998,0.00962940506386683,92.01133163858002,0.47009281522906093,0.00821461779688146,52.990718477093914,0.08629584667856496,0.036697760281451164,91.37041533214351,0.10585188349691188,0.022916175098582913,89.4148116503088,4.409673722702197,0.9260230866568032,246.69336519110323,0.9930963322657148,0.9820051798055249
2025-01-09,0.5467216234303981,0.08001659026909902,0.01869216153136688,91.9983409730901,0.0806524497383965,0.00963010062678594,91.93475502616036,0.47211232294521593,0.008216863538254503,52.7887677054784,0.08582111246296277,0.0366415225759071,91.41788875370372,0.10602752231188296,0.022908859432951536,89.39724776881171,4.409981335947264,0.9253668931598492,247.31712255212057,0.993134311002963,0.98197532120698
2025-01-10,0.85388359527,0.0802090661940269,0.018690728024625212,91.9790933805973,0.08178867481743,0.009631280818528265,91.821132518257,0.47756326836379054,0.008218993813924082,52.243673163620954,0.08624736603649717,0.03658629637257562,91.37526339635028,0.10610905106410262,0.022901782804040486,89.38909489358974,4.409764800531719,0.9243949611219279,249.007393749584,0.9931002107170802,0.9819614613191026
2025-01-11,0.7119767700545162,0.07839859671281679,0.018689342055722365,92.16014032871833,0.08244159979225678,0.009633163013147913,91.75584002077433,0.4809103870256343,0.008221718581192064,51.90896129743656,0.08633037463559055,0.03653203618133207,91.36696253644094,0.10706362700909602,0.02289494318038935,89.2936372990904,4.411801578698081,0.9238373693249788,250.050091639471,0.9930935700291528,0.9817991834084536
2025-01-12,0.9141728280589745,0.07667082972064247,0.018688243711721002,92.33291702793576,0.08275185719748654,0.009635238561121891,91.72481428025134,0.4852858124620297,0.00822452285622422,51.47141875379704,0.08845534670266353,0.036478733008996136,91.15446532973365,0.10736798599392186,0.022888272293410967,89.26320140060781,4.4137453165642775,0.9235726481119365,251.41860831754553,0.9929235722637869,0.9817474423810333
2025-01-13,0.5301590756780046,0.07787967745054011,0.01868740658398302,92.21203225494598,0.08184501687293871,0.00963720777773786,91.81549831270613,0.48851350884033595,0.008227628292692048,51.14864911596641,0.08872326059462107,0.036426310910728885,91.12767394053789,0.10787513308045471,0.02288180927289641,89.21248669195452,4.412385362868142,0.9243468190023088,252.43211058774455,0.9929021391524303,0.9816612273763227
2025-01-14,1.0937329958415223,0.07942753038216964,0.01868646653654765,92.05724696178304,0.08112099708873644,0.009638133962427355,91.88790029112636,0.4892291386594021,0.008230749150629924,51.07708613405979,0.08940828181745158,0.03637480514451804,91.05917181825485,0.10839065381744571,0.022875532952240277,89.16093461825542,4.410644028320059,0.924965848126916,252.6572742035676,0.9928473374546039,0.9815735888510342
2025-01-15,0.9898548936604468,0.07868698862373859,0.018685386874058536,92.13130113762614,0.081633042163962,0.009638335567319628,91.8366957836038,0.49507414491976237,0.008233340693346615,50.49258550802376,0.0900687686407868,0.03632418643027792,90.99312313592132,0.10805086036681419,0.022869436311293546,89.19491396331858,4.411477137798294,0.924527969300343,254.5024864378543,0.992794498508737,0.9816313537376415
2025-01-16,0.551266680719339,0.07761369708198629,0.018684449140813315,92.23863029180137,0.08199912704880964,0.009638908988210838,91.80008729511904,0.4973174391951132,0.008236679941486465,50.26825608048868,0.09035398950715166,0.036274438469533356,90.96460104928484,0.10816374680960429,0.022863572126130847,89.18362531903958,4.412684590782765,0.9242151633962358,255.21357748022916,0.9927716808394279,0.9816121630423673
2025-01-17,0.5551635662510661,0.07716594230835844,0.018683689534588856,92.28340576916416,0.08246803885168147,0.009639663478215864,91.75319611483187,0.5020117266275755,0.008239805953001125,49.79882733724244,0.0901696457691696,0.0362255551438618,90.98303542308304,0.10847815333457342,0.022857901520937512,89.15218466654265,4.413188314903097,0.9238148047870621,256.7067881207366,0.9927864283384664,0.9815587139331226
2025-01-18,1.2089922434628955,0.0772077211475116,0.018683021566974344,92.27922788524884,0.08203930025331707,0.00964065834413701,91.7960699746683,0.5085729496746629,0.008243360406582325,49.142705032533705,0.08963953355642902,0.036177532801401596,91.0360466443571,0.1081656109508767,0.022852403658497753,89.18343890491232,4.413141313709049,0.9241808497767957,258.8055729157769,0.9928288373154857,0.981611846138351
2025-01-19,0.4711370557935593,0.07681893405598175,0.01868238178983252,92.31810659440183,0.08170885813068278,0.00964114894033014,91.82911418693173,0.5128321959854449,0.00824774953872234,48.71678040145551,0.09048412046906931,0.03613036445652761,90.95158795309307,0.10871763243318754,0.022847115744367114,89.12823675668125,4.4135786991870205,0.9244631699957739,260.1752840241155,0.9927612703624744,0.9815180024863581
2025-01-20,0.3413609492314698,0.07629539098026865,0.01868181935753143,92.37046090197313,0.08192844945377166,0.00964130321136573,91.80715505462284,0.5161838320294662,0.008252259408322736,48.38161679705338,0.08985568293709692,0.03608399617325618,91.01443170629031,0.10847931441729193,0.022841970848628233,89.1520685582708,4.414167685147198,0.9242755382806187,261.25712953152845,0.9928115453650322,0.9815585165490603
2025-01-21,0.6560330102886934,0.07735614746508891,0.018681346631685886,92.26438525349111,0.08114395003534759,0.009641608316515591,91.88560499646525,0.5204196725845704,0.008256652553000846,47.95803274154296,0.0911174548228763,0.03603845301829774,90.88825451771237,0.10895869638442607,0.02283701848337291,89.1041303615574,4.412974334101775,0.9249462108790465,262.6294108599865,0.9927106036141699,0.9814770216146476
2025-01-22,0.3744503620285163,0.07666594228173233,0.018680771515816437,92.33340577182678,0.08060296982257277,0.009641236559547284,91.93970301774273,0.5238581055136186,0.00826120748030281,47.61418944863814,0.0908381905055849,0.035993668138469215,90.91618094944151,0.10920297991379296,0.022832203041149256,89.0797020086207,4.413750814933051,0.9254092649441754,263.74747288082744,0.9927329447595532,0.9814354934146552
2025-01-23,0.4333442551997454,0.07721269646497086,0.0186803095849926,92.27873035350291,0.08078957754954048,0.009640491260454456,91.92104224504595,0.5268327670305359,0.00826569685482335,47.31672329694641,0.09227676347632614,0.0359496690804258,90.77232365236738,0.1097200215280378,0.022827536036606318,89.02799784719622,4.413135716476908,0.9252494849804959,264.7176977572896,0.9926178589218939,0.9813475963402336
2025-01-24,0.47578757135973637,0.07777348054630825,0.018679804783673946,92.22265194536917,0.08117607417164675,0.0096400224789881,91.88239258283532,0.5305760849440376,0.008270023496783057,46.942391505596234,0.09314263584231675,0.03590639466008079,90.68573641576833,0.11097286567592492,0.02282299324125339,88.90271343240751,4.412504834385404,0.9249187286780828,265.94252679136883,0.9925485891326147,0.9811346128350927
2025-01-25,0.6470102494429689,0.07708905539652627,0.018679257147751312,92.29109446034738,0.08006572486383957,0.009639941144670412,91.99342751361604,0.534678642928041,0.00827445132895714,46.5321357071959,0.09427053821015327,0.035863846861464536,90.57294617898467,0.11137013384680802,0.022818519867574244,88.8629866153192,4.413274812678908,0.9258695808776514,267.2898714675697,0.9924583569431877,0.9810670772460426
2025-01-26,0.5999180022125908,0.07712166715199169,0.01867881849978891,92.28783328480084,0.07994173596749156,0.00963899919213033,92.00582640325085,0.536308626478409,0.008279080113525019,46.36913735215909,0.09432987090654156,0.03582200522864259,90.56701290934585,0.11137225436748921,0.022814172386869027,88.86277456325108,4.4132381244540095,0.9259758806377884,267.8266224522695,0.9924536103274767,0.9810667167575269
2025-01-27,1.4808662481638593,0.07831885606125201,0.01867839785987728,92.1681143938748,0.0805145274658327,0.009638119044852265,91.94854725341673,0.53561882976352,0.008283170821656622,46.438117023648,0.09486280802397679,0.035780885238032314,90.51371919760231,0.11194583996287945,0.022809973618560762,88.80541600371205,4.411891286931091,0.9254850116132486,267.5993737940081,0.9924109753580819,0.9809692072063105
2025-01-28,1.0576954783827528,0.07834265496579408,0.01867785390733312,92.1657345034206,0.08082847370870898,0.00963784136456092,91.9171526291291,0.5359927124587678,0.0082861725247079,46.40072875412322,0.09481712198028067,0.035740460868195684,90.51828780197194,0.11275644908364603,0.02280587920598778,88.7243550916354,4.411864513163482,0.9252161876977967,267.7225286582624,0.9924146302415775,0.9808314036557801
2025-01-29,0.5685551342166204,0.08008039727137262,0.018677334421764422,91.99196027286274,0.08105752481026895,0.009637856071032921,91.8942475189731,0.5394907184674982,0.008288628840696309,46.05092815325018,0.0947130760703476,0.03570073463255332,90.52869239296524,0.11292334890945606,0.022801869434871835,88.70766510905439,4.4099095530697054,0.9250201557733989,268.8768314277535,0.9924229539143722,0.9808030306853924
2025-01-30,0.7946313658413862,0.08208618994542814,0.018676631222694605,91.79138100545718,0.08243347656347365,0.009638054761466596,91.75665234365263,0.5425376836952885,0.008291568874696582,45.746231630471144,0.09482667581915774,0.035661695069052646,90.51733241808422,0.11353369210980076,0.02279798532177969,88.64663078901992,4.407653036311394,0.9238443023536332,269.88535069790964,0.9924138659344673,0.9806992723413339
2025-01-31,0.3122594557237826,0.0825439650426936,0.018675723037767898,91.74560349573065,0.0832989340063355,0.009639292824234477,91.67010659936645,0.546044538112949,0.008294768579206637,45.395546188705104,0.09477842763927821,0.035623323866604974,90.52215723607218,0.11357337081607367,0.02279419258674468,88.64266291839263,4.40713803932697,0.9231062346768188,271.0495991894985,0.9924177257888578,0.9806925269612675
2025-02-01,0.5191720933660029,0.08345171368033566,0.01867480536440407,91.65482863196644,0.08341691017648455,0.009640999486929022,91.65830898235154,0.5505220040011286,0.008298321216857623,44.94779959988714,0.09490177029834163,0.035585612908808545,90.50982297016583,0.11411096708841369,0.022790527001097342,88.58890329115863,4.406116822109623,0.9230057151656454,272.54152420338215,0.9924078583761327,0.9806011355949696
2025-02-02,0.8273582201692469,0.0841600536861342,0.018673823018212278,91.58399463138657,0.08430490161677243,0.009642517180604727,91.56950983832276,0.5518186431209011,0.008302461190936727,44.81813568790989,0.09555188341487156,0.03554854550552691,90.44481165851285,0.11497327421658085,0.022786949876095156,88.50267257834192,4.405319939603099,0.9222498196853411,272.9747103126658,0.9923558493268103,0.9804545433831813
2025-02-03,0.49940760797956396,0.08351807651246039,0.018672806109758126,91.64819234875397,0.08498487890596475,0.009644464604295624,91.50151210940352,0.5554150552739233,0.008306101744532855,44.45849447260767,0.09691399317058753,0.035512096260845144,90.30860068294125,0.11548851556780218,0.02278343641229408,88.45114844321978,4.406042163923482,0.921671831047398,274.17887650252425,0.992246880546353,0.9803669523534736
2025-02-04,0.9180831609072085,0.08264087811943006,0.018671915715901845,91.73591218805699,0.08547932565687863,0.009646624425360613,91.45206743431214,0.5608328696218818,0.008310066469715644,43.91671303781182,0.09803368611339398,0.03547623528261174,90.19663138866059,0.1164539988568631,0.022780007665442383,88.35460011431368,4.4070290121156415,0.9212520002579038,276.00026060210206,0.9921573051109285,0.9802028201943332
2025-02-05,0.9070255315043301,0.08078284268658815,0.018671175512365402,91.92171573134118,0.0850175203093845,0.00964880558336509,91.49824796906155,0.5644581036311863,0.008314875346041528,43.55418963688137,0.09960139314015981,0.03544095835517548,90.03986068598402,0.11787053930410174,0.022776630210724947,88.21294606958983,4.409119301977588,0.9216441036960007,277.22393476775915,0.9920318885487872,0.9799620083183027
2025-02-06,0.39458084703529606,0.0813796257505439,0.01867069560747668,91.86203742494561,0.08582704153424098,0.009650258170082453,91.4172958465759,0.5681933603216319,0.00831980140270178,43.18066396783681,0.09959525214027774,0.035406243375046526,90.04047478597222,0.1174857127381271,0.022773271393123348,88.25142872618729,4.408447921030638,0.9209569864709116,278.4888630902181,0.9920323798287778,0.9800274288345184
2025-02-07,0.5625950059992718,0.08009273043034242,0.018670166729921788,91.99072695696576,0.08573369737471567,0.009652106540157995,91.42663026252843,0.5716216865355025,0.008324869684799084,42.837831346449754,0.09895430760091607,0.03537212081806294,90.1045692399084,0.11826798695930096,0.022770053699443037,88.1732013040699,4.4098956782658645,0.921036164225152,279.6535164519373,0.9920836553919267,0.9798944422169188
2025-02-08,0.6002119474552243,0.079837984248713,0.0186698204792909,92.0162015751287,0.08536243731556764,0.009653561053782869,91.46375626844323,0.5759362463410804,0.00832996411782235,42.40637536589196,0.09777286322540725,0.03533859639928795,90.22271367745928,0.11797387282642467,0.022766892911705014,88.20261271735752,4.410182267720198,0.9213512146903711,281.1242061937001,0.9921781709419675,0.9799444416195078
2025-02-09,0.5959905400245882,0.07839069872099914,0.01866952000400817,92.16093012790009,0.08559981057545085,0.009654493267963356,91.44001894245491,0.5795437459916557,0.008335385505171329,42.04562540083443,0.09872587385778393,0.03530567288265134,90.1274126142216,0.11785357155274105,0.022763860093203636,88.2146428447259,4.411810463938876,0.9211497554240761,282.3581200812671,0.9921019300913773,0.979964892836034
2025-02-10,1.094122667899269,0.07851060918720526,0.01866940992077944,92.14893908127948,0.08577166443908399,0.009655443504042413,91.4228335560916,0.5856725042640918,0.008340845376404744,41.43274957359082,0.09748425663966127,0.03527328488645507,90.25157433603387,0.11802198106583672,0.02276093963154966,88.19780189341633,4.411675564664394,0.921003957601533,284.46322028917115,0.9922012594688271,0.9799362632188078
2025-02-11,0.5134156131470087,0.07918364650465132,0.01866929170462044,92.08163534953486,0.0848696569323454,0.0096563632413387,91.51303430676546,0.5883092405330862,0.008347204773705996,41.16907594669138,0.09786170819390672,0.03524147876897869,90.21382918060932,0.11763052007286312,0.022758107748030186,88.23694799271368,4.410918397682267,0.9217697200857023,285.3722849800842,0.9921710633444875,0.9800028115876133
2025-02-12,0.6642760830986534,0.07945212514663706,0.018669097709911254,92.05478748533629,0.08611846328525524,0.00965642870472498,91.38815367147448,0.5924684795503696,0.008353103461763092,40.75315204496304,0.09666357057110296,0.0352102026645169,90.3336429428897,0.1174063997534463,0.022755399345201016,88.25936002465538,4.410616359210033,0.9207098800026224,286.81040537349577,0.9922669143543118,0.9800409120419141
2025-02-13,0.6971496079551794,0.08066515565902127,0.01866888208898459,91.93348443409788,0.08587146889020869,0.009657454340318214,91.41285311097913,0.5942192520005489,0.008359174316018412,40.57807479994511,0.09692151410469084,0.03517948713787509,90.30784858953092,0.11715705251435708,0.02275279907714235,88.28429474856429,4.409251699883601,0.9209193064277011,287.4172750069649,0.9922462788716248,0.9800833010725593
2025-02-14,1.061555815370872,0.08252293478949034,0.018668531369929922,91.74770652105096,0.0868436909252532,0.009658115986388537,91.31563090747467,0.5955244834281478,0.00836455602904867,40.44755165718522,0.09670089505211955,0.035149285135258695,90.32991049478805,0.11614333284762751,0.02275030474111355,88.38566671523725,4.407161698361824,0.9200955099152102,287.8702891176082,0.9922639283958304,0.9802556334159033
2025-02-15,1.0936692793301777,0.08491738479920169,0.018667973997174913,91.50826152007983,0.08565376434549435,0.009659430607136234,91.43462356545056,0.6003140103053947,0.008369243470449924,39.96859896946054,0.09783648976795595,0.0351195995389779,90.2163510232044,0.11656942217952793,0.022747964738831918,88.34305778204721,4.404467942100898,0.9211039770150548,289.53686888443286,0.9921730808185635,0.9801831982294803
2025-02-16,0.6448568665188146,0.08435367287199277,0.018667156135408272,91.56463271280072,0.08666751201582164,0.009659595491617363,91.33324879841783,0.6044725097238893,0.008374614299899092,39.552749027611064,0.09935415460351867,0.03509038701452278,90.06458453964812,0.1169439345527743,0.022745675653039733,88.30560654472256,4.405102118019008,0.9202446828882838,290.98927809811846,0.9920516676317185,0.9801195311260283
2025-02-17,0.5343986840607428,0.0844299333569064,0.018666447869422967,91.55700666430936,0.08697644538099242,0.009660519189256677,91.30235546190076,0.6089229699586697,0.008380316936573902,39.10770300413303,0.09879803597233956,0.03506162968945788,90.12019640276604,0.1163965616319167,0.0227434394492538,88.36034383680833,4.40501632497348,0.9199831369386237,292.5492018966096,0.9920961571222129,0.9802125845225742
2025-02-18,0.5096442980537123,0.08325540898940727,0.01866576446822103,91.67445910105927,0.08633430564378258,0.009661536094952874,91.36656943562174,0.6123662265304683,0.00838640066090397,38.76337734695316,0.09883596861693215,0.035033371462697575,90.1164031383068,0.11679056579676421,0.02274131680213092,88.32094342032359,4.406337664886917,0.9205269453470686,293.7600119404498,0.9920931225106454,0.9801456038145501
2025-02-19,0.5050077860455637,0.08452867712508821,0.018665256317497336,91.54713228749118,0.08653627534571855,0.009661881494358563,91.34637246542815,0.6157583021126214,0.00839243558099804,38.42416978873786,0.09798466412502209,0.03500558861900876,90.20153358749779,0.11706484582756786,0.022739239830860833,88.29351541724321,4.404905238234276,0.9203558341223498,294.9561576895919,0.9921612268699982,0.9800989762093134
2025-02-20,0.5370981002794819,0.08336130000754548,0.01866462007464548,91.66386999924545,0.08669383989183843,0.00966232780211199,91.33061601081616,0.6196339637606403,0.008398423822250287,38.036603623935974,0.09825246649824872,0.034978294898099754,90.17475335017512,0.11652342765804154,0.022737215122703366,88.34765723419584,4.406218537491512,0.920222387659373,296.32686785088646,0.9921398026801401,0.980191017298133
2025-02-21,0.8748966168896959,0.08491121712421114,0.018664156648445437,91.50887828757888,0.086542729359607,0.009662817851211458,91.3457270640393,0.6249192510176051,0.008404563027883232,37.508074898239485,0.09847679185064415,0.034951453769676066,90.15232081493558,0.11651580939631696,0.022735296639097687,88.3484190603683,4.404474880735263,0.9203503672509832,298.203039294182,0.9921218566519485,0.9801923124026262
2025-02-22,1.0188468723587631,0.08624714001169517,0.01866352928274498,91.37528599883048,0.08615250267768496,0.009663111268219865,91.38474973223151,0.625726898686546,0.008411356132816404,37.4273101313454,0.09899299672709866,0.03492505827767792,90.10070032729014,0.11613852075767732,0.022733444122390492,88.38614792423228,4.402971967486843,0.920681025486482,298.4904392370963,0.9920805602618321,0.9802564514711949
2025-02-23,0.2487490507735296,0.08666642861511555,0.018662774394715025,91.33335713848845,0.08584177556324604,0.00966303768031324,91.4158224436754,0.6286728872672681,0.008417013631054642,37.13271127327319,0.09908352156041494,0.03489909347837493,90.09164784395851,0.11601626799027025,0.02273168097103753,88.39837320097298,4.402500267807995,0.9209444898003502,299.5403356716128,0.9920733182751668,0.980277234441654
2025-02-24,0.9339000000115274,0.08667351830820826,0.018662005900959122,91.33264816917918,0.08615326292250139,0.009662737938695912,91.38467370774987,0.6295161604715958,0.008422575535316503,37.048383952840425,0.0997863148676536,0.03487356221770184,90.02136851323463,0.11535770596864801,0.022729986239751518,88.46422940313519,4.402492291903266,0.9206803810627151,299.84131644827073,0.9920170948105878,0.9803891899853299
2025-02-25,0.7347737716266453,0.08829737096179738,0.018661275325038994,91.17026290382026,0.08738298867806171,0.009662729640522309,91.26170113219383,0.6326988102935827,0.008427278976174386,36.73011897064173,0.09886162397900228,0.034848441836394746,90.11383760209976,0.11576046466531979,0.02272839428578682,88.42395353346802,4.400665457667977,0.9196391799504848,300.97908236927515,0.9920910700816798,0.9803207210068956
2025-02-26,0.7231687389764287,0.08789937874298666,0.01866038464982225,91.21006212570133,0.08698140387205562,0.009663687431977264,91.30185961279443,0.6341694766232958,0.008432187365785814,36.583052337670416,0.09835612182206264,0.034823765174204796,90.16438781779374,0.11625016641541609,0.02272682917329702,88.3749833584584,4.40111319891414,0.9199789402447829,301.50579941519095,0.992131510254235,0.9802374717093792
2025-02-27,0.4252876701681026,0.08889349320793949,0.018659586968224822,91.11065067920605,0.08684620272219641,0.009664167809935452,91.31537972778035,0.6382210369831762,0.008436616385559053,36.17789630168238,0.09856712915025137,0.034799514138420175,90.14328708497487,0.11629238079305504,0.022725284304270937,88.37076192069449,4.399994820141068,0.9200933834937502,302.9600185575933,0.9921146296679799,0.9802302952651807
2025-02-28,0.8018982138207178,0.08967106137672703,0.01865870887337159,91.03289386232728,0.0856424624567424,0.0096644637073295,91.43575375432576,0.6431689327576113,0.008441650371629455,35.68310672423887,0.09917268119522356,0.0347756636443062,90.08273188047764,0.11624045946678671,0.02272378927686424,88.37595405332132,4.399120055951182,0.921113566005019,304.7422268047204,0.9920661855043821,0.9802391218906462
2025-03-01,1.0202973109957212,0.09108045093753474,0.01865777915314458,90.89195490624653,0.08500270440476061,0.0096637777114908,91.49972955952393,0.6440555840830012,0.008447516232214599,35.594441591699876,0.09868034047350885,0.034752197003357924,90.13196595264913,0.11668691260692905,0.02272234856110567,88.33130873930709,4.397534492695273,0.9216566889099197,305.0623207994136,0.9921055727621193,0.9801632248568221
2025-03-02,0.42820505085445365,0.09054854088042975,0.018656727289376934,90.94514591195703,0.08476512292179103,0.009662695976246548,91.52348770782089,0.6464390395163144,0.008452490292930924,35.356096048368556,0.09832720016794996,0.03472913450318566,90.167279983205,0.11690683410745976,0.02272092697616681,88.30931658925402,4.398132891509516,0.9218585469511796,305.9238749712772,0.992133823986564,0.9801258382017318
2025-03-03,1.0688731302119303,0.09072538314123081,0.01865579164452182,90.92746168587692,0.08395032464525276,0.009661612578955993,91.60496753547473,0.6524589263769004,0.008457337788192963,34.75410736230996,0.09798015096011062,0.03470646557919283,90.20198490398894,0.11790522456444781,0.02271953891093818,88.20947754355521,4.397933943966115,0.9225515019124817,308.1069716789471,0.9921615879231912,0.9799561118240439
2025-03-04,0.5800801676043486,0.08968191253055978,0.018654881970222612,91.03180874694402,0.08371488060467383,0.009660068583390564,91.62851193953261,0.6569099921628421,0.008463500338716758,34.309000783715796,0.09786616122821054,0.034684183250669166,90.21338387717894,0.11822195098433913,0.022718130448535764,88.17780490156608,4.39910784840312,0.9227519321706056,309.72763324785177,0.9921707071017432,0.9799022683326624
2025-03-05,0.7995442188687611,0.09193354666785317,0.01865414340183999,90.80664533321469,0.08380637995121891,0.009658601068531001,91.61936200487811,0.6603890801822286,0.008470108865438959,33.96109198177714,0.09762966602932502,0.034662275087447424,90.2370333970675,0.11929201523383412,0.022716748516038818,88.07079847661659,4.396574759998665,0.9226740296961612,310.9982219784215,0.992189626717654,0.9797203574102482
2025-03-06,0.9585227481715513,0.08943340405017125,0.018653169929409175,91.05665959498288,0.0840985762640288,0.00965745242927016,91.59014237359712,0.6634989014253467,0.008476700570274292,33.650109857465324,0.09755724414737622,0.03464073756885047,90.24427558526239,0.1183366894802934,0.02271534100877784,88.16633105197066,4.399387420443557,0.9224253420257728,312.1367886366586,0.9921954204682099,0.9798827627883501
2025-03-07,0.4949194062187783,0.0892024152322455,0.018652546480672418,91.07975847677545,0.08504698079817595,0.00965672882563688,91.4953019201824,0.665945940085304,0.008483141508629454,33.40540599146961,0.09771867025901905,0.03461956027310807,90.2281329740981,0.11781135029499193,0.022714046512037334,88.2188649705008,4.399647282863723,0.921619079815683,313.03457591454,0.9921825063792785,0.9799720704498514
2025-03-08,1.290027189681484,0.08869314905258865,0.018651981425041736,91.13068509474114,0.08560301853821425,0.009656873893925793,91.43969814617857,0.6727624110659104,0.00848920739864896,32.72375889340896,0.09812422107130613,0.03459873131193357,90.18757789286938,0.11844398759277672,0.02271283184741718,88.15560124072232,4.400220207315837,0.9211470334215905,315.54414770115415,0.9921500623142955,0.9798645221092279
2025-03-09,1.2955556031297573,0.08707737088389202,0.01865150555842035,91.2922629116108,0.08509737862259377,0.00965743183156285,91.49026213774061,0.679069452532703,0.008496719300552768,32.0930547467297,0.09914634831786595,0.03457823880659949,90.0853651682134,0.11786047842500809,0.02271161559857868,88.2139521574992,4.4020379577556215,0.921576274812667,317.87752059145913,0.9920682921345707,0.9799637186677487
2025-03-10,0.7834895555312736,0.08619686007462594,0.018651249049385074,91.38031399253741,0.08663485322523308,0.009657493997105653,91.33651467747669,0.6837109874287798,0.008505194662531159,31.62890125712202,0.09876066794500968,0.03455806221472015,90.12393320549903,0.11818049180689022,0.022710480732772535,88.18195081931097,4.403028532416046,0.9202723408253538,319.6016579875826,0.9920991465643992,0.9799093163928286
2025-03-11,0.7463339740486434,0.08720488413226654,0.018651111031940525,91.27951158677334,0.0872339300034436,0.009658748592739562,91.27660699965564,0.6855152132987214,0.008513782408119088,31.448478670127855,0.10007349801055532,0.03453822989629672,89.99265019894447,0.11796235731671104,0.02270936283900188,88.2037642683289,4.4018945053512,0.9197652615539995,320.2734363179962,0.9919941201591556,0.9799463992561591
2025-03-12,0.5056489780945526,0.08810343004715651,0.018650859919064462,91.18965699528435,0.08707409660005778,0.009660252047681596,91.29259033999422,0.6877541894832008,0.008521323861847872,31.224581051679923,0.09997524430669681,0.03451869525684069,90.00247556933031,0.11863583867720867,0.02270829816521201,88.13641613227914,4.400883641196949,0.9199004954010113,321.1083177721739,0.9920019804554643,0.9798319074248745
2025-03-13,0.937614551137517,0.08690801973512102,0.018650512415790688,91.30919802648789,0.08725705663023056,0.009661382878424229,91.27429433697695,0.6933051092854504,0.008528214383700524,30.669489071454958,0.10006118841870758,0.03449948693770415,89.99388115812924,0.11948105594841019,0.022707223961063033,88.05189440515898,4.402228477797989,0.9197456975807826,323.18403571585753,0.9919951049265034,0.9796882204887702
2025-03-14,0.4552158352467137,0.0862513357524262,0.01865032530846506,91.37486642475739,0.0868358181437395,0.009662471241749524,91.31641818562605,0.6974449060062671,0.008535940612390849,30.25550939937329,0.10059618756263593,0.034480594923363445,89.94038124373641,0.11984132188053695,0.022706128863118808,88.01586781194631,4.402967247278521,0.9201021748693832,324.73749869689954,0.9919523049949891,0.9796269752803087
2025-03-15,0.701041606871042,0.08788951732630067,0.018650226569793725,91.21104826736993,0.08721730814858165,0.009663047857977614,91.27826918514184,0.7016955430650285,0.008543766994820505,29.830445693497154,0.10055879075402256,0.03446200311788897,89.94412092459775,0.1209252409788762,0.02270504669397663,87.90747590211238,4.4011242930079115,0.9197793233285592,326.33735887761435,0.9919552967396782,0.9794427090335911
2025-03-16,1.0036087724173193,0.08598127904170678,0.018649936175136297,91.40187209582932,0.08743976795031348,0.009663822285542651,91.25602320496866,0.7030827693453084,0.008551727645563247,29.691723065469155,0.10084851188916576,0.03444372006145743,89.91514881108343,0.12207121620017825,0.022703927892229338,87.79287837998217,4.40327106107808,0.9195911621706402,326.8605359495047,0.9919321190488667,0.9792478932459697
2025-03-17,0.556146509648456,0.0865668044412953,0.01864988928162909,91.34331955587047,0.08654367322661331,0.00966464330178443,91.34563267733867,0.7056462640473098,0.00855862480546007,29.43537359526902,0.10005196512692796,0.034425732641176335,89.99480348730721,0.12216861736526628,0.02270276928227759,87.78313826347338,4.402612345003543,0.9203495677540395,327.8286880965356,0.9919958427898458,0.9792313350479047
2025-03-18,0.48723937968030007,0.0858196029146915,0.018649774637247395,91.41803970853086,0.08630239597378485,0.009664624988600724,91.36976040262151,0.7087020183484127,0.008565164040025594,29.129798165158725,0.10032244281295431,0.03440806164691363,89.96775571870457,0.1212781809368428,0.02270164369540971,87.87218190631572,4.403452946720972,0.9205539854338428,328.98505072304965,0.9919742045749637,0.9793827092407367
2025-03-19,0.11132469669263072,0.08594463711920942,0.01864975497983107,91.40553628807906,0.08656052812430216,0.009664424381599219,91.34394718756978,0.711859711999213,0.008571626654192468,28.814028800078695,0.10071782548135634,0.034390676293118864,89.92821745186437,0.12136257376866194,0.022700617024369638,87.86374262313382,4.403312283240889,0.9203352911468916,330.18261125841354,0.9919425739614915,0.9793683624593275
2025-03-20,1.0741660090075094,0.0879414525071273,0.018649721992350574,91.20585474928727,0.0868055225045878,0.009664455090882105,91.31944774954121,0.7129309036130105,0.008578075712973069,28.706909638698953,0.101938787685201,0.03437356881963964,89.80612123147989,0.12155333566043672,0.022699619816813447,87.84466643395633,4.401065865929482,0.9201278235092687,330.5894667597209,0.991844896985184,0.9793359329377258
2025-03-21,1.2293257712197259,0.08738782842023761,0.018649450954241514,91.26121715797623,0.08661003212172491,0.009664669084700706,91.33899678782751,0.7130674306493635,0.008583650841520745,28.693256935063648,0.10291174967336437,0.034356714983279565,89.70882503266357,0.12064869558134529,0.02269864379873954,87.93513044186547,4.401688693027233,0.9202933623274125,330.641343859406,0.9917670600261308,0.9794897217511713
2025-03-22,0.365348302221675,0.08675498255272235,0.01864925950987164,91.32450174472777,0.08740183092069863,0.009664697592649428,91.25981690793013,0.7163660402885472,0.008588142280051227,28.363395971145277,0.10341626433754095,0.0343401163365965,89.65837356624591,0.12060610640179889,0.022697762500548953,87.93938935982011,4.402400644628187,0.919623244659524,331.89624731982275,0.9917266988529967,0.9794969619116942
2025-03-23,0.4454357275235211,0.08738649084114412,0.018649154794304013,91.26135091588559,0.08840393211762096,0.009665333336424045,91.1596067882379,0.7199283694157212,0.008593091374095753,28.007163058427874,0.10428282226678193,0.03432377970433659,89.57171777332181,0.1206450551272739,0.022696914379445744,87.93549448727262,4.401690197803713,0.9187765410350729,333.25472710902017,0.9916573742186574,0.9794903406283635
2025-03-24,0.7433514950320176,0.08588172733595506,0.018648978228979592,91.41182726640449,0.08798571341293393,0.009666649577063535,91.2014286587066,0.7229634078163755,0.008598519302129728,27.703659218362453,0.1056044858976108,0.03430769203721913,89.43955141023892,0.1217316623835811,0.022696092386031673,87.8268337616419,4.40338305674705,0.9191297162010253,334.41478190909714,0.9915516411281912,0.9793056173947912
2025-03-25,0.5289268676608598,0.08694306785753031,0.018648992514498537,91.30569321424697,0.08868829716157765,0.009667412924740642,91.13117028384224,0.7259127738637872,0.008604112217464282,27.408722613621283,0.10635846556528475,0.03429183853394023,89.36415344347152,0.12274369111729852,0.022695224840530503,87.72563088827015,4.402189048660278,0.9185365568888677,335.5444263095407,0.9914913227547772,0.9791335725100593
2025-03-26,0.6058899545561389,0.08810046881604378,0.018648878481924484,91.18995311839562,0.08937051013988861,0.009668595309350657,91.06294898601114,0.7280311476838092,0.008609804611613299,27.196885231619085,0.10610482425809158,0.03427622857744221,89.38951757419085,0.1231494032196823,0.022694318150748474,87.68505967803178,4.400886972581951,0.917961327842065,336.3572079896456,0.9915116140593526,0.9790646014526541
2025-03-27,0.3119364922545448,0.08747616825628454,0.018648629691431197,91.25238317437154,0.08955316251002395,0.009670116770295105,91.0446837489976,0.7309824222523901,0.008615230301118548,26.90175777476099,0.10588985994193488,0.03426088167724876,89.4110140058065,0.12301820752604596,0.02269341465578556,87.6981792473954,4.40158931071168,0.917807441076378,337.4915309501442,0.9915288112046452,0.9790869047205721
2025-03-28,0.4799213434764028,0.08748277937231125,0.018648468305432927,91.25172206276888,0.0902184889814258,0.009671525405823856,90.97815110185742,0.733147242106746,0.008620797339866402,26.685275789325402,0.10548981996007237,0.034245792505589616,89.45101800399277,0.12302600152741547,0.022692550945844447,87.69739984725845,4.40158187320615,0.9172473317108065,338.3250374840847,0.9915608144031942,0.9790855797403394
2025-03-29,0.5110277444318008,0.08724465148977206,0.018648315322265636,91.2755348510228,0.09019528526073324,0.009673207714623476,90.98047147392667,0.7376310619937497,0.008626148419763032,26.236893800625026,0.10498812463547179,0.03423096107347275,89.50118753645282,0.12275652504347563,0.022691716425336128,87.72434749565244,4.401849767074006,0.9172668544065827,340.0553283454768,0.9916009500291623,0.9791313907426091
2025-03-30,0.6560181889780515,0.08570497298800464,0.018648198486987577,91.42950270119954,0.09004602698583057,0.009674591957987352,90.99539730141694,0.7418941204919304,0.008632311558045046,25.810587950806962,0.10490443031381322,0.03421638531559329,89.50955696861868,0.12289160177468501,0.022690928680969835,87.7108398225315,4.403581905388495,0.9173924543032154,341.7053127472449,0.9916076455748949,0.9791084276983035
2025-03-31,0.8525809696318672,0.08503226456630171,0.018648270924900144,91.49677354336983,0.08793163859986364,0.00967563814693007,91.20683614001364,0.744632940985099,0.008639034834320155,25.536705901490098,0.10495874291876274,0.03420205107118618,89.50412570812372,0.12344490519643593,0.022690158381047484,87.65550948035641,4.40433870236291,0.9191754008431733,342.76785799485367,0.991603300566499,0.9790143661166059
2025-04-01,0.7529821490820393,0.08336950570116505,0.018648422017791374,91.66304942988349,0.0886906798438297,0.00967485330150663,91.13093201561703,0.747289458103967,0.008645563317660974,25.271054189603305,0.10605442128364652,0.03418795117466011,89.39455787163536,0.1241741210709664,0.022689377053137533,87.58258789290336,4.406209306086189,0.9185345466018391,343.8003416723167,0.9915156462973083,0.9788903994179358
2025-04-02,0.8402246262537548,0.0828485506524985,0.01864876299562505,91.71514493475014,0.08675573441132459,0.009674805175334523,91.32442655886754,0.7501636544978486,0.008651904907855905,24.98363455021514,0.10719519690053159,0.034174057269486614,89.28048030994684,0.12391253744220147,0.022688572480246066,87.60874625577986,4.406795380515939,0.9201699777932908,344.91949735922043,0.9914243842479574,0.9789348686348257
2025-04-03,0.5767271618998046,0.08153984499322862,0.01864915124078298,91.84601550067714,0.08734282160192365,0.009673242824155544,91.26571783980764,0.7527067160517985,0.008658193511045775,24.72932839482015,0.10738862342886123,0.03416036504561201,89.26113765711388,0.12373948138123557,0.022687813487025286,87.62605186187645,4.408267674382618,0.9196731519565778,345.9115051834003,0.9914089101256911,0.97896428816519
2025-04-04,0.7421963280721499,0.08239133853006171,0.018649676689812027,91.76086614699382,0.08782681710162031,0.009672404483823503,91.21731828983796,0.7544227652878007,0.008664301898490928,24.557723471219926,0.10722133279027085,0.0341468930868879,89.27786672097291,0.1250889830811066,0.022687092127675477,87.49110169188934,4.407309744153681,0.9192639713225457,346.5818565812989,0.9914222933767783,0.9787348728762119
2025-04-05,0.5459608833703389,0.08174709128678022,0.018650072991824564,91.82529087132197,0.087902049296018,0.009672090756787603,91.2097950703982,0.7589392291294818,0.008669915413381862,24.106077087051826,0.1073484981327177,0.03413364604428262,89.26515018672822,0.124660663829397,0.022686303523038805,87.5339336170603,4.408034522302372,0.9192004010352774,348.3497956942849,0.9914121201493826,0.9788076871490025
2025-04-06,0.5969342484766594,0.08148220671907908,0.018650527954584488,91.85177932809209,0.08749709169752688,0.009671881631651192,91.25029083024731,0.7635490131333166,0.008676335500658855,23.64509868666834,0.10770841992318417,0.03412061339024317,89.22915800768159,0.1257374824006074,0.022685571187457097,87.42625175993925,4.408332517441036,0.919542689019105,350.15969702895416,0.9913833264061452,0.9786246279918968
2025-04-07,0.5279486558972762,0.08110080012199809,0.018650992905596856,91.8899199878002,0.08700747822621212,0.009671386233697465,91.29925217737879,0.7656364158156386,0.008683445594441598,23.436358418436143,0.1083572506371928,0.03410778612473196,89.16427493628072,0.12572289164931927,0.022684790826975675,87.42771083506807,4.408761599862752,0.9199568724511522,350.98105749416317,0.9913314199490246,0.9786271084196158
2025-04-08,1.2132694964984772,0.08360913776396292,0.018651479708930045,91.6390862236037,0.08712079038861406,0.009670595566363733,91.2879209611386,0.7665525694334802,0.008690029164919377,23.344743056651986,0.1090271263044996,0.03409515406057666,89.09728736955003,0.12518282203765801,0.02268403800464297,87.4817177962342,4.4059397200155415,0.9198609840241664,351.3419035630419,0.9912778298956401,0.9787189202535982
2025-04-09,0.7202169746752578,0.0852674142013959,0.01865164144325143,91.4732585798604,0.08777153023858826,0.009670026803175125,91.22284697614117,0.7703979862438913,0.008695689672279391,22.96020137561087,0.1079871726813112,0.03408271348884784,89.20128273186889,0.12575435102038204,0.02268334761108223,87.4245648979618,4.40407415902343,0.9193106936533477,352.8588518341496,0.9913610261854952,0.978621760326535
2025-04-10,0.8500275980851492,0.08360744782641219,0.01865159690156538,91.63925521735878,0.0884031006766529,0.009670056312286722,91.15968993233471,0.7751462772415949,0.008701875433177795,22.48537227584051,0.10899263780459574,0.0340705007607687,89.10073621954042,0.1261257522842027,0.02268264212653104,87.38742477157973,4.405941621195287,0.9187772428967786,354.73719697464213,0.9912805889756323,0.9785586221116855
2025-04-11,0.5314944627666602,0.0850788572933281,0.018651753142443134,91.49211427066719,0.08806870053152414,0.009670578030839276,91.19312994684759,0.7786456648774077,0.008708875117766676,22.13543351225923,0.10926862930581199,0.03405846475384952,89.07313706941879,0.1268402438523518,0.022681935364260157,87.31597561476482,4.404286285545006,0.9190596140772156,356.1251856081723,0.9912585096555351,0.9784371585451002
2025-04-12,1.2477902619969237,0.08490948992749987,0.018651725034091935,91.50905100725001,0.087661428584764,0.009670749410276477,91.2338571415236,0.7784819939287962,0.008715992152451677,22.151800607120375,0.10986275310895588,0.03404661941078746,89.01372468910441,0.12700444998402083,0.022681204240501192,87.29955500159792,4.404476823831563,0.9194037535202231,356.06019789952444,0.9912109797512836,0.9784092435027164
2025-04-13,0.1762483598997532,0.08463432716537518,0.01865171756462091,91.53656728346247,0.08785386158536931,0.009670582061924372,91.21461384146306,0.781958572599294,0.008721622052289211,21.8041427400706,0.11026508463550361,0.03403495415471098,88.97349153644964,0.12741373790607807,0.022680486709123097,87.2586262093922,4.404786381938953,0.9192411180511538,357.4420867204029,0.9911787932291597,0.9783396645559668
2025-04-14,0.5812678082884283,0.08570615802922782,0.018651744205191313,91.42938419707723,0.08828686864318758,0.009670589007269246,91.17131313568125,0.7861074668770431,0.008727637822481631,21.389253312295686,0.1093628438788295,0.034023470494142,89.06371561211705,0.1278505269017239,0.022679765990543808,87.21494730982761,4.403580572217119,0.9188753708355789,359.09523546675047,0.9912509724896936,0.9782654104267069
2025-04-15,0.48178271907942355,0.08442662260941926,0.018651640944753686,91.55733773905807,0.08869099461995868,0.00967093113898284,91.13090053800413,0.7896053064166019,0.008734257543410902,21.03946935833981,0.10964663998576256,0.03401219537776536,89.03533600142374,0.12825632008335086,0.02267904024245837,87.17436799166491,4.405020049564404,0.9185342810234973,360.49236231114827,0.991228268801139,0.9781964255858303
2025-04-16,0.5978936663023414,0.08436768185323307,0.018651696415155624,91.5632318146767,0.08884275702780021,0.00967153168107152,91.11572429721998,0.7917836806481054,0.00874108277695261,20.821631935189455,0.11032690085435784,0.03400109804059091,88.96730991456423,0.12723001405150333,0.022678311675272494,87.27699859484966,4.405086357915113,0.9184062561335181,361.36402674818055,0.9911738479316514,0.9783708976112444
2025-04-17,0.6075423210460202,0.08550432422762627,0.01865175591908438,91.44956757723736,0.08808191760873502,0.009672151343368705,91.19180823912649,0.796072733620037,0.008747503030050808,20.392726637996294,0.11004135884618658,0.03399016642627484,88.99586411538134,0.12758463131850564,0.022677677765054065,87.24153686814944,4.40380763524392,0.9190484501366297,363.0837731434663,0.991196691292305,0.9783106126758541
2025-04-18,0.6144306748617704,0.08590132992380212,0.01865167555676753,91.4098670076198,0.08954417232710057,0.009672076049037859,91.04558276728994,0.7997309266479918,0.008754518883110556,20.026907335200818,0.10993573704775962,0.033979419930487274,89.00642629522405,0.1267536477738684,0.02267704135430642,87.32463522261315,4.403361003835722,0.91781501420374,364.5542350118518,0.9912051410361792,0.9784518798784424
2025-04-19,1.8401184776618564,0.08884280706495734,0.01865155272234541,91.11571929350426,0.089898126381501,0.009673144760493876,91.0101873618499,0.8073561774699035,0.008761742091883837,19.26438225300965,0.10947580925351505,0.03396885140496961,89.0524190746485,0.12752181372489443,0.022676483403781342,87.24781862751055,4.400051842051923,0.9175169456617327,367.6301260758931,0.9912419352597188,0.978321291666768
2025-04-20,0.6741808100600978,0.08982834090826736,0.018651081963632438,91.01716590917326,0.09119065262213914,0.009674309443643213,90.88093473778609,0.8101585359428838,0.008770862735307139,18.98414640571162,0.10950241060780849,0.03395846593590773,89.04975893921915,0.12891212975104338,0.022675892311146528,87.10878702489566,4.3989431164782,0.9164301376638379,368.76421019847106,0.9912398071513753,0.9780849379423227
2025-04-21,0.35905617526176015,0.08991354542605312,0.018650514082245474,91.00864545739469,0.09167091887633398,0.009676291799748521,90.83290811236661,0.8140577375549195,0.008779413687146208,18.59422624450805,0.11034364742486548,0.033948249270480055,88.96563525751345,0.12874668570111794,0.02267522657797468,87.1253314298882,4.398847261395691,0.9160269662851405,370.34544014881527,0.9911725082060108,0.97811306343081
2025-04-22,1.0260551860150613,0.08805267026746146,0.01864996551800026,91.19473297325385,0.09310902858586613,0.009678307725087928,90.68909714141338,0.8157979691349692,0.008787988780890455,18.420203086503083,0.1101645238497897,0.0339381801203088,88.98354761502102,0.12801912778427646,0.022674595065942122,87.19808722157235,4.400940745949106,0.9148218282431355,371.0523745557889,0.9911868380920168,0.978236748276673
2025-04-23,0.5760425464383907,0.08751591732179052,0.018649669289020735,91.24840826782095,0.0931045341385973,0.009681093840013378,90.68954658614027,0.8177865868506796,0.008795644707607448,18.221341314932037,0.11054941108345587,0.033928279325719554,88.94505889165441,0.1290180336205972,0.02267403475077817,87.09819663794029,4.401544593012986,0.9148255896569245,371.86113444224065,0.9911560471133235,0.9780669342844984
2025-04-24,0.4665763580459872,0.08720259228208588,0.018649450329348366,91.27974077179142,0.0939906129195838,0.00968342007371313,90.60093870804162,0.8218106699980475,0.008802671949041227,17.818933000195248,0.1114377005149448,0.03391853113227186,88.85622994850551,0.12910925933967146,0.02267342540535814,87.08907406603285,4.401897083682654,0.914084625764067,373.50071569616165,0.9910849839588044,0.9780514259122558
2025-04-25,49.183391417417354,0.06039423991449233,0.07689298236793972,93.96057600855076,0.24561159797492457,0.032006238875149466,75.43884020250754,0.7064534090671298,0.09026442524887406,29.354659093287015,0.11513100315121502,0.1016133145087382,88.4868996848785,0.12971376129470005,0.0881818688466193,87.02862387053,4.432056480096196,0.8028184721672214,328.13388614884246,0.9907895197479027,0.977948660579901
2025-04-26,18.859949347068397,0.07524236579266422,0.064486896374572,92.47576342073359,0.18679671606365883,0.024241285823040772,81.32032839363413,0.27286558735461647,0.025328403806694,72.71344126453836,0.1207151144018027,0.09805355653047973,87.92848855981973,0.14065849782469003,0.07856028646957015,85.934150217531,4.4153523384832525,0.8426042863657206,192.76066064350928,0.9903427908478558,0.9760880553698027
2025-04-27,8.462944425334754,0.09034799656735013,0.056606208975165384,90.96520034326498,0.1543484833379598,0.020139571677275526,84.56515166620402,0.17661551858569913,0.01769297164292566,82.33844814143009,0.1263419909336824,0.0948462091694357,87.36580090663176,0.128892479267697,0.07151992206339787,87.1107520732303,4.398358503861731,0.8662895255931383,172.2671454516633,0.9898926407253054,0.9780882785244915
2025-04-28,4.3009465151703825,0.08766154873674872,0.05103738417751846,91.23384512632514,0.1366449655710553,0.017552658554253153,86.33550344289446,0.1490533171938247,0.014975946583286428,85.09466828061754,0.1320108045390849,0.09193713211401022,86.79891954609151,0.13090289225298785,0.0661216198217285,86.90971077470122,4.401380757671157,0.8797821925842919,167.26369375399776,0.9894391356368732,0.9777465083169921
2025-04-29,3.8354178913069648,0.06995310083489839,0.04687160474190408,93.00468991651016,0.1305065960892843,0.015784764721542048,86.94934039107157,0.12964607107464202,0.013480216184903011,87.0353928925358,0.13497555685479443,0.08928317242472845,86.50244431452056,0.1380556491821683,0.0617982875828744,86.19443508178317,4.421302761560739,0.8845591909496675,164.0042641773477,0.9892019554516165,0.9765305396390314
2025-04-30,3.338857375817987,0.05734982539986685,0.04363270296960505,94.26501746001331,0.12446471300627981,0.014520529806871853,87.55352869937202,0.11695663197592798,0.012551288914844593,88.3043368024072,0.1425140176623169,0.0868505104530796,85.74859823376832,0.13871982703178962,0.05823146052607735,86.12801729682104,4.4354814464251495,0.8893120330352378,161.99937247895332,0.9885988785870147,0.9764176294045958
2025-05-01,2.1568585934286473,0.06514968275018926,0.04102109314787441,93.48503172498107,0.11906401569829113,0.013574091198114504,88.09359843017089,0.11202194058461745,0.011927715225436114,88.79780594153826,0.139378835062654,0.08460875646675786,86.06211649373459,0.1395436303850839,0.055231813802798,86.04563696149161,4.426706606906037,0.8936039279004109,161.24801514425502,0.9888496931949877,0.9762775828345357
2025-05-02,1.6201222727016362,0.06466332170286897,0.03884038423851504,93.53366782971311,0.11530807358729367,0.012844229490116368,88.46919264127064,0.10967671220303211,0.011469232001827923,89.03232877969678,0.13484810032486635,0.08253801876178721,86.51518996751336,0.14382072899209752,0.052665278089366045,85.61792710079025,4.4272537630842725,0.8966132530392117,160.8966471825896,0.9892121519740107,0.9755504760713434
2025-05-03,1.4772998588245994,0.07082869567908975,0.036994077803694896,92.91713043209103,0.11370712670111212,0.012271063948730026,88.62928732988878,0.1079998381557179,0.011117443954323113,89.20001618442821,0.13229742185517768,0.08061841906765481,86.77025781448224,0.1399534793025553,0.050435926837284886,86.00465206974447,4.420317717361025,0.8979021288676481,160.64770258355307,0.9894162062515858,0.9762079085185656
2025-05-04,1.648695436655919,0.07187165725672934,0.03540197038192062,92.81283427432707,0.10987919832791876,0.01181624511252936,89.01208016720813,0.10654651678547089,0.010842892706473591,89.34534832145292,0.13093865347407005,0.07883222291424788,86.906134652593,0.13568222262594698,0.048482762741148905,86.4317777374053,4.419144385586179,0.9009989569194048,160.43350285532887,0.9895249077220744,0.976934022153589
2025-05-05,1.1886831628296126,0.07477581697959967,0.03401641471442318,92.52241830204004,0.10892988336587091,0.011448064465959012,89.1070116634129,0.10609068529376924,0.010626915473862618,89.39093147062309,0.12595070012280357,0.0771646686027219,87.40492998771965,0.13594668214429728,0.046754893496978936,86.40533178557027,4.41587720589795,0.90177026969889,160.366618987034,0.9899239439901757,0.9768890640354695
2025-05-06,1.7619182836215717,0.0833306596732461,0.032797178452314196,91.66693403267539,0.10736886038612713,0.011150259692184404,89.26311396138729,0.10486186370016254,0.010452878514274653,89.51381362998374,0.12744558301092018,0.07560439834371739,87.25544169890797,0.13043105968871757,0.04521104248921208,86.95689403112824,4.4062530078675985,0.9030414668255266,160.18703065160054,0.9898043533591264,0.977826719852918
2025-05-07,2.235661049831197,0.08541671427223023,0.03171190848563422,91.45832857277698,0.10598951625217168,0.010906896703250202,89.40104837478283,0.10104994024761875,0.01031523866267568,89.89500597523813,0.1289336047446541,0.07413913688422212,87.10663952553459,0.12875759789018554,0.043824703647063486,87.12424021098144,4.403906196443741,0.9041677025914904,159.63663359006512,0.9896853116204277,0.9781112083586685
2025-05-08,0.9244909593178686,0.08860138171898932,0.030742643435341,91.13986182810106,0.10361063371243846,0.010706946543471253,89.63893662875616,0.10317906411057304,0.010216474272023194,89.6820935889427,0.12667073319796554,0.07275986743877966,87.33292668020344,0.13032273683388054,0.042570241133716144,86.96772631661194,4.400323445566137,0.9061166768900165,159.94279833978302,0.9898663413441627,0.9778451347382403
2025-05-09,1.5649827589695293,0.09133261085658843,0.029871031825576422,90.86673891434116,0.10364054903181669,0.010540835724343488,89.63594509681833,0.1017544707385118,0.010126992791457384,89.82455292614881,0.12771025539783595,0.07145953319383733,87.2289744602164,0.1328883088793834,0.04142763922822895,86.71116911206165,4.397250812786338,0.9060921156596351,159.73759043954806,0.9897831795681731,0.9774089874905049
2025-05-10,0.3788611554917094,0.09082007629432642,0.029083215247377708,90.91799237056736,0.10259606148602675,0.010404384199780037,89.74039385139733,0.10490095678561862,0.010058184944564364,89.50990432143814,0.12882225234819486,0.0702304512037584,87.11777476518051,0.1326950709183889,0.04038166727518661,86.73049290816111,4.397827414168883,0.9069504553210967,160.19272785495264,0.9896942198121444,0.9774418379438738
2025-05-11,0.7067149604369081,0.09167059712904178,0.028369159961524424,90.83294028709582,0.10125498317924132,0.01029100909564972,89.87450168207587,0.10663940442257383,0.009990119781217478,89.33605955774262,0.1273054697000257,0.06906654191638763,87.26945302999742,0.13353658464786713,0.03942118547107797,86.6463415352133,4.396870578229828,0.9080549148691017,160.44714977666217,0.9898155624239979,0.9772987806098626
2025-05-12,1.2890401030687226,0.09536109992678725,0.027718675401180767,90.46389000732128,0.10138770624753478,0.010196215834653863,89.86122937524652,0.10641718765931056,0.009927927848553,89.35828123406895,0.12951571269182383,0.06796292818774272,87.04842873081762,0.13312043435416124,0.03853555414299308,86.68795656458389,4.392718762582364,0.9079454894289984,160.4145119071474,0.989638742984654,0.9773695261597926
2025-05-13,1.3444553744504804,0.0975556067221794,0.02712284731172001,90.24443932778206,0.10061334536525442,0.010117943752433705,89.93866546347455,0.10590974359916235,0.009877281969315607,89.40902564008375,0.1296163643104615,0.06691412525065486,87.03836356895384,0.1346243255762875,0.03771660542935194,86.53756744237124,4.390249942437548,0.9085842945763442,160.34010930455932,0.9896306908551631,0.9771138646520311
2025-05-14,0.9621893799190049,0.09901024103838318,0.026575845230997364,90.09897589616168,0.09933862960071992,0.010052466979713133,90.06613703992801,0.10690137273982755,0.00983705921852507,89.30986272601724,0.13052973097990236,0.06591627414283655,86.94702690200977,0.1369108799569013,0.03695645258422548,86.30891200430987,4.388613478831819,0.9096378250286723,160.48566981126825,0.9895576215216078,0.9767251504073268
