strategy,day,energy_kWh,cumulative_energy_kWh,cumulative_cost,PPD_proxy,mean_state,max_state,Pcrit30_max,compressor_state,coil_state,filter_state,fan_state,pump_state
S0,0,874.5867293521678,874.5867293521678,104.95040752226014,6.718058636622362,0.11453817086314688,0.1369108799569013,4.9960036108132044e-15,0.09901024103838318,0.09933862960071992,0.10690137273982755,0.13052973097990236,0.1369108799569013
S0,1,846.5822343372047,1721.1689636893725,206.54027564272468,6.72846293104639,0.11531918478219967,0.13712750075992536,6.439293542825908e-15,0.09912282125300147,0.09947563749830779,0.11018679368438608,0.13068317071537774,0.13712750075992536
S0,2,757.5209081824465,2478.689871871819,297.44278462461824,6.738854617240261,0.11609776451625423,0.13734304330254243,8.326672684688674e-15,0.09922822462836253,0.0996094933383567,0.1134722146289446,0.13083584668306483,0.13734304330254243
S0,3,712.7322676741696,3191.4221395459886,382.97065674551857,6.749206509668637,0.1168718532597975,0.13755518266792943,1.0658141036401503e-14,0.09932693525364238,0.09973340073703195,0.11675763557350313,0.13098611206688063,0.13755518266792943
S0,4,631.7322187655012,3823.15435831149,458.77852299737873,6.759538348518111,0.11764329048603658,0.13776560704398946,1.3655743202889425e-14,0.09942033146056041,0.09985229474098153,0.12004305651806166,0.1311351626665898,0.13776560704398946
S0,5,757.7635147427886,4580.917873054279,549.7101447665134,6.769834029786956,0.11840833382096064,0.1379729392106654,1.7541523789077473e-14,0.099496080130425,0.0999621493497739,0.12332847746262018,0.1312820229513186,0.1379729392106654
S0,6,912.8696650424254,5493.787538096704,659.2545045716045,6.780185698671558,0.11918119605000557,0.13818505945850787,2.2315482794965646e-14,0.09958874672829537,0.10008600086250548,0.1266138984071787,0.13143227479354036,0.13818505945850787
S0,7,803.9998077442268,6297.787345840931,755.7344815009117,6.7906062448392985,0.11996401167756257,0.1384030701165373,2.853273173286652e-14,0.09970389821387206,0.10022707169602169,0.12989931935173724,0.13158669900964454,0.1384030701165373
S0,8,747.9722279666601,7045.759573807592,845.4911488569109,6.800978236434619,0.12074001639934169,0.13861692836995707,3.652633751016765e-14,0.09980422750487236,0.10035600388643297,0.13318474029629576,0.1317381819391502,0.13861692836995707
S0,9,799.7486412060395,7845.508215013631,941.4609858016356,6.811325198818207,0.12151275711967946,0.1388286461161291,4.651834473179406e-14,0.09989815079148075,0.10047867877391108,0.1364701612408543,0.13188814867602208,0.1388286461161291
S0,10,688.6200951146963,8534.128310128328,1024.095397215399,6.821695051027962,0.12228810384676643,0.1397555821854128,5.928590951498336e-14,0.0999960375138344,0.10060707611793107,0.1397555821854128,0.13203950200813294,0.1390423214085209
S0,11,753.2295628438378,9287.357872972167,1114.4829447566597,6.8320154161028865,0.12305762744663676,0.14304100312997134,7.538414337204813e-14,0.10008441031985732,0.10072310167824322,0.14304100312997134,0.13218785756188384,0.13925176454322805
S0,12,771.5767478424214,10058.934620814587,1207.0721544977503,6.84236436192683,0.12383089920348493,0.14632642407452986,9.581224702515101e-14,0.10018020315367808,0.10084627242581003,0.14632642407452986,0.1323379444494695,0.13946365191393723
S0,13,758.8211997331067,10817.755820547694,1298.130698465723,6.852721331017545,0.12460484052884731,0.1496118450190884,1.2179146580137967e-13,0.10027616583588375,0.10097144899006998,0.1496118450190884,0.13248851736186928,0.13967622543732514
S0,14,802.9248879010427,11620.680708448737,1394.4816850138482,6.863072515869544,0.12537849935635761,0.15289726596364692,1.5443202272535927e-13,0.10037300715008061,0.10109517949465097,0.15289726596364692,0.1326387398828853,0.13988830429052423
S0,15,776.2863408027257,12396.967049251463,1487.6360459101752,6.873443138782204,0.12615439158513977,0.15618268690820544,1.957323192414151e-13,0.10047331610758227,0.101223769514397,0.15618268690820544,0.13279013990180671,0.1401020454937074
S0,16,790.8705432951758,13187.837592546639,1582.5405111055964,6.88380181797352,0.12692795258586465,0.15946810785276397,2.4791280139879746e-13,0.10056669980039568,0.10134937360380698,0.15946810785276397,0.132940816406839,0.14031476526551767
S0,17,715.5012577523866,13903.338850299026,1668.4006620358828,6.8941668327009005,0.1277029489303552,0.1627535287973225,3.135269821541442e-13,0.10066475072340222,0.10147656157723334,0.1627535287973225,0.13309187669915218,0.14052802685466567
S0,18,797.7741578432782,14701.113008142303,1764.133560977076,6.904498323683197,0.12847270970851293,0.16603894974188102,3.9623859748871837e-13,0.10074990247915822,0.10159536861438849,0.16603894974188102,0.1332409062261381,0.14073842148099874
S0,19,834.3202281223333,15535.433236264636,1864.2519883517562,6.914866133053486,0.12924825390368685,0.16932437068643955,5.00155472593633e-13,0.10084958570511322,0.10172325524854195,0.16932437068643955,0.13339213580931977,0.1409519220690199
S0,20,692.3672160730322,16227.80045233767,1947.33605428052,6.925249985374675,0.1300254393569064,0.17260979163099807,6.307177002895514e-13,0.10095112065200054,0.10185515262042022,0.17260979163099807,0.13354433722510398,0.1411667946560094
S0,21,694.1658588816769,16921.966311219345,2030.6359573463212,6.935570875331081,0.13079403759945762,0.1758952125755566,7.946976410266871e-13,0.10103465876729797,0.1019713094011027,0.1758952125755566,0.13369272457456,0.1413762826787708
S0,22,810.8887126497393,17732.855023869084,2127.94260286429,6.945892444995572,0.13156243103373988,0.17918063352011512,1.000088900582341e-12,0.10111690361072341,0.10208763610880665,0.17918063352011512,0.13384115309864042,0.1415858288304138
S0,23,726.4118448694007,18459.266868738487,2215.112024248618,6.956265511476634,0.1323386866649161,0.18246605446467365,1.2574385976904523e-12,0.10121806168938546,0.10221683702065326,0.18246605446467365,0.13399270114141695,0.14179977900845125
S0,24,809.5728411330246,19268.83970987151,2312.260765184581,6.966601095318064,0.13310915143106988,0.18575147540923218,1.5794032748317477e-12,0.10130511221473035,0.10233666727259198,0.18575147540923218,0.13414197860121582,0.14201052365757905
S0,25,707.9521192304531,19976.791829101963,2397.2150194922356,6.9769732979281756,0.1338843640472592,0.1890368963537907,1.981859121258367e-12,0.10140139739539601,0.10246565221670088,0.1890368963537907,0.13429347431334823,0.1422243999570601
S0,26,807.500207135532,20784.292036237493,2494.1150443484994,6.987300474586167,0.1346535142021905,0.19232231729834923,2.4842350399012503e-12,0.10148520492716384,0.10258338067277992,0.19232231729834923,0.13444224249184264,0.1424344256208169
S0,27,733.9853553327755,21518.277391570267,2582.1932869884326,6.997671477835595,0.1354289754215003,0.19560773824290775,3.110955937302151e-12,0.10158320818694287,0.10271206577671785,0.19560773824290775,0.13459366555039515,0.1426481993505381
S0,28,738.4552739233039,22256.73266549357,2670.807919859229,7.008009892890759,0.13619992523213537,0.19889315918746628,3.891775790521024e-12,0.1016715624986207,0.10283260383209006,0.19889315918746628,0.13474311451641058,0.1428591861260893
S0,29,806.4529332885901,23063.185598782162,2767.5822718538598,7.018350149522818,0.13697110803524265,0.2021785801320248,4.863776048580348e-12,0.1017603523290516,0.10295360228168589,0.2021785801320248,0.1348926750394879,0.14307033039396316
S0,30,700.513631391542,23763.699230173705,2851.643907620845,7.028720258071121,0.13774627979214032,0.20546400107658333,6.072364833187294e-12,0.10185726266545607,0.10308206371034265,0.20546400107658333,0.1350440438997992,0.1432840276085203
S0,31,667.0725791117663,24430.77180928547,2931.692617114257,7.039043523925706,0.13851598278622762,0.20874942202114186,7.573719429387893e-12,0.10194538345161547,0.10319881446557022,0.20874942202114186,0.13519257517385652,0.14349371881895415
S0,32,691.3946894836902,25122.166498769162,3014.6599798523,7.049351929954348,0.13928249115767222,0.21203484296570038,9.436784687011368e-12,0.10202341706127405,0.10331185026431183,0.21203484296570038,0.1353402062853807,0.14370213921169417
S0,33,737.7913916113772,25859.957890380538,3103.194946845665,7.059670928748422,0.14005042535848183,0.2153202639102589,1.1746381645139081e-11,0.10210438405212899,0.10342753425441127,0.2153202639102589,0.1354884790740416,0.14391146550156836
S0,34,626.8791421715778,26486.837032552117,3178.4204439062546,7.070010228026208,0.14082109208707072,0.21860568485481743,1.460653820117841e-11,0.1021909727153965,0.10354829336543872,0.21860568485481743,0.13563798160354273,0.1441225278961582
S0,35,743.6256829827637,27230.462715534883,3267.655525864186,7.080300584770537,0.14158544022852,0.22189110579937596,1.8144818980658783e-11,0.10226535444759188,0.10365681684310239,0.22189110579937596,0.13578451934495955,0.1443294047075702
S0,36,678.1477508622825,27908.610466397164,3349.03325596766,7.090642181939062,0.14235691293842784,0.22517652674393449,2.2517654407749887e-11,0.10235506282917095,0.10377815042681474,0.22517652674393449,0.13593416107361125,0.14454066361860787
S0,37,767.2168451225799,28675.827311519744,3441.0992773823696,7.100954850823441,0.1431239951076146,0.228461947688493,2.79164469318971e-11,0.10243427692195652,0.10389225193949043,0.228461947688493,0.13608205041581947,0.1447494485723136
S0,38,603.7162991187893,29279.543610638535,3513.5452332766245,7.1113065405240405,0.14389632963757298,0.23174736863305154,3.457478747748155e-11,0.10252429677923412,0.10401610865622143,0.23174736863305154,0.1362323035190103,0.1449615706003477
S0,39,658.9343016783004,29938.477912316834,3592.6173494780205,7.121586257612792,0.1446589763608756,0.23503278957761006,4.2778336428739294e-11,0.1025943857593847,0.10412197221999055,0.23503278957761006,0.1363781967428296,0.14516753750456318
S0,40,608.4325391234095,30546.910451440242,3665.62925417283,7.131890111985576,0.14542499180455248,0.2383182105221686,5.287537074849524e-11,0.10267175762873301,0.10423387010476744,0.2383182105221686,0.13652555212904696,0.1453755686380465
S0,41,653.1232011552856,31200.033652595528,3744.0040383114642,7.142171676209942,0.14618802285834573,0.24160363146672711,6.529010665445867e-11,0.102743036615935,0.10434019545244005,0.24160363146672711,0.13667155724665828,0.14558169350996833
S0,42,709.4643955830188,31909.498048178546,3829.1397657814264,7.15247273597641,0.14695354512952666,0.24488905241128564,8.053890887538273e-11,0.10281904955877737,0.10445139468563838,0.24488905241128564,0.1368187433442239,0.14578948564770802
S0,43,684.6757299319053,32594.173778110453,3911.300853373255,7.162798382203572,0.147722374101901,0.24817447335584417,9.924971955399542e-11,0.10290185737725689,0.10456874053401001,0.24817447335584417,0.13696741881392765,0.14599938042846627
S0,44,679.016164020866,33273.18994213132,3992.7827930557587,7.17311302566546,0.14848972205726169,0.25145989430040266,1.221850398636093e-10,0.10298161827612179,0.10468333569106288,0.25145989430040266,0.13711542776996571,0.1462083342487553
S0,45,682.5230472526667,33955.71298938399,4074.685558726079,7.183425058016784,0.14925671854650718,0.2547453152449612,1.502696855837371e-10,0.10306065609821558,0.10479727807047516,0.2547453152449612,0.13726327855296008,0.14641706476592384
S0,46,700.6315504130503,34656.344539797035,4158.761344775645,7.193738495762851,0.15002390420760822,0.2580307361895197,1.846248709469478e-10,0.10314008310654552,0.10491157179857286,0.2580307361895197,0.13741121447044363,0.14662591547295942
S0,47,633.436771519725,35289.78131131676,4234.773757358012,7.20405972933137,0.1507921670965023,0.26131615713407824,2.2660728848933331e-10,0.10322180834973198,0.1050278144822839,0.26131615713407824,0.13755962263486424,0.14683543288155324
S0,48,725.0284763886821,36014.80978770544,4321.777174524654,7.214351421510631,0.1515564257157547,0.26460157807863677,2.7785806988589457e-10,0.10329521350879259,0.10513667181868012,0.26460157807863677,0.1377062412728201,0.14704242389984387
S0,49,721.2689318373917,36736.07871954283,4408.32944634514,7.224683054387281,0.15232606051553013,0.2678869990231953,3.4035929630249484e-10,0.10337967916866876,0.10525551432942373,0.2678869990231953,0.13785527939532938,0.14725283066103342
S0,50,704.8852158511316,37440.96393539396,4492.915672247276,7.235012899813102,0.15309545471714467,0.2711724199677538,4.165024991564792e-10,0.10346364984216133,0.10537390997745992,0.2711724199677538,0.13800420923956724,0.147463084558781
S0,51,712.9372628141556,38153.901198208114,4578.468143784975,7.245335441813943,0.15386386584801465,0.27445784091231235,5.091704835535893e-10,0.10354559802873685,0.10549047976925155,0.27445784091231235,0.138152696664792,0.14767271386498065
S0,52,697.5966431499212,38851.49784135803,4662.179740962965,7.2556613606263225,0.15463273151146936,0.27774326185687087,6.218339176911059e-10,0.10362848133235351,0.10560789376392754,0.27774326185687087,0.1383013886468695,0.14788263195732537
S0,53,790.9716597542994,39642.46950111233,4757.096340133481,7.265980438588718,0.15540067636865745,0.2810286828014294,7.586674621862244e-10,0.1037094702467437,0.10572359754610741,0.2810286828014294,0.13844966623130373,0.14809196501770308
S0,54,674.4828943341829,40316.95239544652,4838.034287453583,7.276340126432146,0.15617408748121228,0.2843141037459879,9.246859944411767e-10,0.10380170497434318,0.10584945379854566,0.2843141037459879,0.13860040383737748,0.1483047710498072
S0,55,661.4537035664766,40978.406099012995,4917.40873188156,7.286648838408429,0.15694063703445527,0.28759952469054645,1.1259085885839681e-09,0.10387982330796383,0.10596256608419746,0.28759952469054645,0.13874805348226837,0.14851321760730019
S0,56,636.1390950682106,41614.545194081205,4993.745423289745,7.29695173367734,0.15770640363519808,0.290884945635105,1.3695503620070326e-09,0.10395633086108158,0.10607422419300638,0.290884945635105,0.13889535076892426,0.14872116671787317
S0,57,619.9925050147202,42234.53769909593,5068.144523891512,7.307243463268611,0.15847066729025933,0.2941703665796635,1.6642518474441204e-09,0.1040297463803911,0.10618309088240509,0.2941703665796635,0.13904197167318458,0.14892816093565245
S0,58,609.1389718969558,42843.676670992885,5141.241200519147,7.3175280311347315,0.159234067355345,0.297455787524222,2.0203486661429793e-09,0.10410168068971089,0.10629016714051624,0.297455787524222,0.1391881587421714,0.1491345426801044
S0,59,626.0430579173453,43469.71972891023,5216.366367469229,7.327807748223483,0.1599967140786476,0.30074120846878055,2.4501911610741445e-09,0.10417176966986147,0.10639603070428535,0.30074120846878055,0.1393340519659907,0.14934050958431988
S0,60,669.8751230299157,44139.59485194015,5296.751382232818,7.338094698728439,0.1607603344492285,0.3040266294133391,2.9685207625362864e-09,0.10424386174988375,0.1065037026221053,0.3040266294133391,0.1394803833679069,0.1495470950929075
S0,61,691.2639704686483,44830.8588224088,5379.703058689056,7.348400588222306,0.16152650408484415,0.3073120503578976,3.5929137442991532e-09,0.10432119847298946,0.10661610928715334,0.3073120503578976,0.13962786203549765,0.14975530027068265
S0,62,675.1623183895043,45506.02114079831,5460.722536895796,7.3587156388143065,0.1622939068415761,0.31059747130245613,4.344303472514355e-09,0.10440107211557811,0.1067308062267346,0.31059747130245613,0.1397758956542253,0.14996428890888636
S0,63,629.9593549541013,46135.98049575241,5536.317659490288,7.369023547840122,0.16306034831441624,0.31388289224701466,5.247595025181795e-09,0.10447896809368475,0.10684371777476959,0.31388289224701466,0.13992349665884748,0.15017266679776473
S0,64,720.439713972099,46856.42020972451,5622.77042516694,7.379311681218121,0.1638241279045259,0.3171683131915732,6.332385948937258e-09,0.10455138773854977,0.10695168541085034,0.3171683131915732,0.14006989971557307,0.1503793534660832
S0,65,711.2033597713915,47567.623569495896,5708.114828339507,7.389638966889573,0.16459317755277808,0.3204537341361317,7.633811693885661e-09,0.10463464955698643,0.10706944112029437,0.3204537341361317,0.14021867449776745,0.15058938845271055
S0,66,661.6290048697035,48229.2525743656,5787.510308923871,7.399962091416876,0.16536166709408215,0.32373915508069023,9.193537153784348e-09,0.10471675905858213,0.10718615654370144,0.32373915508069023,0.14036719721065288,0.1507990675767841
S0,67,634.2738922467225,48863.526466612326,5863.623175993478,7.410263562381122,0.16612724197761658,0.32702457602524876,1.1060915405813887e-08,0.10479287218886928,0.10729745857634382,0.32702457602524876,0.14051440821731456,0.15100689488030647
S0,68,699.7476242495546,49563.27409086188,5947.592890903425,7.420553034287506,0.166891201739098,0.3303099969698073,1.3294342404712722e-08,0.10486566250313344,0.10740576084452103,0.3303099969698073,0.14066089235797122,0.15121369602005702
S0,69,679.7859507565779,50243.06004161846,6029.1672049942135,7.430870742871873,0.16765896227242688,0.3335954179143658,1.5962838828542658e-08,0.10494627220514663,0.10752112228219388,0.3335954179143658,0.14080908698969796,0.15142291197073007
S0,70,612.6784908844194,50855.73853250288,6102.688623900344,7.441179655715338,0.1684255388632106,0.33688083885892434,1.914789282686513e-08,0.10502444616352548,0.10763428478464128,0.33688083885892434,0.1409567488025047,0.15163137570645724
S0,71,665.4793064157876,51521.21783891867,6182.546140670239,7.45145937280409,0.16918818558651322,0.34016625980348286,2.2945607858204653e-08,0.10509453514367606,0.10774014834841039,0.34016625980348286,0.141102642026324,0.15183734261067272
S0,72,683.5386225094434,52204.75646142811,6264.570775371372,7.461761804901321,0.16995388984246165,0.3434516807480414,2.7469198471408163e-08,0.10517091443386697,0.10785169066429924,0.3434516807480414,0.14124991125546463,0.15204525211063596
S0,73,619.7885414888498,52824.54500291696,6338.945400350034,7.472071903156655,0.1707206259945103,0.3467371016925999,3.285189109636377e-08,0.1052494166601478,0.10796514951971371,0.3467371016925999,0.14139764487687492,0.1522538172232152
S0,74,679.6796307451298,53504.22463366209,6420.5069560394495,7.482354297582965,0.17148363309835155,0.35002252263715844,3.925028857487689e-08,0.10532024705685318,0.10807168241787257,0.35002252263715844,0.1415437002855656,0.1524600130943079
S0,75,614.2118747322606,54118.43650839435,6494.212381007321,7.4926624326548605,0.17225010499791457,0.35330794358171697,4.684826970802192e-08,0.10539820563233579,0.10818465047742754,0.35330794358171697,0.14169131498336376,0.15266841031472886
S0,76,743.0547691038311,54861.49127749818,6583.378953299781,7.502942149743613,0.1730127517212172,0.3565933645262755,5.5861502312737343e-08,0.10546829461248637,0.10829051404119665,0.3565933645262755,0.14183720820718307,0.15287437721894434
S0,77,738.5095029995466,55600.00078049773,6672.000093659726,7.513277340321968,0.1737828654021306,0.359878785470834,6.654265927164005e-08,0.10555374548206568,0.10841024597736669,0.359878785470834,0.1419864618443149,0.15308508823607164
S0,78,656.298424073744,56256.29920457147,6750.755904548575,7.523610404273958,0.17455269283047464,0.36316420641539254,7.91874420480454e-08,0.10563860743972825,0.10852944625694522,0.36316420641539254,0.14213558665696496,0.1532956173833423
S0,79,690.5990836983838,56946.898288269855,6833.627794592381,7.533907858485398,0.17531772704272347,0.36644962735995107,9.4141526130187e-08,0.10571360823846897,0.10863974410138598,0.36644962735995107,0.14228255434110085,0.15350310117271063
S0,80,615.7933115134903,57562.69159978334,6907.522991974,7.544219948272156,0.1760847312630123,0.3697350483045096,1.1180855896686381e-07,0.10579266196575984,0.10875370083965674,0.3697350483045096,0.1424304086033571,0.15371183660177826
S0,81,616.109491690238,58178.80109147358,6981.456130976829,7.554499665360908,0.17684737798631492,0.3730204692490681,1.3265936160689051e-07,0.10586275094591042,0.10885956440342585,0.3730204692490681,0.1425763018271764,0.15391780350599374
S0,82,655.9279938162467,58834.72908528982,7060.167490234779,7.564779382449659,0.1776100247096175,0.37630589019362665,1.5724249846638116e-07,0.105932839926061,0.10896542796719497,0.37630589019362665,0.1427221950509957,0.15412377041020922
S0,83,616.7487392772651,59451.47782456709,7134.17733894805,7.575076094804849,0.17837495906499398,0.3795913111381852,1.8619640562711481e-07,0.10600763528768636,0.10907554034757325,0.3795913111381852,0.1428691177957626,0.15433119075576252
S0,84,712.9127173108229,60164.39054187791,7219.726865025349,7.5853558118936,0.17913760578829657,0.3828767320827437,2.2026329005164769e-07,0.10607772426783695,0.10918140391134236,0.3828767320827437,0.14301501101958192,0.154537157659978
S0,85,784.5674971696039,60948.95803904752,7313.874964685701,7.59567672274245,0.17990579735946563,0.3861621530273022,2.603050370808546e-07,0.1061592207507836,0.1092975659151357,0.3861621530273022,0.14316339963463787,0.15474664746946873
S0,86,617.7312762235515,61566.68931527107,7388.002717832527,7.606028251872617,0.18067811027598998,0.38944757397186075,3.073213943327602e-07,0.10624919614240314,0.10942138248925873,0.38944757397186075,0.143313643010966,0.1549587557654614
S0,87,629.6669820614702,62196.35629733254,7463.562755679904,7.616307968961369,0.18144075699929257,0.3927329949164193,3.6247073142980923e-07,0.10631928512255372,0.10952724605302784,0.3927329949164193,0.1434595362347853,0.15516472266967687
S0,88,689.9551285510411,62886.31142588358,7546.357371106029,7.626592668373516,0.18220407436361422,0.3960184158609778,4.270937109529527e-07,0.10639075382302915,0.10963435519764576,0.3960184158609778,0.14360573127242565,0.15537111566399267
S0,89,767.1323385535619,63653.44376443714,7638.413251732456,7.636903081752885,0.18297085293264126,0.3993038368055363,5.027402418811278e-07,0.1064693433144273,0.10974789283406892,0.3993038368055363,0.14375348398308035,0.15557970772609345
S0,90,619.054606394114,64272.49837083126,7712.69980449975,7.647246418863548,0.18374206316997924,0.40258925775009485,5.912001362906594e-07,0.10655705014679952,0.1098696614033159,0.40258925775009485,0.14390323111207315,0.15579111543761268
S0,91,693.9816378735952,64966.48000870485,7795.977601044581,7.6575261359523,0.18450470989328183,0.4058746786946534,6.945379279477137e-07,0.1066271391269501,0.10997552496708501,0.4058746786946534,0.14404912433589245,0.15599708234182816
S0,92,782.371269747345,65748.85127845219,7889.862153414262,7.667837794765717,0.1852716561028036,0.4091600996392119,8.151323708238678e-07,0.10670607350777689,0.11008937396202015,0.4091600996392119,0.14419695249110967,0.15620578091389953
S0,93,620.0664535104611,66368.91773196265,7964.270127835517,7.678187119463631,0.1860436722937695,0.41244552058377043,9.557211875232952e-07,0.10679543844123421,0.11021263942808007,0.41244552058377043,0.1443470623297148,0.156417700686048
S0,94,620.4018134655842,66989.31954542822,8038.718345451387,7.688466836552384,0.18680631901707212,0.41573094152832896,1.1194516975621127e-06,0.10686552742138479,0.11031850299184918,0.41573094152832896,0.1444929555535341,0.15662366759026347
S0,95,661.8630638712287,67651.18260929946,8118.141913115935,7.6987465536411355,0.1875689657403747,0.4190163624728875,1.3099380274939065e-06,0.10693561640153537,0.1104243665556183,0.4190163624728875,0.14463884877735342,0.15682963449447895
S0,96,657.9166259227297,68309.0992352222,8197.091908226663,7.709043841647195,0.1883339775807026,0.422301783417446,1.5313256691573685e-06,0.10701057117417101,0.1105346228487142,0.422301783417446,0.14478580639327882,0.15703710406990307
S0,97,733.5375094424435,69042.63674466463,8285.116409359756,7.719339289231888,0.18909874169281968,0.42558720436200453,1.7883642371430142e-06,0.10708501629165901,0.11064441903646847,0.42558720436200453,0.1449326525221407,0.1572444162518257
S0,98,703.3859316703753,69746.02267633501,8369.522721160201,7.72966685663842,0.189867829263761,0.42887262530656306,2.0864893580663235e-06,0.10716835612904098,0.11076224517968258,0.42887262530656306,0.14508144437097936,0.15745447533253912
S0,99,622.1172929992631,70368.13996933427,8444.176796320113,7.739981387495884,0.1906351620621078,0.4321580462511216,2.4319147123863516e-06,0.10724808584514253,0.11087681218562966,0.4321580462511216,0.14522944650578795,0.15766341952285712
S0,100,721.985233003303,71090.12520233757,8530.81502428051,7.750261104584635,0.19139780878541038,0.4354434671956801,2.8317353533147127e-06,0.10731817482529311,0.11098267574939877,0.4354434671956801,0.14537533972960726,0.1578693864270726
S0,101,662.8662359820474,71752.99143831962,8610.358972598355,7.760583226744185,0.19216616340393267,0.43872888814023864,3.2940435252815092e-06,0.10740000674812611,0.11109914058086727,0.43872888814023864,0.14552380172213833,0.15807897982829294
S0,102,767.9208515758291,72520.91228989544,8702.509474787454,7.770879999993901,0.19293115377250036,0.44201430908479716,3.828058320221039e-06,0.10747505805555066,0.11120926818487739,0.44201430908479716,0.14567072815570833,0.15828640538156824
S0,103,663.7465595561974,73184.65884945163,8782.159061934197,7.78122132616209,0.1937020933287918,0.4452997300293557,4.444270628067848e-06,0.10756220801154516,0.1113305340185056,0.4452997300293557,0.1458203534679935,0.15849764111655906
S0,104,665.1632040631284,73849.82205351476,8861.978646421772,7.79151815379367,0.19446704320084007,0.4485851509739142,5.154604963308884e-06,0.10763703529586365,0.11144067521798184,0.4485851509739142,0.14596728319584953,0.1587050713205911
S0,105,732.916431883914,74582.73848539867,8949.928618247843,7.8018154241499085,0.19523205266543023,0.45187057191847274,5.972599883330432e-06,0.10771198518085662,0.11155092709862256,0.45187057191847274,0.1461142397426031,0.15891253938659616
S0,106,747.3906950823854,75330.12918048106,9039.615501657729,7.812141320787464,0.19600091534406325,0.45515599286303127,6.9136088582943955e-06,0.1077948623437527,0.11166833554959248,0.45515599286303127,0.14626293038139798,0.15912245558254187
S0,107,731.9354638514742,76062.06464433254,9127.447757319906,7.822473184357001,0.19677058119604088,0.4584414138075898,7.99502359749571e-06,0.10787939188781326,0.11178723573355809,0.4584414138075898,0.1464119824785726,0.15933288207267074
S0,108,625.3105836315339,76687.37522796408,9202.48502735569,7.832798305180375,0.19753933944692553,0.4617268347521483,9.236521995248381e-06,0.10796205420985884,0.1119044502309824,0.4617268347521483,0.14656062612093143,0.15954273192070673
S0,109,741.4079332997965,77428.78316126387,9291.453979351665,7.843078022269126,0.19830198617022815,0.46501225569670684,1.0660343022106389e-05,0.10803214319000942,0.11201031379475151,0.46501225569670684,0.14670651934475074,0.1597486988249222
S0,110,655.6556001961894,78084.43876146006,9370.132651375208,7.8534068011050895,0.19907123680450428,0.46829767664126537,1.2291591055535456e-05,0.10811581850015685,0.11212844279532333,0.46829767664126537,0.14685538457825684,0.15995886150751906
S0,111,729.1169599709077,78813.55572143097,9457.626686571717,7.863699067428824,0.19983557270594107,0.4715830975858239,1.415857232078821e-05,0.10818938265307193,0.11223744366783817,0.4715830975858239,0.14700203799611838,0.16016590162685299
S0,112,638.5044102177229,79452.06013164869,9534.247215797845,7.874022276997021,0.20060407369409566,0.4748685185303824,1.6293166292702388e-05,0.10827151570445345,0.11235418035146855,0.4748685185303824,0.14715056586051944,0.1603755880236545
S0,113,745.8374221710294,80197.89755381971,9623.747706458367,7.884306962161164,0.20136738914057778,0.47815393947494095,1.8731235095770238e-05,0.10834298045932751,0.11246128593408523,0.47815393947494095,0.1472967600350595,0.16058197979947578
S0,114,678.0328719750971,80875.93042579481,9705.11165109538,7.89463688268308,0.20213679345043262,0.4814393604194995,2.1513074125456555e-05,0.1084269719286619,0.11257970035614527,0.4814393604194995,0.14744569442838776,0.1607922401194686
S0,115,653.8354376210174,81529.76586341583,9783.571903609902,7.904937958083704,0.2029023150894928,0.484724781364058,2.468390731014125e-05,0.10850297551825422,0.11269090349788262,0.484724781364058,0.14759288147302244,0.16100003359424697
S0,116,768.6278991092704,82298.3937625251,9875.807251503014,7.915228643726412,0.2036664382248261,0.4880102023086165,2.8294430621134126e-05,0.10857610194411542,0.11279950920014048,0.4880102023086165,0.14773943913809093,0.1612069385331672
S0,117,744.780833931546,83043.17459645665,9965.1809515748,7.925567628095122,0.20443706256537114,0.49129562325317505,3.240140763216548e-05,0.10866260340179303,0.11292018958389927,0.49129562325317505,0.14788892259136927,0.16141797399661897
S0,118,699.3754952794717,83742.55009173612,10049.106011008336,7.935896356283198,0.20520630638223541,0.4945810441977336,3.706832112149172e-05,0.10874626468637177,0.11303830592249936,0.4945810441977336,0.14803778475678223,0.16162813234779022
S0,119,818.4235935549909,84560.97368529112,10147.316842234935,7.946205750449334,0.205973602023155,0.4978664651422921,4.236608489094351e-05,0.10882784324482704,0.11315158875561426,0.4978664651422921,0.14818547572663532,0.16183663724640635
S0,120,714.7297009524858,85275.70338624361,10233.084406349233,7.956565135193799,0.20674697233735503,0.5011518860868506,4.8373820162428416e-05,0.10891999403732901,0.1132773692333117,0.5011518860868506,0.14833619497190648,0.1620494173573774
S0,121,744.256084719093,86019.9594709627,10322.395136515524,7.9668806389660904,0.2075144360939997,0.5044373070314091,5.517970107793424e-05,0.10899999317599832,0.11339217946796577,0.5044373070314091,0.14848425604290175,0.16225844475172368
S0,122,760.5574730862229,86780.51694404893,10413.662033285871,7.977208388580313,0.20828357681544593,0.5077227279759676,6.288187399072775e-05,0.1090835265939331,0.11351005116310249,0.5077227279759676,0.14863305892932166,0.16246851941490476
S0,123,713.4047399346683,87493.9216839836,10499.270602078032,7.987542804693391,0.20905367078371126,0.5110081489205262,7.15894553829921e-05,0.10916918566386595,0.11362958948295324,0.5110081489205262,0.14878226565172997,0.1626791641994812
S0,124,778.0310650310074,88271.95274901461,10592.634329881752,7.997857203201299,0.20982168823900907,0.5142935698650847,8.142361336915815e-05,0.10925239108802237,0.11374412340151134,0.5142935698650847,0.14893025976920968,0.16288809707121726
S0,125,724.3677571324533,88996.32050614707,10679.558460737646,8.00819856971441,0.210593104226055,0.5175789908096432,9.251873785398601e-05,0.10934190721727521,0.11386539932137008,0.5175789908096432,0.14907988752546608,0.16309933625652043
S0,126,734.3751070062925,89730.69561315335,10767.683473578401,8.018517203156499,0.2113612528207574,0.5208644117542017,0.00010502370449638754,0.10942409089252322,0.11398099197347353,0.5208644117542017,0.14922813818222794,0.1633086313013607
S0,127,837.9422193228859,90568.63783247623,10868.236539897147,8.028839848970588,0.2121305445467725,0.5241498326987603,0.00011910323768316022,0.10951040093467947,0.11409758771857646,0.5241498326987603,0.14937663189613967,0.16351826948570666
S1,0,874.5867293521678,874.5867293521678,104.95040752226014,6.718058636622362,0.11453817086314688,0.1369108799569013,4.9960036108132044e-15,0.09901024103838318,0.09933862960071992,0.10690137273982755,0.13052973097990236,0.1369108799569013
S1,1,846.5822343372047,1721.1689636893725,206.54027564272468,6.72846293104639,0.11531918478219967,0.13712750075992536,6.439293542825908e-15,0.09912282125300147,0.09947563749830779,0.11018679368438608,0.13068317071537774,0.13712750075992536
S1,2,757.5209081824465,2478.689871871819,297.44278462461824,6.738854617240261,0.11609776451625423,0.13734304330254243,8.326672684688674e-15,0.09922822462836253,0.0996094933383567,0.1134722146289446,0.13083584668306483,0.13734304330254243
S1,3,712.7322676741696,3191.4221395459886,382.97065674551857,6.749206509668637,0.1168718532597975,0.13755518266792943,1.0658141036401503e-14,0.09932693525364238,0.09973340073703195,0.11675763557350313,0.13098611206688063,0.13755518266792943
S1,4,631.7322187655012,3823.15435831149,458.77852299737873,6.759538348518111,0.11764329048603658,0.13776560704398946,1.3655743202889425e-14,0.09942033146056041,0.09985229474098153,0.12004305651806166,0.1311351626665898,0.13776560704398946
S1,5,757.7635147427886,4580.917873054279,549.7101447665134,6.769834029786956,0.11840833382096064,0.1379729392106654,1.7541523789077473e-14,0.099496080130425,0.0999621493497739,0.12332847746262018,0.1312820229513186,0.1379729392106654
S1,6,912.8696650424254,5493.787538096704,659.2545045716045,6.780185698671558,0.11918119605000557,0.13818505945850787,2.2315482794965646e-14,0.09958874672829537,0.10008600086250548,0.1266138984071787,0.13143227479354036,0.13818505945850787
S1,7,803.9998077442268,6297.787345840931,755.7344815009117,6.7906062448392985,0.11996401167756257,0.1384030701165373,2.853273173286652e-14,0.09970389821387206,0.10022707169602169,0.12989931935173724,0.13158669900964454,0.1384030701165373
S1,8,747.9722279666601,7045.759573807592,845.4911488569109,6.800978236434619,0.12074001639934169,0.13861692836995707,3.652633751016765e-14,0.09980422750487236,0.10035600388643297,0.13318474029629576,0.1317381819391502,0.13861692836995707
S1,9,799.7486412060395,7845.508215013631,941.4609858016356,6.811325198818207,0.12151275711967946,0.1388286461161291,4.651834473179406e-14,0.09989815079148075,0.10047867877391108,0.1364701612408543,0.13188814867602208,0.1388286461161291
S1,10,688.6200951146963,8534.128310128328,1024.095397215399,6.821695051027962,0.12228810384676643,0.1397555821854128,5.928590951498336e-14,0.0999960375138344,0.10060707611793107,0.1397555821854128,0.13203950200813294,0.1390423214085209
S1,11,753.2295628438378,9287.357872972167,1114.4829447566597,6.8320154161028865,0.12305762744663676,0.14304100312997134,7.538414337204813e-14,0.10008441031985732,0.10072310167824322,0.14304100312997134,0.13218785756188384,0.13925176454322805
S1,12,771.5767478424214,10058.934620814587,1207.0721544977503,6.84236436192683,0.12383089920348493,0.14632642407452986,9.581224702515101e-14,0.10018020315367808,0.10084627242581003,0.14632642407452986,0.1323379444494695,0.13946365191393723
S1,13,758.8211997331067,10817.755820547694,1298.130698465723,6.852721331017545,0.12460484052884731,0.1496118450190884,1.2179146580137967e-13,0.10027616583588375,0.10097144899006998,0.1496118450190884,0.13248851736186928,0.13967622543732514
S1,14,802.9248879010427,11620.680708448737,1394.4816850138482,6.863072515869544,0.12537849935635761,0.15289726596364692,1.5443202272535927e-13,0.10037300715008061,0.10109517949465097,0.15289726596364692,0.1326387398828853,0.13988830429052423
S1,15,776.2863408027257,12396.967049251463,1487.6360459101752,6.873443138782204,0.12615439158513977,0.15618268690820544,1.957323192414151e-13,0.10047331610758227,0.101223769514397,0.15618268690820544,0.13279013990180671,0.1401020454937074
S1,16,790.8705432951758,13187.837592546639,1582.5405111055964,6.88380181797352,0.12692795258586465,0.15946810785276397,2.4791280139879746e-13,0.10056669980039568,0.10134937360380698,0.15946810785276397,0.132940816406839,0.14031476526551767
S1,17,715.5012577523866,13903.338850299026,1668.4006620358828,6.8941668327009005,0.1277029489303552,0.1627535287973225,3.135269821541442e-13,0.10066475072340222,0.10147656157723334,0.1627535287973225,0.13309187669915218,0.14052802685466567
S1,18,797.7741578432782,14701.113008142303,1764.133560977076,6.904498323683197,0.12847270970851293,0.16603894974188102,3.9623859748871837e-13,0.10074990247915822,0.10159536861438849,0.16603894974188102,0.1332409062261381,0.14073842148099874
S1,19,834.3202281223333,15535.433236264636,1864.2519883517562,6.914866133053486,0.12924825390368685,0.16932437068643955,5.00155472593633e-13,0.10084958570511322,0.10172325524854195,0.16932437068643955,0.13339213580931977,0.1409519220690199
S1,20,692.3672160730322,16227.80045233767,1947.33605428052,6.925249985374675,0.1300254393569064,0.17260979163099807,6.307177002895514e-13,0.10095112065200054,0.10185515262042022,0.17260979163099807,0.13354433722510398,0.1411667946560094
S1,21,694.1658588816769,16921.966311219345,2030.6359573463212,6.935570875331081,0.13079403759945762,0.1758952125755566,7.946976410266871e-13,0.10103465876729797,0.1019713094011027,0.1758952125755566,0.13369272457456,0.1413762826787708
S1,22,810.8887126497393,17732.855023869084,2127.94260286429,6.945892444995572,0.13156243103373988,0.17918063352011512,1.000088900582341e-12,0.10111690361072341,0.10208763610880665,0.17918063352011512,0.13384115309864042,0.1415858288304138
S1,23,726.4118448694007,18459.266868738487,2215.112024248618,6.956265511476634,0.1323386866649161,0.18246605446467365,1.2574385976904523e-12,0.10121806168938546,0.10221683702065326,0.18246605446467365,0.13399270114141695,0.14179977900845125
S1,24,809.5728411330246,19268.83970987151,2312.260765184581,6.966601095318064,0.13310915143106988,0.18575147540923218,1.5794032748317477e-12,0.10130511221473035,0.10233666727259198,0.18575147540923218,0.13414197860121582,0.14201052365757905
S1,25,707.9521192304531,19976.791829101963,2397.2150194922356,6.9769732979281756,0.1338843640472592,0.1890368963537907,1.981859121258367e-12,0.10140139739539601,0.10246565221670088,0.1890368963537907,0.13429347431334823,0.1422243999570601
S1,26,807.500207135532,20784.292036237493,2494.1150443484994,6.987300474586167,0.1346535142021905,0.19232231729834923,2.4842350399012503e-12,0.10148520492716384,0.10258338067277992,0.19232231729834923,0.13444224249184264,0.1424344256208169
S1,27,733.9853553327755,21518.277391570267,2582.1932869884326,6.997671477835595,0.1354289754215003,0.19560773824290775,3.110955937302151e-12,0.10158320818694287,0.10271206577671785,0.19560773824290775,0.13459366555039515,0.1426481993505381
S1,28,738.4552739233039,22256.73266549357,2670.807919859229,7.008009892890759,0.13619992523213537,0.19889315918746628,3.891775790521024e-12,0.1016715624986207,0.10283260383209006,0.19889315918746628,0.13474311451641058,0.1428591861260893
S1,29,806.4529332885901,23063.185598782162,2767.5822718538598,7.018350149522818,0.13697110803524265,0.2021785801320248,4.863776048580348e-12,0.1017603523290516,0.10295360228168589,0.2021785801320248,0.1348926750394879,0.14307033039396316
S1,30,700.513631391542,23763.699230173705,2851.643907620845,7.028720258071121,0.13774627979214032,0.20546400107658333,6.072364833187294e-12,0.10185726266545607,0.10308206371034265,0.20546400107658333,0.1350440438997992,0.1432840276085203
S1,31,667.0725791117663,24430.77180928547,2931.692617114257,7.039043523925706,0.13851598278622762,0.20874942202114186,7.573719429387893e-12,0.10194538345161547,0.10319881446557022,0.20874942202114186,0.13519257517385652,0.14349371881895415
S1,32,691.3946894836902,25122.166498769162,3014.6599798523,7.049351929954348,0.13928249115767222,0.21203484296570038,9.436784687011368e-12,0.10202341706127405,0.10331185026431183,0.21203484296570038,0.1353402062853807,0.14370213921169417
S1,33,737.7913916113772,25859.957890380538,3103.194946845665,7.059670928748422,0.14005042535848183,0.2153202639102589,1.1746381645139081e-11,0.10210438405212899,0.10342753425441127,0.2153202639102589,0.1354884790740416,0.14391146550156836
S1,34,626.8791421715778,26486.837032552117,3178.4204439062546,7.070010228026208,0.14082109208707072,0.21860568485481743,1.460653820117841e-11,0.1021909727153965,0.10354829336543872,0.21860568485481743,0.13563798160354273,0.1441225278961582
S1,35,743.6256829827637,27230.462715534883,3267.655525864186,7.080300584770537,0.14158544022852,0.22189110579937596,1.8144818980658783e-11,0.10226535444759188,0.10365681684310239,0.22189110579937596,0.13578451934495955,0.1443294047075702
S1,36,678.1477508622825,27908.610466397164,3349.03325596766,7.090642181939062,0.14235691293842784,0.22517652674393449,2.2517654407749887e-11,0.10235506282917095,0.10377815042681474,0.22517652674393449,0.13593416107361125,0.14454066361860787
S1,37,767.2168451225799,28675.827311519744,3441.0992773823696,7.100954850823441,0.1431239951076146,0.228461947688493,2.79164469318971e-11,0.10243427692195652,0.10389225193949043,0.228461947688493,0.13608205041581947,0.1447494485723136
S1,38,603.7162991187893,29279.543610638535,3513.5452332766245,7.1113065405240405,0.14389632963757298,0.23174736863305154,3.457478747748155e-11,0.10252429677923412,0.10401610865622143,0.23174736863305154,0.1362323035190103,0.1449615706003477
S1,39,658.9343016783004,29938.477912316834,3592.6173494780205,7.121586257612792,0.1446589763608756,0.23503278957761006,4.2778336428739294e-11,0.1025943857593847,0.10412197221999055,0.23503278957761006,0.1363781967428296,0.14516753750456318
S1,40,608.4325391234095,30546.910451440242,3665.62925417283,7.131890111985576,0.14542499180455248,0.2383182105221686,5.287537074849524e-11,0.10267175762873301,0.10423387010476744,0.2383182105221686,0.13652555212904696,0.1453755686380465
S1,41,653.1232011552856,31200.033652595528,3744.0040383114642,7.142171676209942,0.14618802285834573,0.24160363146672711,6.529010665445867e-11,0.102743036615935,0.10434019545244005,0.24160363146672711,0.13667155724665828,0.14558169350996833
S1,42,709.4643955830188,31909.498048178546,3829.1397657814264,7.15247273597641,0.14695354512952666,0.24488905241128564,8.053890887538273e-11,0.10281904955877737,0.10445139468563838,0.24488905241128564,0.1368187433442239,0.14578948564770802
S1,43,684.6757299319053,32594.173778110453,3911.300853373255,7.162798382203572,0.147722374101901,0.24817447335584417,9.924971955399542e-11,0.10290185737725689,0.10456874053401001,0.24817447335584417,0.13696741881392765,0.14599938042846627
S1,44,679.016164020866,33273.18994213132,3992.7827930557587,7.17311302566546,0.14848972205726169,0.25145989430040266,1.221850398636093e-10,0.10298161827612179,0.10468333569106288,0.25145989430040266,0.13711542776996571,0.1462083342487553
S1,45,682.5230472526667,33955.71298938399,4074.685558726079,7.183425058016784,0.14925671854650718,0.2547453152449612,1.502696855837371e-10,0.10306065609821558,0.10479727807047516,0.2547453152449612,0.13726327855296008,0.14641706476592384
S1,46,700.6315504130503,34656.344539797035,4158.761344775645,7.193738495762851,0.15002390420760822,0.2580307361895197,1.846248709469478e-10,0.10314008310654552,0.10491157179857286,0.2580307361895197,0.13741121447044363,0.14662591547295942
S1,47,633.436771519725,35289.78131131676,4234.773757358012,7.20405972933137,0.1507921670965023,0.26131615713407824,2.2660728848933331e-10,0.10322180834973198,0.1050278144822839,0.26131615713407824,0.13755962263486424,0.14683543288155324
S1,48,725.0284763886821,36014.80978770544,4321.777174524654,7.214351421510631,0.1515564257157547,0.26460157807863677,2.7785806988589457e-10,0.10329521350879259,0.10513667181868012,0.26460157807863677,0.1377062412728201,0.14704242389984387
S1,49,721.2689318373917,36736.07871954283,4408.32944634514,7.224683054387281,0.15232606051553013,0.2678869990231953,3.4035929630249484e-10,0.10337967916866876,0.10525551432942373,0.2678869990231953,0.13785527939532938,0.14725283066103342
S1,50,704.8852158511316,37440.96393539396,4492.915672247276,7.235012899813102,0.15309545471714467,0.2711724199677538,4.165024991564792e-10,0.10346364984216133,0.10537390997745992,0.2711724199677538,0.13800420923956724,0.147463084558781
S1,51,712.9372628141556,38153.901198208114,4578.468143784975,7.245335441813943,0.15386386584801465,0.27445784091231235,5.091704835535893e-10,0.10354559802873685,0.10549047976925155,0.27445784091231235,0.138152696664792,0.14767271386498065
S1,52,697.5966431499212,38851.49784135803,4662.179740962965,7.2556613606263225,0.15463273151146936,0.27774326185687087,6.218339176911059e-10,0.10362848133235351,0.10560789376392754,0.27774326185687087,0.1383013886468695,0.14788263195732537
S1,53,790.9716597542994,39642.46950111233,4757.096340133481,7.265980438588718,0.15540067636865745,0.2810286828014294,7.586674621862244e-10,0.1037094702467437,0.10572359754610741,0.2810286828014294,0.13844966623130373,0.14809196501770308
S1,54,674.4828943341829,40316.95239544652,4838.034287453583,7.276340126432146,0.15617408748121228,0.2843141037459879,9.246859944411767e-10,0.10380170497434318,0.10584945379854566,0.2843141037459879,0.13860040383737748,0.1483047710498072
S1,55,661.4537035664766,40978.406099012995,4917.40873188156,7.286648838408429,0.15694063703445527,0.28759952469054645,1.1259085885839681e-09,0.10387982330796383,0.10596256608419746,0.28759952469054645,0.13874805348226837,0.14851321760730019
S1,56,636.1390950682106,41614.545194081205,4993.745423289745,7.29695173367734,0.15770640363519808,0.290884945635105,1.3695503620070326e-09,0.10395633086108158,0.10607422419300638,0.290884945635105,0.13889535076892426,0.14872116671787317
S1,57,619.9925050147202,42234.53769909593,5068.144523891512,7.307243463268611,0.15847066729025933,0.2941703665796635,1.6642518474441204e-09,0.1040297463803911,0.10618309088240509,0.2941703665796635,0.13904197167318458,0.14892816093565245
S1,58,609.1389718969558,42843.676670992885,5141.241200519147,7.3175280311347315,0.159234067355345,0.297455787524222,2.0203486661429793e-09,0.10410168068971089,0.10629016714051624,0.297455787524222,0.1391881587421714,0.1491345426801044
S1,59,626.0430579173453,43469.71972891023,5216.366367469229,7.327807748223483,0.1599967140786476,0.30074120846878055,2.4501911610741445e-09,0.10417176966986147,0.10639603070428535,0.30074120846878055,0.1393340519659907,0.14934050958431988
S1,60,669.8751230299157,44139.59485194015,5296.751382232818,7.338094698728439,0.1607603344492285,0.3040266294133391,2.9685207625362864e-09,0.10424386174988375,0.1065037026221053,0.3040266294133391,0.1394803833679069,0.1495470950929075
S1,61,691.2639704686483,44830.8588224088,5379.703058689056,7.348400588222306,0.16152650408484415,0.3073120503578976,3.5929137442991532e-09,0.10432119847298946,0.10661610928715334,0.3073120503578976,0.13962786203549765,0.14975530027068265
S1,62,675.1623183895043,45506.02114079831,5460.722536895796,7.3587156388143065,0.1622939068415761,0.31059747130245613,4.344303472514355e-09,0.10440107211557811,0.1067308062267346,0.31059747130245613,0.1397758956542253,0.14996428890888636
S1,63,629.9593549541013,46135.98049575241,5536.317659490288,7.369023547840122,0.16306034831441624,0.31388289224701466,5.247595025181795e-09,0.10447896809368475,0.10684371777476959,0.31388289224701466,0.13992349665884748,0.15017266679776473
S1,64,720.439713972099,46856.42020972451,5622.77042516694,7.379311681218121,0.1638241279045259,0.3171683131915732,6.332385948937258e-09,0.10455138773854977,0.10695168541085034,0.3171683131915732,0.14006989971557307,0.1503793534660832
S1,65,711.2033597713915,47567.623569495896,5708.114828339507,7.389638966889573,0.16459317755277808,0.3204537341361317,7.633811693885661e-09,0.10463464955698643,0.10706944112029437,0.3204537341361317,0.14021867449776745,0.15058938845271055
S1,66,661.6290048697035,48229.2525743656,5787.510308923871,7.399962091416876,0.16536166709408215,0.32373915508069023,9.193537153784348e-09,0.10471675905858213,0.10718615654370144,0.32373915508069023,0.14036719721065288,0.1507990675767841
S1,67,634.2738922467225,48863.526466612326,5863.623175993478,7.410263562381122,0.16612724197761658,0.32702457602524876,1.1060915405813887e-08,0.10479287218886928,0.10729745857634382,0.32702457602524876,0.14051440821731456,0.15100689488030647
S1,68,699.7476242495546,49563.27409086188,5947.592890903425,7.420553034287506,0.166891201739098,0.3303099969698073,1.3294342404712722e-08,0.10486566250313344,0.10740576084452103,0.3303099969698073,0.14066089235797122,0.15121369602005702
S1,69,679.7859507565779,50243.06004161846,6029.1672049942135,7.430870742871873,0.16765896227242688,0.3335954179143658,1.5962838828542658e-08,0.10494627220514663,0.10752112228219388,0.3335954179143658,0.14080908698969796,0.15142291197073007
S1,70,612.6784908844194,50855.73853250288,6102.688623900344,7.441179655715338,0.1684255388632106,0.33688083885892434,1.914789282686513e-08,0.10502444616352548,0.10763428478464128,0.33688083885892434,0.1409567488025047,0.15163137570645724
S1,71,665.4793064157876,51521.21783891867,6182.546140670239,7.45145937280409,0.16918818558651322,0.34016625980348286,2.2945607858204653e-08,0.10509453514367606,0.10774014834841039,0.34016625980348286,0.141102642026324,0.15183734261067272
S1,72,683.5386225094434,52204.75646142811,6264.570775371372,7.461761804901321,0.16995388984246165,0.3434516807480414,2.7469198471408163e-08,0.10517091443386697,0.10785169066429924,0.3434516807480414,0.14124991125546463,0.15204525211063596
S1,73,619.7885414888498,52824.54500291696,6338.945400350034,7.472071903156655,0.1707206259945103,0.3467371016925999,3.285189109636377e-08,0.1052494166601478,0.10796514951971371,0.3467371016925999,0.14139764487687492,0.1522538172232152
S1,74,679.6796307451298,53504.22463366209,6420.5069560394495,7.482354297582965,0.17148363309835155,0.35002252263715844,3.925028857487689e-08,0.10532024705685318,0.10807168241787257,0.35002252263715844,0.1415437002855656,0.1524600130943079
S1,75,614.2118747322606,54118.43650839435,6494.212381007321,7.4926624326548605,0.17225010499791457,0.35330794358171697,4.684826970802192e-08,0.10539820563233579,0.10818465047742754,0.35330794358171697,0.14169131498336376,0.15266841031472886
S1,76,743.0547691038311,54861.49127749818,6583.378953299781,7.502942149743613,0.1730127517212172,0.3565933645262755,5.5861502312737343e-08,0.10546829461248637,0.10829051404119665,0.3565933645262755,0.14183720820718307,0.15287437721894434
S1,77,738.5095029995466,55600.00078049773,6672.000093659726,7.513277340321968,0.1737828654021306,0.359878785470834,6.654265927164005e-08,0.10555374548206568,0.10841024597736669,0.359878785470834,0.1419864618443149,0.15308508823607164
S1,78,656.298424073744,56256.29920457147,6750.755904548575,7.523610404273958,0.17455269283047464,0.36316420641539254,7.91874420480454e-08,0.10563860743972825,0.10852944625694522,0.36316420641539254,0.14213558665696496,0.1532956173833423
S1,79,690.5990836983838,56946.898288269855,6833.627794592381,7.533907858485398,0.17531772704272347,0.36644962735995107,9.4141526130187e-08,0.10571360823846897,0.10863974410138598,0.36644962735995107,0.14228255434110085,0.15350310117271063
S1,80,615.7933115134903,57562.69159978334,6907.522991974,7.544219948272156,0.1760847312630123,0.3697350483045096,1.1180855896686381e-07,0.10579266196575984,0.10875370083965674,0.3697350483045096,0.1424304086033571,0.15371183660177826
S1,81,616.109491690238,58178.80109147358,6981.456130976829,7.554499665360908,0.17684737798631492,0.3730204692490681,1.3265936160689051e-07,0.10586275094591042,0.10885956440342585,0.3730204692490681,0.1425763018271764,0.15391780350599374
S1,82,655.9279938162467,58834.72908528982,7060.167490234779,7.564779382449659,0.1776100247096175,0.37630589019362665,1.5724249846638116e-07,0.105932839926061,0.10896542796719497,0.37630589019362665,0.1427221950509957,0.15412377041020922
S1,83,616.7487392772651,59451.47782456709,7134.17733894805,7.575076094804849,0.17837495906499398,0.3795913111381852,1.8619640562711481e-07,0.10600763528768636,0.10907554034757325,0.3795913111381852,0.1428691177957626,0.15433119075576252
S1,84,712.9127173108229,60164.39054187791,7219.726865025349,7.5853558118936,0.17913760578829657,0.3828767320827437,2.2026329005164769e-07,0.10607772426783695,0.10918140391134236,0.3828767320827437,0.14301501101958192,0.154537157659978
S1,85,784.5674971696039,60948.95803904752,7313.874964685701,7.59567672274245,0.17990579735946563,0.3861621530273022,2.603050370808546e-07,0.1061592207507836,0.1092975659151357,0.3861621530273022,0.14316339963463787,0.15474664746946873
S1,86,617.7312762235515,61566.68931527107,7388.002717832527,7.606028251872617,0.18067811027598998,0.38944757397186075,3.073213943327602e-07,0.10624919614240314,0.10942138248925873,0.38944757397186075,0.143313643010966,0.1549587557654614
S1,87,629.6669820614702,62196.35629733254,7463.562755679904,7.616307968961369,0.18144075699929257,0.3927329949164193,3.6247073142980923e-07,0.10631928512255372,0.10952724605302784,0.3927329949164193,0.1434595362347853,0.15516472266967687
S1,88,689.9551285510411,62886.31142588358,7546.357371106029,7.626592668373516,0.18220407436361422,0.3960184158609778,4.270937109529527e-07,0.10639075382302915,0.10963435519764576,0.3960184158609778,0.14360573127242565,0.15537111566399267
S1,89,767.1323385535619,63653.44376443714,7638.413251732456,7.636903081752885,0.18297085293264126,0.3993038368055363,5.027402418811278e-07,0.1064693433144273,0.10974789283406892,0.3993038368055363,0.14375348398308035,0.15557970772609345
S1,90,607.8087998649106,64261.252564302056,7871.350307716245,6.4757116788107725,0.10563974716646082,0.15579111543761268,0.0,0.10655705014679952,0.1098696614033159,0.012077677732502845,0.14390323111207315,0.15579111543761268
S1,91,681.2402688037267,64942.49283310578,7953.099139972692,6.485991395899524,0.10640239388976343,0.15599708234182816,0.0,0.1066271391269501,0.10997552496708501,0.015363098677061367,0.14404912433589245,0.15599708234182816
S1,92,767.8583930926749,65710.35122619846,8045.242147143813,6.49630305471294,0.10716934009928522,0.15620578091389953,0.0,0.10670607350777689,0.11008937396202015,0.01864851962161989,0.14419695249110967,0.15620578091389953
S1,93,608.4484837736063,66318.79970997207,8118.255965196646,6.5066523794108555,0.1079413562902511,0.156417700686048,0.0,0.10679543844123421,0.11021263942808007,0.021933940566178412,0.1443470623297148,0.156417700686048
S1,94,608.6632162520792,66927.46292622415,8191.295551146895,6.516932096499607,0.1087040030135537,0.15662366759026347,0.0,0.10686552742138479,0.11031850299184918,0.025219361510736935,0.1444929555535341,0.15662366759026347
S1,95,649.219660351386,67576.68258657554,8269.201910389062,6.52721181358836,0.1094666497368563,0.15682963449447895,0.0,0.10693561640153537,0.1104243665556183,0.028504782455295457,0.14463884877735342,0.15682963449447895
S1,96,645.2305749732408,68221.91316154879,8346.62957938585,6.537509101594418,0.1102316615771842,0.15703710406990307,0.0,0.10701057117417101,0.1105346228487142,0.03179020339985398,0.14478580639327882,0.15703710406990307
S1,97,719.2632809826293,68941.17644253142,8432.941173103765,6.547804549179111,0.11099642568930128,0.1572444162518257,0.0,0.10708501629165901,0.11064441903646847,0.0350756243444125,0.1449326525221407,0.1572444162518257
S1,98,689.5752302427742,69630.75167277419,8515.690200732899,6.558132116585643,0.1117655132602426,0.15745447533253912,0.0,0.10716835612904098,0.11076224517968258,0.03836104528897102,0.14508144437097936,0.15745447533253912
S1,99,609.7944170433981,70240.54608981758,8588.865530778106,6.568446647443107,0.11253284605858935,0.15766341952285712,0.0,0.10724808584514253,0.11087681218562966,0.041646466233529536,0.14522944650578795,0.15766341952285712
S1,100,707.5601580096201,70948.1062478272,8673.77274973926,6.578726364531859,0.11329549278189197,0.1578693864270726,0.0,0.10731817482529311,0.11098267574939877,0.044931887178088055,0.14537533972960726,0.1578693864270726
S1,101,649.5096912422543,71597.61593906947,8751.71391268833,6.589048486691409,0.11406384740041427,0.15807897982829294,0.0,0.10740000674812611,0.11109914058086727,0.048217308122646574,0.14552380172213833,0.15807897982829294
S1,102,752.3180908379236,72349.9340299074,8841.99208358888,6.599345259941125,0.11482883776898194,0.15828640538156824,1.1102230246251565e-16,0.10747505805555066,0.11120926818487739,0.05150272906720509,0.14567072815570833,0.15828640538156824
S1,103,650.1496961986652,73000.08372610607,8920.01004713272,6.609686586109313,0.1155997773252734,0.15849764111655906,1.1102230246251565e-16,0.10756220801154516,0.1113305340185056,0.05478815001176361,0.1458203534679935,0.15849764111655906
S1,104,651.427146742336,73651.5108728484,8998.1813047418,6.6199834137408935,0.11636472719732165,0.1587050713205911,1.1102230246251565e-16,0.10763703529586365,0.11144067521798184,0.05807357095632213,0.14596728319584953,0.1587050713205911
S1,105,717.6608084549945,74369.1716813034,9084.300601756398,6.630280684097132,0.11712973666191182,0.15891253938659616,1.1102230246251565e-16,0.10771198518085662,0.11155092709862256,0.06135899190088065,0.1461142397426031,0.15891253938659616
S1,106,731.7120456016836,75100.88372690509,9172.1060472286,6.640606580734687,0.11789859934054484,0.15912245558254187,2.220446049250313e-16,0.1077948623437527,0.11166833554959248,0.06464441284543918,0.14626293038139798,0.15912245558254187
S1,107,716.46271800326,75817.34644490834,9258.081573388992,6.650938444304225,0.11866826519252247,0.15933288207267074,2.220446049250313e-16,0.10787939188781326,0.11178723573355809,0.0679298337899977,0.1464119824785726,0.15933288207267074
S1,108,611.9914671398088,76429.33791204815,9331.52054944577,6.661263565127598,0.11943702344340715,0.15954273192070673,3.3306690738754696e-16,0.10796205420985884,0.1119044502309824,0.07121525473455623,0.14656062612093143,0.15954273192070673
S1,109,725.4976152107038,77154.83552725885,9418.580263271055,6.6715432822163505,0.12019967016670971,0.1597486988249222,4.440892098500626e-16,0.10803214319000942,0.11201031379475151,0.07450067567911475,0.14670651934475074,0.1597486988249222
S1,110,641.4817092455685,77796.31723650442,9495.558068380524,6.681872061052313,0.12096892080098587,0.15995886150751906,5.551115123125783e-16,0.10811581850015685,0.11212844279532333,0.07778609662367328,0.14685538457825684,0.15995886150751906
S1,111,713.2402073500572,78509.55744385447,9581.14689326253,6.692164327376048,0.12173325670242266,0.16016590162685299,6.661338147750939e-16,0.10818938265307193,0.11223744366783817,0.0810715175682318,0.14700203799611838,0.16016590162685299
S1,112,624.5009897695803,79134.05843362406,9656.087012034879,6.702487536944245,0.12250175769057725,0.1603755880236545,8.881784197001252e-16,0.10827151570445345,0.11235418035146855,0.08435693851279033,0.14715056586051944,0.1603755880236545
S1,113,729.3640391843885,79863.42247280845,9743.610696737005,6.712772222108388,0.12326507313705937,0.16058197979947578,1.1102230246251565e-15,0.10834298045932751,0.11246128593408523,0.08764235945734886,0.1472967600350595,0.16058197979947578
S1,114,662.9524394423827,80526.37491225083,9823.164989470091,6.723102142630303,0.12403447744691418,0.1607922401194686,1.4432899320127035e-15,0.1084269719286619,0.11257970035614527,0.09092778040190738,0.14744569442838776,0.1607922401194686
S1,115,639.1927671211836,81165.56767937202,9899.868121524632,6.7334032180309284,0.12479999908597443,0.16100003359424697,1.887379141862766e-15,0.10850297551825422,0.11269090349788262,0.09421320134646591,0.14759288147302244,0.16100003359424697
S1,116,751.2970206028955,81916.86469997492,9990.02376399698,6.743693903673635,0.1255641222213077,0.1612069385331672,2.4424906541753444e-15,0.10857610194411542,0.11279950920014048,0.09749862229102443,0.14773943913809093,0.1612069385331672
S1,117,727.8746765951133,82644.73937657003,10077.368725188393,6.754032888042346,0.1263347465618527,0.16141797399661897,3.1086244689504383e-15,0.10866260340179303,0.11292018958389927,0.10078404323558296,0.14788892259136927,0.16141797399661897
S1,118,683.3944624334173,83328.13383900344,10159.376060680403,6.764361616230422,0.127103990378717,0.16162813234779022,3.9968028886505635e-15,0.10874626468637177,0.11303830592249936,0.10406946418014149,0.14803778475678223,0.16162813234779022
S1,119,799.5993272677745,84127.73316627121,10255.327979952535,6.774671010396557,0.12787128601963657,0.16183663724640635,5.218048215738236e-15,0.10882784324482704,0.11315158875561426,0.10735488512470001,0.14818547572663532,0.16183663724640635
S1,120,698.1838150147438,84825.91698128595,10339.110037754304,6.785030395141023,0.12864465633383662,0.1620494173573774,6.661338147750939e-15,0.10891999403732901,0.1132773692333117,0.11064030606925854,0.14833619497190648,0.1620494173573774
S1,121,726.9160069112223,85552.83298819717,10426.33995858365,6.795345898913315,0.1294121200904813,0.16225844475172368,8.548717289613705e-15,0.10899999317599832,0.11339217946796577,0.11392572701381706,0.14848425604290175,0.16225844475172368
S1,122,742.7251118000473,86295.55809999722,10515.466971999656,6.805673648527536,0.13018126081192755,0.16246851941490476,1.099120794378905e-14,0.1090835265939331,0.11351005116310249,0.11721114795837559,0.14863305892932166,0.16246851941490476
S1,123,696.5729597030614,86992.13105970027,10599.055727164025,6.816008064640616,0.13095135478019287,0.1626791641994812,1.4099832412739488e-14,0.10916918566386595,0.11362958948295324,0.12049656890293411,0.14878226565172997,0.1626791641994812
S1,124,759.5604966444022,87751.69155634468,10690.202986761353,6.826322463148523,0.13171937223549066,0.16288809707121726,1.8096635301390052e-14,0.10925239108802237,0.11374412340151134,0.12378198984749264,0.14893025976920968,0.16288809707121726
S1,125,707.0655846035332,88458.75714094822,10775.050856913776,6.836663829661633,0.1324907882225366,0.16309933625652043,2.3092638912203256e-14,0.10934190721727521,0.11386539932137008,0.12706741079205117,0.14907988752546608,0.16309933625652043
S1,126,716.7272470281603,89175.48438797638,10861.058126557156,6.846982463103723,0.133258936817239,0.1633086313013607,2.9531932455029164e-14,0.10942409089252322,0.11398099197347353,0.1303528317366097,0.14922813818222794,0.1633086313013607
S1,127,817.684398464935,89993.16878644131,10959.180254372948,6.85730510891781,0.1340282285432541,0.16351826948570666,3.774758283725532e-14,0.10951040093467947,0.11409758771857646,0.13363825268116822,0.14937663189613967,0.16351826948570666
S2,0,874.5867293521678,874.5867293521678,104.95040752226014,6.718058636622362,0.11453817086314688,0.1369108799569013,4.9960036108132044e-15,0.09901024103838318,0.09933862960071992,0.10690137273982755,0.13052973097990236,0.1369108799569013
S2,1,846.5822343372047,1721.1689636893725,206.54027564272468,6.72846293104639,0.11531918478219967,0.13712750075992536,6.439293542825908e-15,0.09912282125300147,0.09947563749830779,0.11018679368438608,0.13068317071537774,0.13712750075992536
S2,2,757.5209081824465,2478.689871871819,297.44278462461824,6.738854617240261,0.11609776451625423,0.13734304330254243,8.326672684688674e-15,0.09922822462836253,0.0996094933383567,0.1134722146289446,0.13083584668306483,0.13734304330254243
S2,3,712.7322676741696,3191.4221395459886,382.97065674551857,6.749206509668637,0.1168718532597975,0.13755518266792943,1.0658141036401503e-14,0.09932693525364238,0.09973340073703195,0.11675763557350313,0.13098611206688063,0.13755518266792943
S2,4,631.7322187655012,3823.15435831149,458.77852299737873,6.759538348518111,0.11764329048603658,0.13776560704398946,1.3655743202889425e-14,0.09942033146056041,0.09985229474098153,0.12004305651806166,0.1311351626665898,0.13776560704398946
S2,5,757.7635147427886,4580.917873054279,549.7101447665134,6.769834029786956,0.11840833382096064,0.1379729392106654,1.7541523789077473e-14,0.099496080130425,0.0999621493497739,0.12332847746262018,0.1312820229513186,0.1379729392106654
S2,6,912.8696650424254,5493.787538096704,659.2545045716045,6.780185698671558,0.11918119605000557,0.13818505945850787,2.2315482794965646e-14,0.09958874672829537,0.10008600086250548,0.1266138984071787,0.13143227479354036,0.13818505945850787
S2,7,803.9998077442268,6297.787345840931,755.7344815009117,6.7906062448392985,0.11996401167756257,0.1384030701165373,2.853273173286652e-14,0.09970389821387206,0.10022707169602169,0.12989931935173724,0.13158669900964454,0.1384030701165373
S2,8,747.9722279666601,7045.759573807592,845.4911488569109,6.800978236434619,0.12074001639934169,0.13861692836995707,3.652633751016765e-14,0.09980422750487236,0.10035600388643297,0.13318474029629576,0.1317381819391502,0.13861692836995707
S2,9,799.7486412060395,7845.508215013631,941.4609858016356,6.811325198818207,0.12151275711967946,0.1388286461161291,4.651834473179406e-14,0.09989815079148075,0.10047867877391108,0.1364701612408543,0.13188814867602208,0.1388286461161291
S2,10,688.6200951146963,8534.128310128328,1024.095397215399,6.821695051027962,0.12228810384676643,0.1397555821854128,5.928590951498336e-14,0.0999960375138344,0.10060707611793107,0.1397555821854128,0.13203950200813294,0.1390423214085209
S2,11,753.2295628438378,9287.357872972167,1114.4829447566597,6.8320154161028865,0.12305762744663676,0.14304100312997134,7.538414337204813e-14,0.10008441031985732,0.10072310167824322,0.14304100312997134,0.13218785756188384,0.13925176454322805
S2,12,771.5767478424214,10058.934620814587,1207.0721544977503,6.84236436192683,0.12383089920348493,0.14632642407452986,9.581224702515101e-14,0.10018020315367808,0.10084627242581003,0.14632642407452986,0.1323379444494695,0.13946365191393723
S2,13,758.8211997331067,10817.755820547694,1298.130698465723,6.852721331017545,0.12460484052884731,0.1496118450190884,1.2179146580137967e-13,0.10027616583588375,0.10097144899006998,0.1496118450190884,0.13248851736186928,0.13967622543732514
S2,14,802.9248879010427,11620.680708448737,1394.4816850138482,6.863072515869544,0.12537849935635761,0.15289726596364692,1.5443202272535927e-13,0.10037300715008061,0.10109517949465097,0.15289726596364692,0.1326387398828853,0.13988830429052423
S2,15,776.2863408027257,12396.967049251463,1487.6360459101752,6.873443138782204,0.12615439158513977,0.15618268690820544,1.957323192414151e-13,0.10047331610758227,0.101223769514397,0.15618268690820544,0.13279013990180671,0.1401020454937074
S2,16,790.8705432951758,13187.837592546639,1582.5405111055964,6.88380181797352,0.12692795258586465,0.15946810785276397,2.4791280139879746e-13,0.10056669980039568,0.10134937360380698,0.15946810785276397,0.132940816406839,0.14031476526551767
S2,17,715.5012577523866,13903.338850299026,1668.4006620358828,6.8941668327009005,0.1277029489303552,0.1627535287973225,3.135269821541442e-13,0.10066475072340222,0.10147656157723334,0.1627535287973225,0.13309187669915218,0.14052802685466567
S2,18,797.7741578432782,14701.113008142303,1764.133560977076,6.904498323683197,0.12847270970851293,0.16603894974188102,3.9623859748871837e-13,0.10074990247915822,0.10159536861438849,0.16603894974188102,0.1332409062261381,0.14073842148099874
S2,19,834.3202281223333,15535.433236264636,1864.2519883517562,6.914866133053486,0.12924825390368685,0.16932437068643955,5.00155472593633e-13,0.10084958570511322,0.10172325524854195,0.16932437068643955,0.13339213580931977,0.1409519220690199
S2,20,692.3672160730322,16227.80045233767,1947.33605428052,6.925249985374675,0.1300254393569064,0.17260979163099807,6.307177002895514e-13,0.10095112065200054,0.10185515262042022,0.17260979163099807,0.13354433722510398,0.1411667946560094
S2,21,694.1658588816769,16921.966311219345,2030.6359573463212,6.935570875331081,0.13079403759945762,0.1758952125755566,7.946976410266871e-13,0.10103465876729797,0.1019713094011027,0.1758952125755566,0.13369272457456,0.1413762826787708
S2,22,810.8887126497393,17732.855023869084,2127.94260286429,6.945892444995572,0.13156243103373988,0.17918063352011512,1.000088900582341e-12,0.10111690361072341,0.10208763610880665,0.17918063352011512,0.13384115309864042,0.1415858288304138
S2,23,726.4118448694007,18459.266868738487,2215.112024248618,6.956265511476634,0.1323386866649161,0.18246605446467365,1.2574385976904523e-12,0.10121806168938546,0.10221683702065326,0.18246605446467365,0.13399270114141695,0.14179977900845125
S2,24,809.5728411330246,19268.83970987151,2312.260765184581,6.966601095318064,0.13310915143106988,0.18575147540923218,1.5794032748317477e-12,0.10130511221473035,0.10233666727259198,0.18575147540923218,0.13414197860121582,0.14201052365757905
S2,25,707.9521192304531,19976.791829101963,2397.2150194922356,6.9769732979281756,0.1338843640472592,0.1890368963537907,1.981859121258367e-12,0.10140139739539601,0.10246565221670088,0.1890368963537907,0.13429347431334823,0.1422243999570601
S2,26,807.500207135532,20784.292036237493,2494.1150443484994,6.987300474586167,0.1346535142021905,0.19232231729834923,2.4842350399012503e-12,0.10148520492716384,0.10258338067277992,0.19232231729834923,0.13444224249184264,0.1424344256208169
S2,27,733.9853553327755,21518.277391570267,2582.1932869884326,6.997671477835595,0.1354289754215003,0.19560773824290775,3.110955937302151e-12,0.10158320818694287,0.10271206577671785,0.19560773824290775,0.13459366555039515,0.1426481993505381
S2,28,738.4552739233039,22256.73266549357,2670.807919859229,7.008009892890759,0.13619992523213537,0.19889315918746628,3.891775790521024e-12,0.1016715624986207,0.10283260383209006,0.19889315918746628,0.13474311451641058,0.1428591861260893
S2,29,806.4529332885901,23063.185598782162,2767.5822718538598,7.018350149522818,0.13697110803524265,0.2021785801320248,4.863776048580348e-12,0.1017603523290516,0.10295360228168589,0.2021785801320248,0.1348926750394879,0.14307033039396316
S2,30,700.513631391542,23763.699230173705,2851.643907620845,7.028720258071121,0.13774627979214032,0.20546400107658333,6.072364833187294e-12,0.10185726266545607,0.10308206371034265,0.20546400107658333,0.1350440438997992,0.1432840276085203
S2,31,667.0725791117663,24430.77180928547,2931.692617114257,7.039043523925706,0.13851598278622762,0.20874942202114186,7.573719429387893e-12,0.10194538345161547,0.10319881446557022,0.20874942202114186,0.13519257517385652,0.14349371881895415
S2,32,691.3946894836902,25122.166498769162,3014.6599798523,7.049351929954348,0.13928249115767222,0.21203484296570038,9.436784687011368e-12,0.10202341706127405,0.10331185026431183,0.21203484296570038,0.1353402062853807,0.14370213921169417
S2,33,737.7913916113772,25859.957890380538,3103.194946845665,7.059670928748422,0.14005042535848183,0.2153202639102589,1.1746381645139081e-11,0.10210438405212899,0.10342753425441127,0.2153202639102589,0.1354884790740416,0.14391146550156836
S2,34,626.8791421715778,26486.837032552117,3178.4204439062546,7.070010228026208,0.14082109208707072,0.21860568485481743,1.460653820117841e-11,0.1021909727153965,0.10354829336543872,0.21860568485481743,0.13563798160354273,0.1441225278961582
S2,35,743.6256829827637,27230.462715534883,3267.655525864186,7.080300584770537,0.14158544022852,0.22189110579937596,1.8144818980658783e-11,0.10226535444759188,0.10365681684310239,0.22189110579937596,0.13578451934495955,0.1443294047075702
S2,36,678.1477508622825,27908.610466397164,3349.03325596766,7.090642181939062,0.14235691293842784,0.22517652674393449,2.2517654407749887e-11,0.10235506282917095,0.10377815042681474,0.22517652674393449,0.13593416107361125,0.14454066361860787
S2,37,767.2168451225799,28675.827311519744,3441.0992773823696,7.100954850823441,0.1431239951076146,0.228461947688493,2.79164469318971e-11,0.10243427692195652,0.10389225193949043,0.228461947688493,0.13608205041581947,0.1447494485723136
S2,38,603.7162991187893,29279.543610638535,3513.5452332766245,7.1113065405240405,0.14389632963757298,0.23174736863305154,3.457478747748155e-11,0.10252429677923412,0.10401610865622143,0.23174736863305154,0.1362323035190103,0.1449615706003477
S2,39,658.9343016783004,29938.477912316834,3592.6173494780205,7.121586257612792,0.1446589763608756,0.23503278957761006,4.2778336428739294e-11,0.1025943857593847,0.10412197221999055,0.23503278957761006,0.1363781967428296,0.14516753750456318
S2,40,608.4325391234095,30546.910451440242,3665.62925417283,7.131890111985576,0.14542499180455248,0.2383182105221686,5.287537074849524e-11,0.10267175762873301,0.10423387010476744,0.2383182105221686,0.13652555212904696,0.1453755686380465
S2,41,653.1232011552856,31200.033652595528,3744.0040383114642,7.142171676209942,0.14618802285834573,0.24160363146672711,6.529010665445867e-11,0.102743036615935,0.10434019545244005,0.24160363146672711,0.13667155724665828,0.14558169350996833
S2,42,709.4643955830188,31909.498048178546,3829.1397657814264,7.15247273597641,0.14695354512952666,0.24488905241128564,8.053890887538273e-11,0.10281904955877737,0.10445139468563838,0.24488905241128564,0.1368187433442239,0.14578948564770802
S2,43,684.6757299319053,32594.173778110453,3911.300853373255,7.162798382203572,0.147722374101901,0.24817447335584417,9.924971955399542e-11,0.10290185737725689,0.10456874053401001,0.24817447335584417,0.13696741881392765,0.14599938042846627
S2,44,679.016164020866,33273.18994213132,3992.7827930557587,7.17311302566546,0.14848972205726169,0.25145989430040266,1.221850398636093e-10,0.10298161827612179,0.10468333569106288,0.25145989430040266,0.13711542776996571,0.1462083342487553
S2,45,682.5230472526667,33955.71298938399,4074.685558726079,7.183425058016784,0.14925671854650718,0.2547453152449612,1.502696855837371e-10,0.10306065609821558,0.10479727807047516,0.2547453152449612,0.13726327855296008,0.14641706476592384
S2,46,700.6315504130503,34656.344539797035,4158.761344775645,7.193738495762851,0.15002390420760822,0.2580307361895197,1.846248709469478e-10,0.10314008310654552,0.10491157179857286,0.2580307361895197,0.13741121447044363,0.14662591547295942
S2,47,633.436771519725,35289.78131131676,4234.773757358012,7.20405972933137,0.1507921670965023,0.26131615713407824,2.2660728848933331e-10,0.10322180834973198,0.1050278144822839,0.26131615713407824,0.13755962263486424,0.14683543288155324
S2,48,725.0284763886821,36014.80978770544,4321.777174524654,7.214351421510631,0.1515564257157547,0.26460157807863677,2.7785806988589457e-10,0.10329521350879259,0.10513667181868012,0.26460157807863677,0.1377062412728201,0.14704242389984387
S2,49,721.2689318373917,36736.07871954283,4408.32944634514,7.224683054387281,0.15232606051553013,0.2678869990231953,3.4035929630249484e-10,0.10337967916866876,0.10525551432942373,0.2678869990231953,0.13785527939532938,0.14725283066103342
S2,50,704.8852158511316,37440.96393539396,4492.915672247276,7.235012899813102,0.15309545471714467,0.2711724199677538,4.165024991564792e-10,0.10346364984216133,0.10537390997745992,0.2711724199677538,0.13800420923956724,0.147463084558781
S2,51,712.9372628141556,38153.901198208114,4578.468143784975,7.245335441813943,0.15386386584801465,0.27445784091231235,5.091704835535893e-10,0.10354559802873685,0.10549047976925155,0.27445784091231235,0.138152696664792,0.14767271386498065
S2,52,697.5966431499212,38851.49784135803,4662.179740962965,7.2556613606263225,0.15463273151146936,0.27774326185687087,6.218339176911059e-10,0.10362848133235351,0.10560789376392754,0.27774326185687087,0.1383013886468695,0.14788263195732537
S2,53,790.9716597542994,39642.46950111233,4757.096340133481,7.265980438588718,0.15540067636865745,0.2810286828014294,7.586674621862244e-10,0.1037094702467437,0.10572359754610741,0.2810286828014294,0.13844966623130373,0.14809196501770308
S2,54,674.4828943341829,40316.95239544652,4838.034287453583,7.276340126432146,0.15617408748121228,0.2843141037459879,9.246859944411767e-10,0.10380170497434318,0.10584945379854566,0.2843141037459879,0.13860040383737748,0.1483047710498072
S2,55,661.4537035664766,40978.406099012995,4917.40873188156,7.286648838408429,0.15694063703445527,0.28759952469054645,1.1259085885839681e-09,0.10387982330796383,0.10596256608419746,0.28759952469054645,0.13874805348226837,0.14851321760730019
S2,56,636.1390950682106,41614.545194081205,4993.745423289745,7.29695173367734,0.15770640363519808,0.290884945635105,1.3695503620070326e-09,0.10395633086108158,0.10607422419300638,0.290884945635105,0.13889535076892426,0.14872116671787317
S2,57,619.9925050147202,42234.53769909593,5068.144523891512,7.307243463268611,0.15847066729025933,0.2941703665796635,1.6642518474441204e-09,0.1040297463803911,0.10618309088240509,0.2941703665796635,0.13904197167318458,0.14892816093565245
S2,58,609.1389718969558,42843.676670992885,5141.241200519147,7.3175280311347315,0.159234067355345,0.297455787524222,2.0203486661429793e-09,0.10410168068971089,0.10629016714051624,0.297455787524222,0.1391881587421714,0.1491345426801044
S2,59,626.0430579173453,43469.71972891023,5216.366367469229,7.327807748223483,0.1599967140786476,0.30074120846878055,2.4501911610741445e-09,0.10417176966986147,0.10639603070428535,0.30074120846878055,0.1393340519659907,0.14934050958431988
S2,60,669.8751230299157,44139.59485194015,5296.751382232818,7.338094698728439,0.1607603344492285,0.3040266294133391,2.9685207625362864e-09,0.10424386174988375,0.1065037026221053,0.3040266294133391,0.1394803833679069,0.1495470950929075
S2,61,691.2639704686483,44830.8588224088,5379.703058689056,7.348400588222306,0.16152650408484415,0.3073120503578976,3.5929137442991532e-09,0.10432119847298946,0.10661610928715334,0.3073120503578976,0.13962786203549765,0.14975530027068265
S2,62,675.1623183895043,45506.02114079831,5460.722536895796,7.3587156388143065,0.1622939068415761,0.31059747130245613,4.344303472514355e-09,0.10440107211557811,0.1067308062267346,0.31059747130245613,0.1397758956542253,0.14996428890888636
S2,63,629.9593549541013,46135.98049575241,5536.317659490288,7.369023547840122,0.16306034831441624,0.31388289224701466,5.247595025181795e-09,0.10447896809368475,0.10684371777476959,0.31388289224701466,0.13992349665884748,0.15017266679776473
S2,64,720.439713972099,46856.42020972451,5622.77042516694,7.379311681218121,0.1638241279045259,0.3171683131915732,6.332385948937258e-09,0.10455138773854977,0.10695168541085034,0.3171683131915732,0.14006989971557307,0.1503793534660832
S2,65,711.2033597713915,47567.623569495896,5708.114828339507,7.389638966889573,0.16459317755277808,0.3204537341361317,7.633811693885661e-09,0.10463464955698643,0.10706944112029437,0.3204537341361317,0.14021867449776745,0.15058938845271055
S2,66,661.6290048697035,48229.2525743656,5787.510308923871,7.399962091416876,0.16536166709408215,0.32373915508069023,9.193537153784348e-09,0.10471675905858213,0.10718615654370144,0.32373915508069023,0.14036719721065288,0.1507990675767841
S2,67,634.2738922467225,48863.526466612326,5863.623175993478,7.410263562381122,0.16612724197761658,0.32702457602524876,1.1060915405813887e-08,0.10479287218886928,0.10729745857634382,0.32702457602524876,0.14051440821731456,0.15100689488030647
S2,68,699.7476242495546,49563.27409086188,5947.592890903425,7.420553034287506,0.166891201739098,0.3303099969698073,1.3294342404712722e-08,0.10486566250313344,0.10740576084452103,0.3303099969698073,0.14066089235797122,0.15121369602005702
S2,69,679.7859507565779,50243.06004161846,6029.1672049942135,7.430870742871873,0.16765896227242688,0.3335954179143658,1.5962838828542658e-08,0.10494627220514663,0.10752112228219388,0.3335954179143658,0.14080908698969796,0.15142291197073007
S2,70,612.6784908844194,50855.73853250288,6102.688623900344,7.441179655715338,0.1684255388632106,0.33688083885892434,1.914789282686513e-08,0.10502444616352548,0.10763428478464128,0.33688083885892434,0.1409567488025047,0.15163137570645724
S2,71,665.4793064157876,51521.21783891867,6182.546140670239,7.45145937280409,0.16918818558651322,0.34016625980348286,2.2945607858204653e-08,0.10509453514367606,0.10774014834841039,0.34016625980348286,0.141102642026324,0.15183734261067272
S2,72,683.5386225094434,52204.75646142811,6264.570775371372,7.461761804901321,0.16995388984246165,0.3434516807480414,2.7469198471408163e-08,0.10517091443386697,0.10785169066429924,0.3434516807480414,0.14124991125546463,0.15204525211063596
S2,73,619.7885414888498,52824.54500291696,6338.945400350034,7.472071903156655,0.1707206259945103,0.3467371016925999,3.285189109636377e-08,0.1052494166601478,0.10796514951971371,0.3467371016925999,0.14139764487687492,0.1522538172232152
S2,74,679.6796307451298,53504.22463366209,6420.5069560394495,7.482354297582965,0.17148363309835155,0.35002252263715844,3.925028857487689e-08,0.10532024705685318,0.10807168241787257,0.35002252263715844,0.1415437002855656,0.1524600130943079
S2,75,614.2118747322606,54118.43650839435,6494.212381007321,7.4926624326548605,0.17225010499791457,0.35330794358171697,4.684826970802192e-08,0.10539820563233579,0.10818465047742754,0.35330794358171697,0.14169131498336376,0.15266841031472886
S2,76,743.0547691038311,54861.49127749818,6583.378953299781,7.502942149743613,0.1730127517212172,0.3565933645262755,5.5861502312737343e-08,0.10546829461248637,0.10829051404119665,0.3565933645262755,0.14183720820718307,0.15287437721894434
S2,77,738.5095029995466,55600.00078049773,6672.000093659726,7.513277340321968,0.1737828654021306,0.359878785470834,6.654265927164005e-08,0.10555374548206568,0.10841024597736669,0.359878785470834,0.1419864618443149,0.15308508823607164
S2,78,656.298424073744,56256.29920457147,6750.755904548575,7.523610404273958,0.17455269283047464,0.36316420641539254,7.91874420480454e-08,0.10563860743972825,0.10852944625694522,0.36316420641539254,0.14213558665696496,0.1532956173833423
S2,79,690.5990836983838,56946.898288269855,6833.627794592381,7.533907858485398,0.17531772704272347,0.36644962735995107,9.4141526130187e-08,0.10571360823846897,0.10863974410138598,0.36644962735995107,0.14228255434110085,0.15350310117271063
S2,80,615.7933115134903,57562.69159978334,6907.522991974,7.544219948272156,0.1760847312630123,0.3697350483045096,1.1180855896686381e-07,0.10579266196575984,0.10875370083965674,0.3697350483045096,0.1424304086033571,0.15371183660177826
S2,81,616.109491690238,58178.80109147358,6981.456130976829,7.554499665360908,0.17684737798631492,0.3730204692490681,1.3265936160689051e-07,0.10586275094591042,0.10885956440342585,0.3730204692490681,0.1425763018271764,0.15391780350599374
S2,82,655.9279938162467,58834.72908528982,7060.167490234779,7.564779382449659,0.1776100247096175,0.37630589019362665,1.5724249846638116e-07,0.105932839926061,0.10896542796719497,0.37630589019362665,0.1427221950509957,0.15412377041020922
S2,83,616.7487392772651,59451.47782456709,7134.17733894805,7.575076094804849,0.17837495906499398,0.3795913111381852,1.8619640562711481e-07,0.10600763528768636,0.10907554034757325,0.3795913111381852,0.1428691177957626,0.15433119075576252
S2,84,712.9127173108229,60164.39054187791,7219.726865025349,7.5853558118936,0.17913760578829657,0.3828767320827437,2.2026329005164769e-07,0.10607772426783695,0.10918140391134236,0.3828767320827437,0.14301501101958192,0.154537157659978
S2,85,784.5674971696039,60948.95803904752,7313.874964685701,7.59567672274245,0.17990579735946563,0.3861621530273022,2.603050370808546e-07,0.1061592207507836,0.1092975659151357,0.3861621530273022,0.14316339963463787,0.15474664746946873
S2,86,617.7312762235515,61566.68931527107,7388.002717832527,7.606028251872617,0.18067811027598998,0.38944757397186075,3.073213943327602e-07,0.10624919614240314,0.10942138248925873,0.38944757397186075,0.143313643010966,0.1549587557654614
S2,87,629.6669820614702,62196.35629733254,7463.562755679904,7.616307968961369,0.18144075699929257,0.3927329949164193,3.6247073142980923e-07,0.10631928512255372,0.10952724605302784,0.3927329949164193,0.1434595362347853,0.15516472266967687
S2,88,689.9551285510411,62886.31142588358,7546.357371106029,7.626592668373516,0.18220407436361422,0.3960184158609778,4.270937109529527e-07,0.10639075382302915,0.10963435519764576,0.3960184158609778,0.14360573127242565,0.15537111566399267
S2,89,767.1323385535619,63653.44376443714,7638.413251732456,7.636903081752885,0.18297085293264126,0.3993038368055363,5.027402418811278e-07,0.1064693433144273,0.10974789283406892,0.3993038368055363,0.14375348398308035,0.15557970772609345
S2,90,619.054606394114,64272.49837083126,7712.69980449975,7.647246418863548,0.18374206316997924,0.40258925775009485,5.912001362906594e-07,0.10655705014679952,0.1098696614033159,0.40258925775009485,0.14390323111207315,0.15579111543761268
S2,91,693.9816378735952,64966.48000870485,7795.977601044581,7.6575261359523,0.18450470989328183,0.4058746786946534,6.945379279477137e-07,0.1066271391269501,0.10997552496708501,0.4058746786946534,0.14404912433589245,0.15599708234182816
S2,92,782.371269747345,65748.85127845219,7889.862153414262,7.667837794765717,0.1852716561028036,0.4091600996392119,8.151323708238678e-07,0.10670607350777689,0.11008937396202015,0.4091600996392119,0.14419695249110967,0.15620578091389953
S2,93,620.0664535104611,66368.91773196265,7964.270127835517,7.678187119463631,0.1860436722937695,0.41244552058377043,9.557211875232952e-07,0.10679543844123421,0.11021263942808007,0.41244552058377043,0.1443470623297148,0.156417700686048
S2,94,620.4018134655842,66989.31954542822,8038.718345451387,7.688466836552384,0.18680631901707212,0.41573094152832896,1.1194516975621127e-06,0.10686552742138479,0.11031850299184918,0.41573094152832896,0.1444929555535341,0.15662366759026347
S2,95,661.8630638712287,67651.18260929946,8118.141913115935,7.6987465536411355,0.1875689657403747,0.4190163624728875,1.3099380274939065e-06,0.10693561640153537,0.1104243665556183,0.4190163624728875,0.14463884877735342,0.15682963449447895
S2,96,657.9166259227297,68309.0992352222,8197.091908226663,7.709043841647195,0.1883339775807026,0.422301783417446,1.5313256691573685e-06,0.10701057117417101,0.1105346228487142,0.422301783417446,0.14478580639327882,0.15703710406990307
S2,97,733.5375094424435,69042.63674466463,8285.116409359756,7.719339289231888,0.18909874169281968,0.42558720436200453,1.7883642371430142e-06,0.10708501629165901,0.11064441903646847,0.42558720436200453,0.1449326525221407,0.1572444162518257
S2,98,703.3859316703753,69746.02267633501,8369.522721160201,7.72966685663842,0.189867829263761,0.42887262530656306,2.0864893580663235e-06,0.10716835612904098,0.11076224517968258,0.42887262530656306,0.14508144437097936,0.15745447533253912
S2,99,622.1172929992631,70368.13996933427,8444.176796320113,7.739981387495884,0.1906351620621078,0.4321580462511216,2.4319147123863516e-06,0.10724808584514253,0.11087681218562966,0.4321580462511216,0.14522944650578795,0.15766341952285712
S2,100,721.985233003303,71090.12520233757,8530.81502428051,7.750261104584635,0.19139780878541038,0.4354434671956801,2.8317353533147127e-06,0.10731817482529311,0.11098267574939877,0.4354434671956801,0.14537533972960726,0.1578693864270726
S2,101,662.8662359820474,71752.99143831962,8610.358972598355,7.760583226744185,0.19216616340393267,0.43872888814023864,3.2940435252815092e-06,0.10740000674812611,0.11109914058086727,0.43872888814023864,0.14552380172213833,0.15807897982829294
S2,102,767.9208515758291,72520.91228989544,8702.509474787454,7.770879999993901,0.19293115377250036,0.44201430908479716,3.828058320221039e-06,0.10747505805555066,0.11120926818487739,0.44201430908479716,0.14567072815570833,0.15828640538156824
S2,103,663.7465595561974,73184.65884945163,8782.159061934197,7.78122132616209,0.1937020933287918,0.4452997300293557,4.444270628067848e-06,0.10756220801154516,0.1113305340185056,0.4452997300293557,0.1458203534679935,0.15849764111655906
S2,104,665.1632040631284,73849.82205351476,8861.978646421772,7.79151815379367,0.19446704320084007,0.4485851509739142,5.154604963308884e-06,0.10763703529586365,0.11144067521798184,0.4485851509739142,0.14596728319584953,0.1587050713205911
S2,105,732.916431883914,74582.73848539867,8949.928618247843,7.8018154241499085,0.19523205266543023,0.45187057191847274,5.972599883330432e-06,0.10771198518085662,0.11155092709862256,0.45187057191847274,0.1461142397426031,0.15891253938659616
S2,106,747.3906950823854,75330.12918048106,9039.615501657729,7.812141320787464,0.19600091534406325,0.45515599286303127,6.9136088582943955e-06,0.1077948623437527,0.11166833554959248,0.45515599286303127,0.14626293038139798,0.15912245558254187
S2,107,731.9354638514742,76062.06464433254,9127.447757319906,7.822473184357001,0.19677058119604088,0.4584414138075898,7.99502359749571e-06,0.10787939188781326,0.11178723573355809,0.4584414138075898,0.1464119824785726,0.15933288207267074
S2,108,625.3105836315339,76687.37522796408,9202.48502735569,7.832798305180375,0.19753933944692553,0.4617268347521483,9.236521995248381e-06,0.10796205420985884,0.1119044502309824,0.4617268347521483,0.14656062612093143,0.15954273192070673
S2,109,741.4079332997965,77428.78316126387,9291.453979351665,7.843078022269126,0.19830198617022815,0.46501225569670684,1.0660343022106389e-05,0.10803214319000942,0.11201031379475151,0.46501225569670684,0.14670651934475074,0.1597486988249222
S2,110,655.6556001961894,78084.43876146006,9370.132651375208,7.8534068011050895,0.19907123680450428,0.46829767664126537,1.2291591055535456e-05,0.10811581850015685,0.11212844279532333,0.46829767664126537,0.14685538457825684,0.15995886150751906
S2,111,729.1169599709077,78813.55572143097,9457.626686571717,7.863699067428824,0.19983557270594107,0.4715830975858239,1.415857232078821e-05,0.10818938265307193,0.11223744366783817,0.4715830975858239,0.14700203799611838,0.16016590162685299
S2,112,638.5044102177229,79452.06013164869,9534.247215797845,7.874022276997021,0.20060407369409566,0.4748685185303824,1.6293166292702388e-05,0.10827151570445345,0.11235418035146855,0.4748685185303824,0.14715056586051944,0.1603755880236545
S2,113,745.8374221710294,80197.89755381971,9623.747706458367,7.884306962161164,0.20136738914057778,0.47815393947494095,1.8731235095770238e-05,0.10834298045932751,0.11246128593408523,0.47815393947494095,0.1472967600350595,0.16058197979947578
S2,114,678.0328719750971,80875.93042579481,9705.11165109538,7.89463688268308,0.20213679345043262,0.4814393604194995,2.1513074125456555e-05,0.1084269719286619,0.11257970035614527,0.4814393604194995,0.14744569442838776,0.1607922401194686
S2,115,653.8354376210174,81529.76586341583,9783.571903609902,7.904937958083704,0.2029023150894928,0.484724781364058,2.468390731014125e-05,0.10850297551825422,0.11269090349788262,0.484724781364058,0.14759288147302244,0.16100003359424697
S2,116,768.6278991092704,82298.3937625251,9875.807251503014,7.915228643726412,0.2036664382248261,0.4880102023086165,2.8294430621134126e-05,0.10857610194411542,0.11279950920014048,0.4880102023086165,0.14773943913809093,0.1612069385331672
S2,117,744.780833931546,83043.17459645665,9965.1809515748,7.925567628095122,0.20443706256537114,0.49129562325317505,3.240140763216548e-05,0.10866260340179303,0.11292018958389927,0.49129562325317505,0.14788892259136927,0.16141797399661897
S2,118,699.3754952794717,83742.55009173612,10049.106011008336,7.935896356283198,0.20520630638223541,0.4945810441977336,3.706832112149172e-05,0.10874626468637177,0.11303830592249936,0.4945810441977336,0.14803778475678223,0.16162813234779022
S2,119,818.4235935549909,84560.97368529112,10147.316842234935,7.946205750449334,0.205973602023155,0.4978664651422921,4.236608489094351e-05,0.10882784324482704,0.11315158875561426,0.4978664651422921,0.14818547572663532,0.16183663724640635
S2,120,714.7297009524858,85275.70338624361,10233.084406349233,7.956565135193799,0.20674697233735503,0.5011518860868506,4.8373820162428416e-05,0.10891999403732901,0.1132773692333117,0.5011518860868506,0.14833619497190648,0.1620494173573774
S2,121,744.256084719093,86019.9594709627,10322.395136515524,7.9668806389660904,0.2075144360939997,0.5044373070314091,5.517970107793424e-05,0.10899999317599832,0.11339217946796577,0.5044373070314091,0.14848425604290175,0.16225844475172368
S2,122,760.5574730862229,86780.51694404893,10413.662033285871,7.977208388580313,0.20828357681544593,0.5077227279759676,6.288187399072775e-05,0.1090835265939331,0.11351005116310249,0.5077227279759676,0.14863305892932166,0.16246851941490476
S2,123,713.4047399346683,87493.9216839836,10499.270602078032,7.987542804693391,0.20905367078371126,0.5110081489205262,7.15894553829921e-05,0.10916918566386595,0.11362958948295324,0.5110081489205262,0.14878226565172997,0.1626791641994812
S2,124,778.0310650310074,88271.95274901461,10592.634329881752,7.997857203201299,0.20982168823900907,0.5142935698650847,8.142361336915815e-05,0.10925239108802237,0.11374412340151134,0.5142935698650847,0.14893025976920968,0.16288809707121726
S2,125,724.3677571324533,88996.32050614707,10679.558460737646,8.00819856971441,0.210593104226055,0.5175789908096432,9.251873785398601e-05,0.10934190721727521,0.11386539932137008,0.5175789908096432,0.14907988752546608,0.16309933625652043
S2,126,734.3751070062925,89730.69561315335,10767.683473578401,8.018517203156499,0.2113612528207574,0.5208644117542017,0.00010502370449638754,0.10942409089252322,0.11398099197347353,0.5208644117542017,0.14922813818222794,0.1633086313013607
S2,127,837.9422193228859,90568.63783247623,10868.236539897147,8.028839848970588,0.2121305445467725,0.5241498326987603,0.00011910323768316022,0.10951040093467947,0.11409758771857646,0.5241498326987603,0.14937663189613967,0.16351826948570666
S3,0,746.4639029501752,746.4639029501752,89.57566835402102,9.218058636622363,0.11453817086314688,0.1369108799569013,4.9960036108132044e-15,0.09901024103838318,0.09933862960071992,0.10690137273982755,0.13052973097990236,0.1369108799569013
S3,1,722.502668430408,1468.9665713805832,176.27598856567,9.227208082768954,0.1152211358140384,0.1370848869176739,6.217248937900877e-15,0.09912175653325091,0.09946993364250127,0.10977611606631626,0.13065298591044963,0.1370848869176739
S3,2,646.4401361317556,2115.406707512339,253.84880490148066,9.23634492068539,0.11590166657993164,0.1372578156180395,7.771561172376096e-15,0.09922609518886141,0.09959808562674366,0.11265085939280498,0.1307754770732086,0.1372578156180395
S3,3,608.1662266268825,2723.5729341392216,326.8287520967066,9.245441964836331,0.11657770635531362,0.13742734114117502,9.658940314238862e-15,0.09932374109439071,0.09971628916961238,0.11552560271929369,0.13089555765209626,0.13742734114117502
S3,4,539.0016585572595,3262.574592696481,391.50895112357773,9.254518955408368,0.11725109461339138,0.13759515167498357,1.2101430968414206e-14,0.0994160725815582,0.09982947931775543,0.1184003460457824,0.1310144234468773,0.13759515167498357
S3,5,646.4732876675198,3909.047880364001,469.08574564368007,9.263559788399778,0.11791808898015413,0.137759869999408,1.4988010832439613e-14,0.09949075653167223,0.09993363007074127,0.1212750893722711,0.13113109892667796,0.137759869999408
S3,6,778.7276975709286,4687.775577934929,562.5330693521915,9.272656609006944,0.11859290224103776,0.137929376404999,1.865174681370263e-14,0.09958235840979204,0.10005177772766632,0.12414983269875982,0.13125116596397157,0.137929376404999
S3,7,685.7931045631616,5373.56868249809,644.8282418997709,9.281822306897249,0.11927766890043345,0.13810477322077694,2.3092638912203256e-14,0.09969644517561818,0.10018714470537601,0.12702457602524853,0.1313754053751476,0.13810477322077694
S3,8,637.9425570013105,6011.511239499401,721.3813487399282,9.290939450215134,0.11995562465405127,0.13827601763194525,2.853273173286652e-14,0.09979570974686792,0.10031037303998078,0.12989931935173724,0.13149670349972514,0.13827601763194525
S3,9,682.0363767553805,6693.547616254782,803.2257139505739,9.300031564321287,0.12063031640622775,0.13844512153586583,3.5416114485542494e-14,0.09988856831372576,0.10042734407165237,0.13277406267822595,0.13161648543166887,0.13844512153586583
S3,10,587.207056670564,7280.754672925346,873.6905607510416,9.309146568253608,0.12130761416515341,0.13861618298600614,4.374278717023117e-14,0.09998539031632887,0.10055003755986583,0.13564880600471466,0.1317376539588516,0.13861618298600614
S3,11,642.2368454698337,7922.99151839518,950.7589822074217,9.318212085051096,0.12197908879686244,0.1387830122784618,5.4067861299245124e-14,0.10007269840260123,0.10066035926437145,0.13852354933120337,0.13185582470767435,0.1387830122784618
S3,12,657.8138857908234,8580.805404186003,1029.6966485023204,9.327306182597603,0.12265431158554932,0.14139829265769208,6.683542608243442e-14,0.10016742651667145,0.10077782615613173,0.14139829265769208,0.13197572679033187,0.13895228580691948
S3,13,646.8727336261353,9227.678137812138,1107.3213765374567,9.336408303410883,0.1233302039427504,0.1442730359841808,8.248957072964913e-14,0.10026232447912657,0.10089729886458516,0.1442730359841808,0.1320961148978035,0.13912224548805593
S3,14,684.3986469716319,9912.07678478377,1189.4492141740525,9.345504639985448,0.12400581380209938,0.1471477793106695,1.0180745135812685e-13,0.10035810107357288,0.10101532551335962,0.1471477793106695,0.1322161526138914,0.13929171049900355
S3,15,661.6230384750093,10573.69982325878,1268.8439787910536,9.35462041462067,0.12468365706272025,0.1500225226371582,1.254552017826427e-13,0.10045734531132398,0.10113821167729913,0.1500225226371582,0.1323373678278847,0.1394628378599352
S3,16,673.9810252407226,11247.680848499502,1349.7217018199403,9.36372424553455,0.12535916909528383,0.15289726596364692,1.5443202272535927e-13,0.10054966428438684,0.10125811191090257,0.15289726596364692,0.13245785952798883,0.139632943789494
S3,17,609.6854299402689,11857.366278439771,1422.8839534127726,9.372834411984497,0.12603611647161306,0.15577200929013563,1.900701818158268e-13,0.10064665048764285,0.10137959602852241,0.15577200929013563,0.13257873501537387,0.13980359153639055
S3,18,679.7158544755248,12537.082132915297,1504.4498559498356,9.381911054689358,0.12670789614761943,0.15864675261662434,2.3370194668359545e-13,0.10073107685369798,0.10149269920987104,0.15864675261662434,0.13269757973743165,0.13997137232047213
S3,19,710.7751331653113,13247.857266080608,1589.742871929673,9.391024015782211,0.12738539137463206,0.16152149594311305,2.871036741680655e-13,0.10082969535990242,0.10161488198821798,0.16152149594311305,0.13281862451568519,0.14014225906624184
S3,20,589.7766206341095,13837.633886714717,1660.516066405766,9.400153019825964,0.12806452785969036,0.16439623926960176,3.524958103184872e-13,0.1009301655870392,0.10174107550428972,0.16439623926960176,0.13294064112654128,0.14031451781097984
S3,21,591.2408336503804,14428.874720365096,1731.4649664438116,9.409219061504935,0.12873507713408022,0.16727098259609047,4.3243186809149847e-13,0.10101263898258607,0.10185152842916569,0.16727098259609047,0.13305884367106915,0.1404813919914898
S3,22,690.5768013143734,15119.45152167947,1814.3341826015364,9.41828578289199,0.12940552136030653,0.17014572592257918,5.300204719560497e-13,0.10109431790678756,0.10196215128106312,0.17014572592257918,0.13317708739022147,0.14064832430088128
S3,23,618.5622784665884,15738.013800146058,1888.561656017527,9.427404001095617,0.13008372802332147,0.1730204692490679,6.492584248007915e-13,0.10119441126569906,0.1020856483371032,0.1730204692490679,0.1332984506280699,0.14081966063666726
S3,24,689.2948751260881,16427.308675272147,1971.2770410326575,9.436484736659612,0.1307561438213139,0.1758952125755566,7.946976410266871e-13,0.1012803970712934,0.10219977473323538,0.1758952125755566,0.13341754328294061,0.1409877914435436
S3,25,602.700561241979,17030.009236514124,2043.601108381695,9.445602090992287,0.13143340344821813,0.1787699559020453,9.717782134543995e-13,0.1013760974265896,0.10232305582153775,0.1787699559020453,0.13353885419014488,0.14115905390077316
S3,26,687.3655214136248,17717.374757927748,2126.08497095133,9.454674419372843,0.1321046023986035,0.18164469922853402,1.18760556944153e-12,0.10145932905668348,0.10243508042181025,0.18164469922853402,0.13365743756371115,0.14132646572227847
S3,27,624.7121749297688,18342.086932857517,2201.0504319429024,9.463790574344834,0.13278201464975203,0.18451944255502273,1.4501733147653795e-12,0.10155626759671196,0.10255806166994165,0.18451944255502273,0.13377867581733555,0.14149762560974818
S3,28,628.439130411056,18970.526063268575,2276.4631275922293,9.472874141122563,0.13345491549222577,0.18739418588151144,1.7694734566475745e-12,0.10164355718863922,0.10267289586950733,0.18739418588151144,0.13389793997842286,0.1416659985430479
S3,29,686.2209606335184,19656.747023902095,2358.8096428682516,9.481959549477187,0.13412804932717176,0.19026892920800015,2.1572743591491417e-12,0.10173128229931958,0.10278819046329662,0.19026892920800015,0.13401731569657205,0.14183452896867027
S3,30,596.0015154122125,20252.748539314307,2430.329824717717,9.491074809748055,0.1348051721159081,0.19314367253448886,2.628230966195133e-12,0.1018271279159735,0.10291094803614687,0.19314367253448886,0.13413849975195521,0.14200561234097595
S3,31,567.4773958621829,20820.22593517649,2498.427112221179,9.500143227325204,0.1354768261418341,0.19601841586097757,3.199440712364776e-12,0.10191418398238235,0.1030219949355679,0.19601841586097757,0.13425684622108439,0.14217268970915833
S3,32,588.0922276725494,21408.318162849042,2568.998179541885,9.50919678507641,0.13614549848906748,0.19889315918746628,3.891775790521024e-12,0.10199221759204093,0.10312932687850299,0.19889315918746628,0.13437429252768043,0.14233849625964687
S3,33,627.4751520554678,22035.79331490451,2644.295197788541,9.518260935593048,0.1368155966656659,0.201767902513955,4.7303272410204045e-12,0.10207318458289587,0.10323930701279589,0.201767902513955,0.13449238051141318,0.14250520870726957
S3,34,533.077175247072,22568.87049015158,2708.2644588181897,9.527345386593398,0.13748842737004358,0.2046426458404437,5.74518210783026e-12,0.10215977324616338,0.10335436226801682,0.2046426458404437,0.13461169823598618,0.14267365725960793
S3,35,632.2701568288771,23201.140646980457,2784.136877637655,9.536380895060294,0.13815472654333155,0.2075173891669324,6.9723116169484456e-12,0.10223309025860822,0.10345718188987398,0.2075173891669324,0.13472805117247488,0.14283792022876846
S3,36,576.5207087927204,23777.661355773176,2853.3193626927814,9.545467643951383,0.13882815028507817,0.21039213249342112,8.455125488637805e-12,0.10232173392043674,0.10357281161777979,0.21039213249342112,0.13484750809619844,0.14300656529755468
S3,37,652.1539162376525,24429.81527201083,2931.5778326412997,9.554525464558326,0.1394973964300537,0.21326687581990983,1.0245471138148332e-11,0.1024009480132223,0.10368120927464895,0.21326687581990983,0.13496521263347852,0.1431727364090089
S3,38,513.1050910512025,24942.920363062032,2993.1504435674437,9.56362230598149,0.14017189493580093,0.21614161914639854,1.2405187987951649e-11,0.10249096787049991,0.10379936213557343,0.21614161914639854,0.13508528093174121,0.14334224459479156
S3,39,559.9579827349207,25502.878345796955,3060.345401495634,9.572647174792806,0.1408367056348923,0.21901636247288725,1.5008772003000104e-11,0.10256105685065049,0.10389952184353601,0.21901636247288725,0.13520098935063238,0.14350559765675555
S3,40,516.9701496815978,26019.848495478553,3122.381819457426,9.581696180888153,0.14150476531071096,0.22189110579937596,1.8144818980658783e-11,0.10263783000176355,0.10400571587250639,0.22189110579937596,0.1353181599319216,0.14367101494798737
S3,41,554.8646166439066,26574.71311212246,3188.965573454695,9.590722896835084,0.14216982464177833,0.22476584912586467,2.1919244197476928e-11,0.10270843049639188,0.10410633736437248,0.22476584912586467,0.13543398024460476,0.14383452597765772
S3,42,602.6445540328078,27177.35766615527,3261.282919938632,9.599769108324118,0.14283750815220628,0.22764059245235338,2.6458613078261806e-11,0.10278442975652559,0.10421183274176428,0.22764059245235338,0.13555098153724224,0.14399970427314593
S3,43,581.5059193117604,27758.86358546703,3331.0636302560433,9.608839906273843,0.14350850110036945,0.2305153357788421,3.1913360842850125e-11,0.10286723757500511,0.10432347473432939,0.2305153357788421,0.13566947220201786,0.1441669852116527
S3,44,576.6167385733468,28335.480324040374,3400.2576388848447,9.617899701458295,0.14417801303151892,0.2333900791053308,3.84632325989287e-11,0.10294699847387001,0.10443236603557574,0.2333900791053308,0.13578729635312778,0.14433332518969025
S3,45,579.5112277019522,28914.991551742325,3469.798986209079,9.626956885532184,0.1448471734965532,0.2362648224318195,4.6321835256435406e-11,0.1030260362959638,0.10454060455918149,0.2362648224318195,0.13590496233119403,0.1444994418646073
S3,46,594.8002748483934,29509.791826590717,3541.1750191908864,9.636015475000816,0.14551652313344307,0.23913956575830822,5.574329886570695e-11,0.10310546330429374,0.10464919443147266,0.23913956575830822,0.13602271344374944,0.1446656787293914
S3,47,537.6768034338255,30047.46863002454,3605.6962356029453,9.6450818602919,0.14618692211978287,0.24201430908479693,6.70294930671389e-11,0.10318704915576461,0.10475973325937718,0.24201430908479693,0.13614093680324194,0.14483258229573373
S3,48,615.3309407973718,30662.799570821913,3679.5359484986298,9.654118704193724,0.14685334471482406,0.24488905241128564,8.053890887538273e-11,0.10326045431482522,0.10486288673996687,0.24488905241128564,0.13625737063626966,0.14499695947177288
S3,49,612.049683533646,31274.84925435556,3752.9819105226675,9.663195488792939,0.14752514349038828,0.24776379573777435,9.66969837534748e-11,0.1033449199747014,0.10497602539490394,0.24776379573777435,0.13637622395385082,0.14516475239071097
S3,50,598.0577422071588,31872.906996562717,3824.7488395875266,9.672270485941324,0.14819670166779164,0.25063853906426303,1.1600764793229246e-10,0.10342889064819397,0.1050887171871336,0.25063853906426303,0.13649496899316055,0.14533239244620708
S3,51,604.7985128139568,32477.705509376672,3897.3246611252016,9.68133817966473,0.14886727677445047,0.2535132823907517,1.3906809037678158e-10,0.10351083883476948,0.1051995831231187,0.2535132823907517,0.13661327161345718,0.14549940791015525
S3,52,591.6952013027881,33069.40071067946,3968.328085281536,9.690409250199673,0.14953830641369395,0.2563880257172404,1.6658474599751116e-10,0.10359372213838615,0.10531129326198817,0.2563880257172404,0.13673177879060655,0.14566671216024848
S3,53,670.7926359929371,33740.1933466724,4048.8232016006887,9.699473479884633,0.15020841524667086,0.2592627690437291,1.9939305762051163e-10,0.10367471105277634,0.1054212931883615,0.2592627690437291,0.13684987157011264,0.14583343137837473
S3,54,571.9158450075263,34312.10919167993,4117.453103001591,9.708578319450627,0.15088399033501448,0.26213751237021776,2.3848001351467474e-10,0.10376694578037582,0.10554144558499322,0.26213751237021776,0.13697042437125825,0.14600362356822735
S3,55,560.7809614875429,34872.89015316747,4184.746818380097,9.717632183149473,0.15155270386404626,0.26501225569670644,2.8501068172204214e-10,0.10384506411399647,0.10564885401483849,0.26501225569670644,0.137087889211221,0.1461694562834689
S3,56,539.2348706197497,35412.12502378722,4249.455002854466,9.72668023014095,0.15222063444057787,0.2678869990231951,3.4035929630249484e-10,0.10392157166711422,0.10575480826784088,0.2678869990231951,0.13720500169294875,0.1463347915517904
S3,57,525.4649748393521,35937.58999862657,4312.510799835189,9.735717111454784,0.15288706207142794,0.2707617423496838,4.061452285597511e-10,0.10399498718642373,0.10585797110143305,0.2707617423496838,0.13732143779228093,0.1464991719273182
S3,58,516.1840472457556,36453.77404587233,4374.452885504679,9.744746831043468,0.15355252570490738,0.2736364856761725,4.842755085832096e-10,0.10406641945876857,0.10595934350373767,0.2736364856761725,0.1374374400563396,0.14666293982951867
S3,59,530.4235042110998,36984.19755008343,4438.103706010012,9.753771699854784,0.1542173364039988,0.2765112290026612,5.769937860833352e-10,0.10413650843891915,0.10605950321170025,0.2765112290026612,0.13755314847523076,0.14682629289148266
S3,60,567.4693672361684,37551.6669173196,4506.200030078352,9.762803802082304,0.15488312075036853,0.27938597232914986,6.869375068774275e-10,0.10420860051894143,0.10616147127371367,0.27938597232914986,0.13766929507221887,0.1469902645578188
S3,61,585.4938502555838,38137.16076757518,4576.4592921090225,9.771854843298737,0.15555145436177295,0.28226071565563854,8.17204748315703e-10,0.10428593724204714,0.10626817408295519,0.28226071565563854,0.13778658893488147,0.14715585589334249
S3,62,571.7631230935732,38708.92389066875,4645.070866880251,9.780915045613302,0.15622102109429373,0.2851354589821272,9.71431490803809e-10,0.1043658108846358,0.10637716716672993,0.2851354589821272,0.13790443774868097,0.14732223068929473
S3,63,533.39562933636,39242.31952000511,4709.078342400614,9.78996810636168,0.15688962654292268,0.2880102023086159,1.1538815458678187e-09,0.10444370686274243,0.1064843748589584,0.2880102023086159,0.13802185394837502,0.14748799473592164
S3,64,609.9058655703444,39852.22538557545,4782.267046269056,9.799001391462244,0.15755557010882118,0.2908849456351046,1.3695503620070326e-09,0.10451612650760746,0.10658663863923264,0.2908849456351046,0.13813807220017246,0.14765206756198865
S3,65,601.9873135905226,40454.212699165975,4854.505523899918,9.80807382885626,0.15822678373286214,0.29375968896159327,1.6242864830928738e-09,0.10459938832604411,0.10669869049287015,0.29375968896159327,0.1382566621774387,0.14781948870636452
S3,66,559.9328499802939,41014.14554914627,4921.697465897554,9.817142105106129,0.15889743724995503,0.29663443228808195,1.92493099238078e-09,0.10468149782763982,0.10680970206047069,0.29663443228808195,0.138375000085396,0.14798655398818658
S3,67,536.6922953342159,41550.837844480484,4986.10054133766,9.826188727792939,0.15956517610927823,0.29950917561457063,2.2794793830271942e-09,0.10475761095792696,0.10691530023730655,0.29950917561457063,0.13849202628712953,0.14815176744945746
S3,68,591.9928431769811,42142.830687657464,5057.139682518898,9.835223351421886,0.16023129984654846,0.3023839189410593,2.6972687416915164e-09,0.10483040127219112,0.10701789864967723,0.3023839189410593,0.13860832562285805,0.14831595474695655
S3,69,575.0077354615588,42717.83842311902,5126.140610774285,9.844286211728818,0.16090122435566612,0.305258662267548,3.1891936869143933e-09,0.10491101097420431,0.10712755623154355,0.305258662267548,0.13872633544965665,0.14848255685537812
S3,70,518.1554265845851,43235.993849703606,5188.319261964435,9.853340276294848,0.16156996492223868,0.3081334055940367,3.767955392142142e-09,0.10498918493258316,0.10723501487818443,0.3081334055940367,0.13884381245753524,0.1486484067488538
S3,71,562.7130950632024,43798.70694476681,5255.84483337202,9.862365145106164,0.16223477562133004,0.31100814892052536,4.448349133490126e-09,0.10505927391273374,0.10733517458614701,0.31100814892052536,0.1389595208764264,0.1488117598108178
S3,72,577.8837457794915,44376.590690546305,5325.190882865559,9.871412728925959,0.1629026438530673,0.31388289224701404,5.247595025181795e-09,0.10513565320292466,0.10744101304622934,0.31388289224701404,0.1390766053006389,0.14897705546852955
S3,73,523.8966246801738,44900.48731522648,5388.05847782718,9.880467978903857,0.16357154398090476,0.3167576355735027,6.185718826046127e-09,0.10521415542920548,0.10754876804583728,0.3167576355735027,0.13919415411712105,0.1491430067388573
S3,74,574.4207381503418,45474.90805337682,5456.988966405221,9.889495525052732,0.1642367150605348,0.3196323788999914,7.2859890343224265e-09,0.10528498582591087,0.10764959708818962,0.3196323788999914,0.13931002472088358,0.14930658876769853
S3,75,519.0005489896884,45993.90860236651,5519.2690322839835,9.898548811847192,0.16490535093588665,0.3225071222264801,8.575420151757385e-09,0.10536294440139347,0.10775686129193805,0.3225071222264801,0.13942745461375364,0.149472372145868
S3,76,627.7595671673852,46621.66816953389,5594.6001803440695,9.907573680658508,0.16557016163497804,0.3253818655529688,1.0085349222421769e-08,0.10543303338154406,0.10785702099990063,0.3253818655529688,0.1395431630326448,0.149635725207832
S3,77,623.8093896878347,47245.47755922173,5669.45730710661,9.91665402295943,0.16624243929168026,0.32825660887945746,1.1852096748476981e-08,0.10551848425112337,0.10797104908026416,0.32825660887945746,0.1396622318648485,0.1498038223827078
S3,78,554.2682894689765,47799.745848690705,5735.9695018428865,9.925732238633984,0.16691443069581313,0.33113135220594614,1.3917724084322458e-08,0.10560334620878593,0.10808454550403616,0.33113135220594614,0.13978117187257041,0.14997173768772698
S3,79,583.1315917563136,48382.87744044702,5805.945292853644,9.934774844567986,0.1675816288838508,0.3340060955324348,1.63309004097556e-08,0.10567834700752665,0.1081891394926704,0.3340060955324348,0.1398979547517782,0.15013660763484382
S3,80,519.8729724334631,48902.75041288048,5868.33004954566,9.94383208607731,0.16825079707992838,0.3368808388589235,1.914789282686513e-08,0.10575740073481753,0.10829739237513464,0.3368808388589235,0.1400156242091063,0.15030272922166
S3,81,520.0450540354107,49422.79546691589,5930.735456029909,9.952856954888626,0.1689156077790198,0.3397555821854122,2.243369867649392e-08,0.10582748971496811,0.10839755208309722,0.3397555821854122,0.14013133262799746,0.150466082283624
S3,82,553.5535216120469,49976.34898852794,5997.161878623355,9.961881823699942,0.16958041847811117,0.34263032551190087,2.626333606148279e-08,0.10589757869511869,0.1084977117910598,0.34263032551190087,0.14024704104688862,0.15062943534558798
S3,83,520.3935927070731,50496.74258123501,6059.609109748204,9.970923687777695,0.17024751680927647,0.34550506883838955,3.072331689057961e-08,0.10597237405674405,0.10860212031563156,0.34550506883838955,0.1403637789867274,0.1507942418488898
S3,84,601.4223761324196,51098.16495736743,6131.779794884094,9.979948556589012,0.17091232750836788,0.34837981216487823,3.5913323204184167e-08,0.10604246303689463,0.10870228002359414,0.34837981216487823,0.14047948740561855,0.15095759491085378
S3,85,661.7489865443789,51759.91394391181,6211.1896732694195,9.989014619160425,0.1715826830553257,0.3512545554913669,4.1948115869772096e-08,0.10612395951984128,0.10881273817158096,0.3512545554913669,0.14059769121574636,0.15112447087809305
S3,86,520.9335906526481,52280.847534564455,6273.7017041477375,9.998111300013157,0.1722571599476389,0.3541292988178556,4.89597037356404e-08,0.10621393491146082,0.10893085088989746,0.3541292988178556,0.14071774978714638,0.15129396533183423
S3,87,530.8991210785875,52811.746655643045,6337.409598677168,10.007136168824474,0.1729219706467303,0.3570040421443443,5.7099808214999825e-08,0.1062840238916114,0.10903101059786004,0.3570040421443443,0.14083345820603754,0.15145731839379822
S3,88,581.6207757406481,53393.36743138369,6407.204091766046,10.016166019959185,0.1735874519868407,0.35987878547083296,6.654265927164005e-08,0.10635549259208683,0.10913241588667144,0.35987878547083296,0.14094946843874978,0.15162109754586256
S3,89,646.5577336502961,54039.92516503399,6484.791019804082,10.025221585061118,0.1742563945316566,0.36275352879732164,7.748816577279882e-08,0.10643408208348498,0.10924024966728808,0.36275352879732164,0.14106703634447637,0.15178707576571185
S3,90,521.6557790853576,54561.58094411934,6547.389713294325,10.034310073894346,0.17492976874478333,0.3656282721238103,9.016550639451282e-08,0.1065217889158572,0.10935631438072854,0.3656282721238103,0.14118659866854102,0.1519558696349796
S3,91,584.6820018186049,55146.262945937946,6617.551553512558,10.04333494270566,0.17559457944387474,0.368503015450299,1.0483719203868702e-07,0.10659187789600778,0.10945647408869112,0.368503015450299,0.1413023070874322,0.15211922269694358
S3,92,659.0242523722952,55805.28719831024,6696.634463797233,10.052391753241642,0.17626368962918534,0.3713777587767877,1.2180365993597064e-07,0.10667081227683457,0.10956461922781972,0.3713777587767877,0.1414199504377213,0.15228530742676347
S3,93,522.20816838118,56327.495366691415,6759.299444002975,10.061486229662123,0.17693786979594003,0.3742525021032764,1.4140846060772816e-07,0.10676017721029189,0.10968218083807312,0.3742525021032764,0.14153987547139832,0.15245461335666044
S3,94,522.3889169868979,56849.884283678315,6821.986114041403,10.070511098473437,0.17760268049503142,0.37712724542976506,1.6404411129489205e-07,0.10683026619044247,0.1097823405460357,0.37712724542976506,0.14165558389028948,0.15261796641862443
S3,95,557.1910222406079,57407.07530591892,6888.849036710276,10.079535967284754,0.17826749119412283,0.38000198875625374,1.9015869490157655e-07,0.10690035517059306,0.10988250025399827,0.38000198875625374,0.14177129230918065,0.15278131948058843
S3,96,553.7602267843921,57960.83553270331,6955.300263924403,10.088578407013378,0.17893466701023955,0.3828767320827424,2.2026329005164769e-07,0.1069753099432287,0.10998705269128764,0.3828767320827424,0.14188806512017793,0.15294617521376105
S3,97,617.2878533930001,58578.12338609631,7029.374806331563,10.097619006320635,0.1796015950981454,0.3857514754092311,2.549403319562771e-07,0.10704975506071669,0.11009114502323539,0.3857514754092311,0.14200472644411166,0.1531108735534322
S3,98,591.7982503027445,59169.921636399056,7100.390596367893,10.106691725449732,0.18027284664487556,0.3886262187357198,2.948530093416224e-07,0.10713309489809866,0.11020326731064298,0.3886262187357198,0.1421233334880222,0.15327831879189413
S3,99,523.3187230061218,59693.24035940518,7163.188843128627,10.115751408029759,0.1809423434190111,0.39150096206220847,3.407558164525426e-07,0.10721282461420022,0.11031213046078352,0.39150096206220847,0.14224115081790265,0.15344464913996064
S3,100,607.2050730738398,60300.44543247902,7236.053451897488,10.124776276841075,0.1816071541181025,0.39437570538869715,3.935063909166203e-07,0.1072829135943508,0.1104122901687461,0.39437570538869715,0.1423568592367938,0.15360800220192464
S3,101,557.3734779168869,60857.81891039591,7302.938269247515,10.13384355072319,0.18227767271241363,0.39725044871518583,4.540787806872615e-07,0.1073647455171838,0.11052305114440808,0.39725044871518583,0.14247513642439674,0.1537749817608935
S3,102,645.5789980681986,61503.39790846411,7380.407749015699,10.14288547569547,0.18294477924023025,0.4001251920416745,5.23578298161631e-07,0.10743955774190904,0.11062747489261168,0.4001251920416745,0.14259187805303863,0.15393979347191733
S3,103,557.8893188469115,62061.28722731102,7447.354467277328,10.151971953586223,0.18361788277231048,0.4029999353681632,6.032581347792387e-07,0.10752670769790354,0.11074303687043335,0.4029999353681632,0.14271131856039565,0.15410841536465666
S3,104,558.9664516986148,62620.253679009635,7514.430441481161,10.161013932940367,0.18428499662014758,0.4058746786946519,6.945379279477137e-07,0.10760153498222202,0.11084747421410307,0.4058746786946519,0.14282806348332355,0.15427323172643723
S3,105,615.7768579963779,63236.030537006016,7588.323664440727,10.17005635501917,0.18495217006052653,0.40874942202114056,7.990244862421392e-07,0.107676484867215,0.11095202223893726,0.40874942202114056,0.142944835225149,0.1544380859501908
S3,106,627.8096915885183,63863.840228594534,7663.660827431349,10.17912740337929,0.18562319671494834,0.41162416534762925,9.185349049145586e-07,0.10775936203011108,0.11106372683410064,0.41162416534762925,0.14306334105901575,0.154605388303885
S3,107,614.701462194452,64478.54169078899,7737.4250028946835,10.188204418671393,0.1862950265427148,0.4144989086741179,1.0551223168508983e-06,0.10784389157417164,0.11117692316225973,0.4144989086741179,0.14318220835126222,0.1547732009517624
S3,108,525.046626119336,65003.588316908324,7800.430598029004,10.19727469121733,0.18696594876938824,0.4173736520006066,1.211104556197995e-06,0.10792655389621722,0.11128843380387753,0.4173736520006066,0.14330066718869292,0.15494043695754692
S3,109,622.3989882979863,65625.9873052063,7875.1184766247625,10.206299560028647,0.18763075946847962,0.4202483953270953,1.3890960265383612e-06,0.1079966428763678,0.1113885935118401,0.4202483953270953,0.14341637560758408,0.1551037900195109
S3,110,550.2972520991971,66176.28455730551,7941.154146876666,10.215373490587174,0.1883021740785446,0.423123138653584,1.5920431017946157e-06,0.10808031818651523,0.11150101865660539,0.423123138653584,0.14353505603616207,0.1552713388598563
S3,111,611.8257426336506,66788.11029993916,8014.573235992704,10.224410908633473,0.1889686739557702,0.42599788198007266,1.8232634059200947e-06,0.10815388233943031,0.1116043156733137,0.42599788198007266,0.14365152464909547,0.15543576513693877
S3,112,535.6776326422063,67323.78793258137,8078.854551909769,10.233479269924235,0.1896393389197136,0.42887262530656134,2.0864893580663235e-06,0.10823601539081183,0.11171534850113755,0.42887262530656134,0.14376986770856842,0.1556028376914888
S3,113,625.5929898804319,67949.3809224618,8153.925710695421,10.24250910681094,0.1903048183419845,0.43174736863305,2.3859163919004445e-06,0.10830748014568589,0.11181675022794772,0.43174736863305,0.14388587707818035,0.15576661562505859
S3,114,568.6000011488053,68517.98092361061,8222.157710833279,10.25158417905542,0.19097638662762811,0.4346221119595387,2.726256299490082e-06,0.10839147161502027,0.11192946079420123,0.4346221119595387,0.14400462666658048,0.15593426210279995
S3,115,548.1913029954379,69066.17222660605,8287.940667192732,10.26063040617861,0.1916440722424772,0.4374968552860274,3.1127961823695927e-06,0.1084674752046126,0.11203496008013204,0.4374968552860274,0.14412162890628705,0.15609944173532686
S3,116,644.2981261165075,69710.47035272256,8365.256442326712,10.269666243543881,0.19231035935359925,0.44037159861251607,3.5514635319255916e-06,0.1085406016304738,0.11213786192658337,0.44037159861251607,0.14423800176642743,0.15626373283199563
S3,117,624.1753559597659,70334.64570868234,8440.157485041884,10.278750379635156,0.19298314766993308,0.44324634193900475,4.04889800131869e-06,0.1086271030881514,0.11225283845453563,0.44324634193900475,0.14435730041477762,0.15643215445319592
S3,118,585.9970129550582,70920.6427216374,8510.47712659649,10.287824259545797,0.1936545554625862,0.44612108526549343,4.612530475234244e-06,0.10871076437273015,0.11236525093732919,0.44612108526549343,0.14447597777526244,0.15659969896211567
S3,119,685.5976332766095,71606.24035491401,8592.748842589683,10.296878805434496,0.19432380213534448,0.4489958285919821,5.250670087497689e-06,0.10879127821143487,0.11247282991463756,0.4489958285919821,0.1445934839401874,0.1567655900184803
S3,120,598.6039561111593,72204.84431102517,8664.581317323022,10.305983341901527,0.1949993364253333,0.4518705719184708,5.972599883330432e-06,0.10888342900393684,0.11259290653652847,0.4518705719184708,0.14471401838053044,0.15693575628719988
S3,121,623.1974646140321,72828.0417756392,8739.365013076706,10.315043997396383,0.19566896415776677,0.4547453152449595,6.7886818756468514e-06,0.10896342814260615,0.112702012915376,0.4547453152449595,0.14483189464659757,0.15710216983929468
S3,122,636.7085153570074,73464.7502909962,8815.770034919546,10.32411689873317,0.19634024023039406,0.45762005857144816,7.710472292199455e-06,0.1090468184375024,0.1128141807547062,0.45762005857144816,0.14495051272808934,0.15726963066022426
S3,123,597.1035583107664,74061.85384930698,8887.422461916838,10.333196466568811,0.197012413640916,0.46049480189793685,8.750847868443934e-06,0.10913205483977417,0.11292801521875041,0.46049480189793685,0.14506953464556951,0.1574376616025492
S3,124,651.0509719710905,74712.90482127808,8965.54857855337,10.342256016799285,0.1976823821280525,0.4633695452244255,9.92414409350939e-06,0.10921419554418005,0.113036845281502,0.4633695452244255,0.1451873439581211,0.1576039806320338
S3,125,606.0124796145915,75318.91730089267,9038.270076107121,10.35134253503496,0.19835574914693713,0.4662442885509142,1.1246306377388215e-05,0.10930264695368234,0.11315241734555422,0.4662442885509142,0.14530678690944937,0.15777260597508547
S3,126,614.2484341901455,75933.16573508282,9111.979888209939,10.360406320199614,0.19902584877347823,0.4691190318774029,1.2735055165080666e-05,0.10938376590917981,0.11326230614185114,0.4691190318774029,0.14542485276128309,0.15793928717767425
S3,127,700.7185270502547,76633.88426213307,9196.06611145597,10.369474117736265,0.19969709153133203,0.4719937752038916,1.4410066086378848e-05,0.10946901123158549,0.11337319803114755,0.4719937752038916,0.14554316167026668,0.15810631151976873
S4,0,697.4268134570864,697.4268134570864,83.69121761485036,14.847851559004884,0.11453817086314688,0.1369108799569013,4.9960036108132044e-15,0.09901024103838318,0.09933862960071992,0.10690137273982755,0.13052973097990236,0.1369108799569013
S4,1,675.0145297678803,1372.4413432249667,164.692961186996,14.856317953102355,0.11517231181300713,0.13708369157194092,6.217248937900877e-15,0.09911909212157613,0.09946682886045982,0.10955257175933168,0.13063937475172713,0.13708369157194092
S4,2,603.9283982048479,1976.3697414298144,237.16436897157774,14.86477173896967,0.11580401857786912,0.13725542492657355,7.549516567451064e-15,0.09922076636551186,0.09959187606266075,0.11220377077883581,0.13074825475576363,0.13725542492657355
S4,3,568.1493242511067,2544.519065680921,305.34228788171055,14.873185731071493,0.11643123435221985,0.1374237551039761,9.2148511043888e-15,0.09931574785936638,0.09970697482348802,0.11485496979833994,0.1308547241759288,0.1374237551039761
S4,4,503.5156725720217,3048.0347382529426,365.76416859035317,14.881579669594412,0.11705579860926636,0.13759037029205165,1.1324274851176597e-14,0.09940541493485908,0.09981706018958962,0.11750616881784406,0.13095997881198737,0.13759037029205165
S4,5,603.8873476620123,3651.922085914955,438.23065030979467,14.889937450536701,0.1176744670333145,0.13775389327074314,1.3766765505351941e-14,0.09947992476488157,0.09991810616053401,0.12015736783734819,0.13106304313306555,0.13775389327074314
S4,6,727.3998905288604,4379.321976443815,525.518637173258,14.898351219094748,0.11830067161844737,0.13792220433060115,1.6764367671839864e-14,0.09956993885772905,0.10003314903541762,0.12280856685685232,0.1311694990116367,0.13792220433060115
S4,7,640.5645321693072,5019.886508613123,602.3863810335748,14.906833864935933,0.11893661427681179,0.1380964058006461,2.0539125955565396e-14,0.0996813612118804,0.10016541123108584,0.12545976587635646,0.13128012726409025,0.1380964058006461
S4,8,595.8446636194784,5615.731172232601,673.8877406679122,14.9152679562047,0.11956574602939837,0.13826645486608144,2.4980018054066022e-14,0.09977796137145536,0.10028553478364914,0.1281109648958606,0.1313878142299453,0.13826645486608144
S4,9,637.0013662480438,6252.732538480645,750.3279046176775,14.923677018261731,0.12019161378054362,0.13843436342426904,3.042011087472929e-14,0.09986815552663843,0.10039940103327928,0.13076216391536474,0.13149398500316656,0.13843436342426904
S4,10,548.409943055577,6801.1424815362225,816.1370977843468,14.932108970144933,0.1208202659152919,0.1386042295286764,3.708144902248023e-14,0.09996320500183614,0.1005189897394513,0.13341336293486888,0.1316015423716268,0.1386042295286764
S4,11,599.7772645795318,7400.919746115755,888.1103695338907,14.940491434893302,0.12144291654596968,0.13876986347539907,4.518607710224387e-14,0.10004784867643372,0.10062620666191546,0.13606456195437303,0.13170610196172708,0.13876986347539907
S4,12,614.2969912316086,8015.216737347363,961.8260084816836,14.94890248039069,0.1220693153336253,0.1389379416581238,5.484501741648273e-14,0.10013991237882916,0.1007405687716343,0.13871576097387717,0.13181239288566213,0.1389379416581238
S4,13,604.0522800505752,8619.269017397939,1034.3122820877527,14.95732154915485,0.12269638368979514,0.1413669599933813,6.672440377997191e-14,0.10023214592960951,0.10085693669804628,0.1413669599933813,0.1319191698344113,0.13910670599352726
S4,14,617.0510121517144,9236.320029549654,1108.3584035459585,14.73256229176599,0.12332316954811288,0.14401815901288545,8.093525849517391e-14,0.10032525811238104,0.10097185856477929,0.14401815901288545,0.13202559639177672,0.1392749756587419
S4,15,596.4582409114984,9832.778270461153,1179.9333924553382,14.73984107064836,0.12386816097566307,0.14629170372934872,9.559020242022598e-14,0.10042547699400088,0.101086394748024,0.14629170372934872,0.132114720827582,0.13942250857935962
S4,16,607.538521775455,10440.316792236608,1252.838015068393,14.747107905809385,0.12441082117515594,0.14856524844581198,1.127986593019159e-13,0.10051877061093248,0.10119794500093265,0.14856524844581198,0.13220312174949816,0.13956902006860447
S4,17,549.5260626284788,10989.842854865086,1318.7811425838104,14.754381076506474,0.12495491671841448,0.15083879316227525,1.3311574065255627e-13,0.10061673145805722,0.10131107913785768,0.15083879316227525,0.1322919064586952,0.13971607337518704
S4,18,612.5832726003371,11602.426127465424,1392.2911352958508,14.76162072345848,0.1254937766953402,0.1531123378787385,1.5687451337953462e-13,0.1007017931379314,0.10141583233851151,0.1531123378787385,0.13237866040256502,0.13986025971895466
S4,19,640.5090619949133,12242.935189460337,1469.1522227352405,14.768896688798478,0.12603842008928218,0.15538588259520178,1.8485213360008856e-13,0.10080138628800459,0.10152966513616364,0.15538588259520178,0.13246761440263055,0.1400075520244104
S4,20,531.4171446869414,12774.35233414728,1532.9222800976734,14.776188697089374,0.12658470474126976,0.15765942731166505,2.177147351289932e-13,0.1009028311590101,0.10164750867154058,0.15765942731166505,0.13255754023529864,0.14015621632883443
S4,21,532.6795549196894,13307.031889066968,1596.8438266880362,14.78341774301549,0.1271224021825889,0.1599329720281283,2.5623947408348613e-13,0.1009862791984257,0.10174961161572176,0.1599329720281283,0.13264365200163852,0.14029949606903042
S4,22,622.109184300044,13929.141073367013,1671.4969288040415,14.79064746864969,0.12765989481563922,0.16220651674459158,3.015365734881925e-13,0.10106843396596932,0.10185188448692438,0.16220651674459158,0.13272980494260284,0.14044283393810794
S4,23,557.1746912377388,14486.315764604751,1738.3578917525701,14.797928691100461,0.12820524964558344,0.16448006146105484,3.54605234065275e-13,0.10116950196874955,0.10196703156226966,0.16448006146105484,0.13281907740226326,0.14059057583357998
S4,24,620.819351974481,15107.135116579233,1812.856213989508,14.8051724309116,0.12874481361050522,0.1667536061775181,4.168887457467463e-13,0.10125646241821262,0.10207280797770706,0.1667536061775181,0.132906079278946,0.14073511220014234
S4,25,542.7676579334636,15649.902774512697,1877.9883329415236,14.81245278949142,0.12928912542546253,0.16902715089398138,4.897193761621565e-13,0.10135265752299648,0.10218773908531463,0.16902715089398138,0.13299529940796226,0.14088278021705794
S4,26,618.9437542712448,16268.84652878394,1952.261583454073,14.819688122119121,0.12982737477916187,0.17130069561044464,5.750955267558311e-13,0.1014363749788825,0.10229141370489234,0.17130069561044464,0.13308179200334053,0.1410265975982493
S4,27,562.463897074662,16831.310425858603,2019.7572511030323,14.826967281338257,0.13037193519723972,0.1735742403269079,6.751266212745577e-13,0.10153428816277972,0.10240604497232894,0.1735742403269079,0.13317093947877692,0.14117416304540506
S4,28,563.9760343464741,17395.286460205076,2087.434375224609,12.049790139799928,0.13091198420664277,0.17584778504337117,7.920331057675867e-13,0.10162255239857572,0.10251252919119982,0.17584778504337117,0.13325811286167624,0.14131894153839084
S4,29,615.7843688942816,18011.070829099357,2161.3284994919227,12.057805635004092,0.13150126946768426,0.17837237497516398,9.452438831658583e-13,0.10170940617533436,0.10262296054339613,0.17837237497516398,0.13335705004169016,0.14144455560283664
S4,30,534.7851387842746,18545.855967883632,2225.5027161460357,12.0658509821245,0.13209457291822105,0.18089696490695678,1.127320459204384e-12,0.10180452663659127,0.10274085487465337,0.18089696490695678,0.13345779555893805,0.14157272261396572
S4,31,509.15138405168375,19055.007351935317,2286.600882232238,12.07384948655119,0.13268219113737398,0.18342155483874958,1.3438139490062895e-12,0.10188977520473542,0.10284703853248142,0.18342155483874958,0.13355570348993195,0.14169688362097152
S4,32,527.6060652527334,19582.61341718805,2349.913610062566,12.081833131151937,0.1332671891774872,0.1859461447705424,1.6008305792070132e-12,0.101967808814394,0.10294950723382351,0.1859461447705424,0.13365271125839273,0.14181977381028346
S4,33,562.8940484723865,20145.507465660437,2417.4608958792523,12.089827368518115,0.13385361304696547,0.1884707347023352,1.9059198663740062e-12,0.10204877580524895,0.10305462412652341,0.1884707347023352,0.1337503607039902,0.14194356989672957
S4,34,478.17395566284523,20623.681421323283,2474.841770558794,12.097841906368005,0.134442769444223,0.190995324634128,2.2678525724018073e-12,0.10213536446851645,0.10316481614015134,0.190995324634128,0.13384923989042793,0.14206910208789134
S4,35,566.0143606096644,21189.695781932947,2702.763493831954,11.54266455029761,0.09748247455137538,0.14219044869587527,0.0,0.10220839981482717,0.10326277252041549,0.005805597436977623,0.13394515428878137,0.14219044869587527
S4,36,508.1180140702806,21697.81379600323,2763.7376555203873,11.84172276091985,0.0980719402540844,0.1423161774034849,0.0,0.10229562481706872,0.10337353900672831,0.008330187368770428,0.13404417267436966,0.1423161774034849
S4,37,574.6994382719411,22272.51323427517,2832.70158811302,11.849033258205413,0.09860998075802993,0.14243697196351168,0.0,0.10237483890985428,0.10347399428486394,0.010633079426443592,0.13413101920547613,0.14243697196351168
S4,38,452.1039419050872,22724.617176180258,2886.9540611416305,11.856382776307196,0.09915327362274713,0.1425611035978669,0.0,0.10246485876713189,0.10358420476705486,0.012935971484116758,0.13422022949756524,0.1425611035978669
S4,39,493.31837375141635,23217.935549931673,2946.1522659918005,11.86366032179713,0.09968687868080853,0.14267908010840347,0.0,0.10253494774728247,0.1036764220962839,0.015238863541789924,0.13430507991028282,0.14267908010840347
S4,40,455.38346990025076,23673.319019831924,3000.7982823798307,11.870962004571098,0.10022373271559712,0.14279912084820787,0.0,0.10261172089839553,0.10377467374652072,0.01754175559946309,0.13439139248539841,0.14279912084820787
S4,41,488.6952243622221,24162.014244194146,3059.441709303297,11.878241397196648,0.10075758640563444,0.1429172553264508,0.0,0.10268232139302386,0.10386735285965326,0.019844647657136255,0.13447635479190798,0.1429172553264508
S4,42,530.7029830274803,24692.717227221627,3123.126067266595,11.8855402853643,0.10129406427503237,0.14303705707051156,0.0,0.10275832065315757,0.10396490585831152,0.02214753971480942,0.13456249807837184,0.14303705707051156
S4,43,512.0161996100728,25204.7334268317,3184.568011219804,11.892863759992645,0.10183385158216549,0.1431589614575909,0.0,0.1028411284716371,0.10406860547214307,0.024450431772482586,0.13465013073697385,0.1431589614575909
S4,44,507.63967633362626,25712.373103165326,3245.484772379839,11.900176231855717,0.10237215787228496,0.14327992488420102,0.0,0.10292088937050199,0.10416955439465586,0.026753323830155752,0.13473709688191018,0.14327992488420102
S4,45,510.11550916375813,26222.488612329085,3306.6986334794897,11.907486092608226,0.10291011269628925,0.14340066500769064,0.0,0.10299992719259578,0.10426985053952807,0.029056215887828918,0.13482390485380283,0.14340066500769064
S4,46,523.4990062709284,26745.987618600015,3369.518514232001,11.914797358755475,0.1034482566921491,0.1435215253210473,0.0,0.10307935420092572,0.10437049803308569,0.031359107945502084,0.13491079796018463,0.1435215253210473
S4,47,473.15539533486907,27219.143013934885,3426.297161672185,11.922116420725178,0.10398745003745884,0.1436430523359622,0.0,0.1031609400523966,0.10447309448225667,0.03366200000317525,0.1349981633135035,0.1436430523359622
S4,48,541.4124295838633,27760.555443518748,3491.266653222249,11.929405941305623,0.10452266699147002,0.14376205296057393,0.0,0.1032343452114572,0.10456830558411281,0.035964892060848415,0.13508373914035765,0.14376205296057393
S4,49,538.4475233357615,28299.00296685451,3555.88035602254,11.936735402583455,0.1050632601260042,0.14388446932808457,0.0,0.10331881087133338,0.10467350186031635,0.03826778411852158,0.1351717344517652,0.14388446932808457
S4,50,527.417485711958,28826.420452566468,3619.170454307975,16.585905170707164,0.10560361266237754,0.14400673283215323,0.0,0.10340278154482595,0.10477825127381246,0.040570676176194746,0.1352596214849013,0.14400673283215323
S4,51,533.2925275144115,29359.71298008088,3683.165557609704,16.5936524265847,0.10617707829566678,0.14415086594024423,0.0,0.10348472973140146,0.10488311521958904,0.043013276207670544,0.1353534043794286,0.14415086594024423
S4,52,521.6701533754958,29881.383133456377,3745.7659760147635,16.60140305927377,0.10675099846154068,0.14429528783448028,0.0,0.10356761303501813,0.10498882336825,0.04545587623914634,0.13544739183080867,0.14429528783448028
S4,53,589.0378239169272,30470.420957373302,3816.4505148847948,12.412373974603506,0.10732399782114803,0.14443912469674933,0.0,0.10364860194940832,0.10509282130441483,0.04789847627062214,0.13554096488454545,0.14443912469674933
S4,54,502.1384556209934,30972.559412994295,3876.707129559314,12.419767669833622,0.10787108734181905,0.14456502878815766,1.1102230246251565e-16,0.1037408366770078,0.1052051957722471,0.05021320872355112,0.13563116674813155,0.14456502878815766
S4,55,492.28876794367204,31464.848180937966,3935.7817817125547,12.427110389196592,0.10841131530317823,0.1446865734049549,1.1102230246251565e-16,0.10381895501062845,0.10530482627329293,0.05252794117648009,0.1357182806505348,0.1446865734049549
S4,56,473.30326282466694,31938.151443762632,3992.5781732515147,12.43444729185219,0.10895076031203725,0.1448076205748321,1.1102230246251565e-16,0.1038954625637462,0.10540300259749588,0.05484267362940906,0.13580504219470302,0.1448076205748321
S4,57,461.06057796675,32399.21202172938,4207.905442607525,12.275444977130546,0.09840016559524115,0.14492771285191558,0.0,0.10396887808305572,0.10549838750228861,0.001714722182470141,0.13589112735647568,0.14492771285191558
S4,58,487.19392671913727,32886.40594844852,4266.368713813822,9.895624693228458,0.09893714366104803,0.14504719265567176,0.0,0.10404031035540055,0.1055919819757938,0.004029454635399116,0.13597677868297484,0.14504719265567176
S4,59,500.5678120381657,33386.97376048668,4326.436851258402,9.903790156838332,0.09953737809446042,0.14518963319533845,0.0,0.10411039933555113,0.1056882352964771,0.006622938077779418,0.13607568456715596,0.14518963319533845
S4,60,535.458513017073,33922.43227350376,4390.691872820451,9.91196285386441,0.10013858617515115,0.1453326923393773,0.0,0.10418249141557341,0.10578629697121124,0.009216421520159722,0.136175028629434,0.1453326923393773
S4,61,552.3945239859318,34474.82679748969,4456.979215698762,9.9201544898794,0.10074234352087656,0.14547737115260365,0.0,0.10425982813867912,0.10588909339317347,0.011809904962540025,0.13627551995738657,0.14547737115260365
S4,62,539.370275096611,35014.1970725863,4521.703648710356,9.928355286992522,0.10134733398771834,0.14562283342625856,0.0,0.10433970178126778,0.10599418008966892,0.014403388404920328,0.136376566236476,0.14562283342625856
S4,63,503.1114248792654,35517.308497465565,4582.077019695867,9.93654894253946,0.10195136317066826,0.14576768495058814,0.0,0.10441759775937441,0.1060974813946181,0.01699687184730063,0.13647717990146002,0.14576768495058814
S4,64,575.2031574012258,36092.511654866794,4651.1013985840145,9.94472282243858,0.10255273047088773,0.14591084525435782,0.0,0.10449001740423944,0.10619583878761304,0.019590355289680932,0.13657659561854743,0.14591084525435782
S4,65,567.6621052942161,36660.17376016101,4719.22085121932,9.952935854631153,0.10315936782924973,0.1460573538764364,0.0,0.10457327922267609,0.10630398425397126,0.022183838732061235,0.13667838306110364,0.1460573538764364
S4,66,527.9375909870043,37188.111351148014,4782.57336213776,9.96114472567958,0.10376544508066358,0.14620350663596113,0.0,0.1046553887242718,0.10641108943429252,0.02477732217444154,0.1367799184343509,0.14620350663596113
S4,67,505.9596132977652,37694.07096444578,4843.288515733492,9.969331943164947,0.1043686076743078,0.1463478075749347,0.0,0.10473150185455894,0.10651278122384909,0.02737080561682184,0.1368801421013744,0.1463478075749347
S4,68,558.0211400578304,38252.092104503616,4910.251052540432,9.977507161592454,0.10497015514589902,0.14649108235013647,0.0,0.1048042921688231,0.10661147324894049,0.029964289059202145,0.13697963890239287,0.14649108235013647
S4,69,541.9407459294623,38794.032850433076,4975.283942051968,9.985710616697943,0.1055755033893377,0.14663677193626073,0.0,0.1048849018708363,0.10671722444352753,0.03255777250158245,0.13708084619448144,0.14663677193626073
S4,70,488.29462931625153,39282.32747974933,5033.879297569918,9.99390527606253,0.10617966769023121,0.14678170930743908,0.0,0.10496307582921514,0.10682077670288913,0.03515125594396275,0.13718152066765,0.14678170930743908
S4,71,530.2154170758337,39812.542896825165,5097.505147619018,10.002070739672405,0.1067799021236436,0.14692414984710578,0.0,0.10503316480936573,0.10691703002357243,0.03774473938634305,0.13728042655183112,0.14692414984710578
S4,72,533.3021705528257,40345.84506737799,5161.501408085357,11.892381882124194,0.10738319408970184,0.1470685329825202,0.0,0.10510954409955664,0.10701896209637547,0.04033822282872335,0.13738070844133357,0.1470685329825202
S4,73,483.4403829859719,40829.28545036396,5219.514254043674,11.901196445050902,0.10802862130753994,0.1472020069824812,0.0,0.10518804632583746,0.10712562306393254,0.043134195847549545,0.13749323431789892,0.1472020069824812
S4,74,530.0196220901081,41359.305072454066,5283.116608694487,11.909983304148586,0.10867031947717058,0.14733311174095567,0.0,0.10525887672254285,0.10722535807423401,0.04593016886637574,0.13760408198174462,0.14733311174095567
S4,75,478.8444988417959,41838.149571295864,5340.577948555502,11.918795903891855,0.10931548244252305,0.1474664178487584,0.0,0.10533683529802546,0.10733152824593158,0.04872614188520194,0.13771648893469784,0.1474664178487584
S4,76,579.1417877206289,42417.29135901649,5410.074963081977,11.92758008565198,0.10995682023161506,0.14759729364035568,1.1102230246251565e-16,0.10540692427817604,0.10743059392184329,0.05152211490402814,0.1378271744136722,0.14759729364035568
S4,77,575.4516245411836,42992.74298355768,5479.129158026919,11.936419740901709,0.1106056249783179,0.14773291354486473,1.1102230246251565e-16,0.10549237514775535,0.10754352797015594,0.054318087922854336,0.1379412203059591,0.14773291354486473
S4,78,511.26074308215897,43504.003726639836,5540.480447196778,11.945257269525072,0.11125414347245137,0.14786835157951714,1.1102230246251565e-16,0.10557723710541791,0.10765593036187708,0.05711406094168053,0.13805513737376418,0.14786835157951714
S4,79,537.8416671504689,44041.8453937903,5605.021447254834,11.954059188407884,0.11189786875048961,0.14800074425626722,1.1102230246251565e-16,0.10565223790415863,0.10775943031846044,0.05991003396050673,0.13816689731305512,0.14800074425626722
S4,80,479.45825083179864,44521.3036446221,5662.55643735465,11.962875742866016,0.11254356403656787,0.14813438857271663,1.1102230246251565e-16,0.10573129163144951,0.10786658916887382,0.06270600697933293,0.13827954383046642,0.14813438857271663
S4,81,479.57901210545185,45000.882656727554,5720.105918807305,11.971659924626142,0.11318490182565988,0.1482652643643139,2.220446049250313e-16,0.10580138061160009,0.10796565484478553,0.06550197999815913,0.13839022930944078,0.1482652643643139
S4,82,510.4398649876424,45511.3225217152,5781.358702605822,11.980444106386267,0.11382623961475191,0.14839614015591115,2.220446049250313e-16,0.10587146959175067,0.10806472052069724,0.06829795301698532,0.13850091478841514,0.14839614015591115
S4,83,479.8250198732945,45991.14754158849,5838.937704990618,11.98924528341283,0.1144698650359178,0.1485284693888462,3.3306690738754696e-16,0.10594626495337603,0.10816803501321813,0.07109392603581152,0.1386126297883371,0.1485284693888462
S4,84,554.49359519324,46545.641136781735,5905.4769364138065,11.998029465172955,0.11511120282500982,0.14865934518044346,3.3306690738754696e-16,0.10601635393352661,0.10826710068912984,0.07388989905463772,0.13872331526731146,0.14865934518044346
S4,85,610.0656513490887,47155.706788130825,5978.684814575697,12.006854840693178,0.11575808546196828,0.14879374387731598,4.440892098500626e-16,0.10609785041647327,0.1083764648050658,0.07668587207346392,0.13883649613752244,0.14879374387731598
S4,86,462.5171287719501,47618.223916902774,6034.18687002833,14.519284305458623,0.11640908944428208,0.1489307610606904,5.551115123125783e-16,0.1061878258080928,0.10849348349133142,0.07948184509229012,0.13895153176900563,0.1489307610606904
S4,87,471.2804937101152,48089.50441061289,6090.740529273544,14.526653727638966,0.11695490322265208,0.1490779962139782,6.661338147750939e-16,0.10625791478824338,0.10858611844188049,0.0818148058850058,0.1390376807841525,0.1490779962139782
S4,88,516.2131902128382,48605.71760082573,6152.686112099084,14.534028132142703,0.11750138764204107,0.14922565745736632,8.881784197001252e-16,0.10632938348871881,0.10867999897327837,0.08414776667772148,0.1391241316131204,0.14922565745736632
S4,89,573.7440657981302,49179.46166662386,6221.53539999486,14.541428250613663,0.11805133326613555,0.1493755177685394,9.992007221626409e-16,0.10640797298011696,0.1087803079964815,0.08648072747043715,0.13921214011510266,0.1493755177685394
S4,90,462.82488348841235,49642.28655011227,6277.07438601347,14.548861292815918,0.11860571055854088,0.14952819372913095,1.2212453270876722e-15,0.10649567981248918,0.10888884795250844,0.08881368826315283,0.13930214303542302,0.14952819372913095
S4,91,518.6484339299367,50160.93498404221,6339.312198085062,14.55623071499626,0.11915152433691087,0.14967542888241875,1.4432899320127035e-15,0.10656576879263976,0.10898148290305751,0.09114664905586851,0.13938829205056988,0.14967542888241875
S4,92,584.487826576802,50745.42281061901,6409.450737274278,14.56363207890127,0.11970163760150007,0.14982539570356243,1.7763568394002505e-15,0.10664470317346655,0.1090821032847726,0.0934796098485842,0.13947637599711465,0.14982539570356243
S4,93,463.06141346795573,51208.48422408697,6465.018106890433,14.571071108690775,0.12025682084753335,0.1499785837247832,2.1094237467877974e-15,0.10673406810692387,0.10919214013761247,0.09581257064129987,0.13956674162704735,0.1499785837247832
S4,94,463.1360153014864,51671.62023938845,6520.594428726611,14.578440530871118,0.12080263462590335,0.150125818878071,2.55351295663786e-15,0.10680415708707446,0.10928477508816153,0.09814553143401555,0.13965289064219422,0.150125818878071
S4,95,493.8988835994808,52165.519122987935,6579.862294758549,14.585809953051463,0.12134844840427335,0.1502730540313588,3.1086244689504383e-15,0.10687424606722504,0.1093774100387106,0.10047849222673123,0.13973903965734108,0.1502730540313588
S4,96,490.7665015102439,52656.28562449818,6638.754274939778,14.593196946149112,0.12189662729966866,0.15042179185585522,3.6637359812630166e-15,0.10694920083986068,0.10947443771858645,0.10281145301944691,0.13982625306459404,0.15042179185585522
S4,97,546.965259823443,53203.25088432163,6704.390106118592,14.600582098825397,0.12244455846685312,0.15057037228685016,4.440892098500626e-15,0.10702364595734867,0.10957100529312068,0.1051444138121626,0.13991335498478347,0.15057037228685016
S4,98,524.2815979961377,53727.532482317765,6767.303897878128,14.607999371323519,0.12299681309286185,0.1507216996166359,5.218048215738236e-15,0.10710698579473064,0.10967560282311475,0.10747737460487827,0.1400024026249497,0.1507216996166359
S4,99,463.52764572797383,54191.06012804574,6822.927215365485,14.615403607272574,0.12354731294627601,0.1508719120560262,6.328271240363392e-15,0.1071867155108322,0.10977694121584178,0.10981033539759395,0.14009066055108585,0.1508719120560262
S4,100,550.7494777754415,54741.80960582118,6889.017152698538,12.061986361479166,0.12409312672464598,0.151019147209314,7.549516567451064e-15,0.10725680449098278,0.10986957616639084,0.11214329619030963,0.1401768095662327,0.151019147209314
S4,101,505.4540724277395,55247.26367824892,6949.671641389867,12.06937065632298,0.1246434038575533,0.1511733148310278,8.992806499463768e-15,0.10733863641381577,0.10997268723733328,0.11446724637699118,0.14026513442859848,0.1511733148310278
S4,102,585.3300638677024,55832.59374211662,7019.911249053991,12.076729602256961,0.12519026892396617,0.15132531460479656,1.0658141036401503e-14,0.10741344863854102,0.11006946108081733,0.11679119656367273,0.14035192373200317,0.15132531460479656
S4,103,505.72653748793874,56338.32027960456,7080.598433552544,12.084133101109414,0.12574313099464263,0.15148112456028082,1.27675647831893e-14,0.10750059859453552,0.11017737315391947,0.11911514675035428,0.14044141191412302,0.15148112456028082
S4,104,506.6042065205677,56844.92448612513,7141.390938335012,12.09149210142526,0.1262900033810759,0.1516331289848063,1.5210055437364645e-14,0.107575425878854,0.11027416059286965,0.12143909693703583,0.14052820451181372,0.1516331289848063
S4,105,557.9835906892791,57402.908076814405,7208.348969217725,12.098851544465763,0.12683693536005108,0.15178517127130478,1.8096635301390052e-14,0.10765037576384698,0.11037105871298429,0.12376304712371738,0.14061502392840197,0.15178517127130478
S4,106,568.7758117382631,57971.68388855267,7276.602066626317,12.106239613787583,0.12738772055306913,0.15193966168774395,2.1538326677728037e-14,0.10773325292674306,0.11047511340342812,0.12608699731039893,0.14070357743703155,0.15193966168774395
S4,107,556.7908943015784,58528.474782854246,7343.416973942506,12.113633650041384,0.12793930891943178,0.15209466239836625,2.55351295663786e-14,0.10781778247080362,0.11058065982686767,0.12841094749708049,0.14079249240404085,0.15209466239836625
S4,108,475.48858801788657,59003.96337087213,7400.475604504652,12.121020943549023,0.12848998968470143,0.1522490864668957,3.042011087472929e-14,0.1079004447928492,0.11068452056376592,0.13073489768376204,0.14088099891623437,0.1522490864668957
S4,109,563.5397154464998,59567.50308631863,7468.100370358233,12.12836283332204,0.12903455892238908,0.15239962759160464,3.608224830031759e-14,0.10797053377299978,0.11077703036700895,0.1330588478704436,0.14096675500988837,0.15239962759160464
S4,110,498.1575391525614,60065.660625471195,7527.87927505654,12.135753784842267,0.12958573207105023,0.15255436449469495,4.296563105299356e-14,0.10805420908314721,0.11088180560705468,0.13538279805712514,0.14105548311322916,0.15255436449469495
S4,111,553.7452469562458,60619.405872427444,7594.328704691289,12.143108223850266,0.13013199048687202,0.15270597883452233,5.0959236830294685e-14,0.10812777323606229,0.11097745271904345,0.1377067482438067,0.14114199940092537,0.15270597883452233
S4,112,484.7287040084197,61104.13457643586,7652.4961491723,12.150493606102728,0.13068241398941166,0.1528602394518173,6.050715484207103e-14,0.10820990628744381,0.11108083564214775,0.14003069843048824,0.14123039013516112,0.1528602394518173
S4,113,565.9775705280383,61670.112146963904,7720.413457635665,12.157840463951135,0.13122765195027877,0.153011205448132,7.172040739078511e-14,0.10828137104231787,0.11117458746423838,0.1423546486171698,0.14131644717953587,0.153011205448132
S4,114,504.5812292869061,62174.69337625081,7780.963205150093,13.49130090241983,0.13177897877451863,0.15316603998861827,8.504308368628699e-14,0.10836536251165226,0.11127964812577235,0.14467859880385134,0.1414052444426988,0.15316603998861827
S4,115,486.3863449281153,62661.079721178925,7839.329566541467,13.499095171413005,0.13235264499417557,0.15329997582085217,1.0169642905566434e-13,0.10844136610124458,0.11137945669293037,0.1471436103786988,0.14149881597715183,0.15329997582085217
S4,116,571.5585251935905,63232.63824637252,7907.916589564698,13.506879050648262,0.1329249127101055,0.15343302311722792,1.2168044349891716e-13,0.10851449252710578,0.1114766678206089,0.14960862195354627,0.14159175813203867,0.15343302311722792
S4,117,553.6119031905151,63786.250149563035,7974.35001794756,13.514711228609523,0.1335036816312472,0.15357020093813523,1.4555023852835802e-13,0.10860099398478339,0.11158595362978836,0.15207363352839373,0.14168762607513535,0.15357020093813523
S4,118,519.6593871905004,64305.909536753534,8036.709144410421,13.522533150390148,0.13408107002870823,0.1545386451032412,1.7386092565629951e-13,0.10868465526936213,0.11169267539380913,0.1545386451032412,0.14178287273036666,0.153706501646762
S4,119,607.8784701414186,64913.78800689495,8109.654560827391,13.530335738148832,0.13465620761522118,0.15700365667808866,2.077227279073668e-13,0.10876472065280078,0.1117945636523447,0.15700365667808866,0.1418769481900381,0.15384114890283365
S4,120,530.6540481545233,65444.442055049476,8173.333046605933,13.538188316485847,0.13523772251001792,0.15946866825293612,2.4791280139879746e-13,0.10885687144530275,0.11190894955546282,0.15946866825293612,0.1419740519251276,0.15398007137126024
S4,121,552.3587030068426,65996.80075805631,8239.616090966754,13.54599701385069,0.13581333084725927,0.1619336798277836,2.957634137601417e-13,0.10893687058397206,0.11201236521553756,0.1619336798277836,0.14206849748594122,0.15411524112306202
S4,122,564.2345870009481,66561.03534505726,8307.324241406868,13.553817957057461,0.13639058752469446,0.16439869140263105,3.526068326209497e-13,0.1090202608788683,0.11211884233609497,0.16439869140263105,0.14216368486217948,0.1542514581436986
S4,123,529.044321004289,67090.07966606155,8370.809559927382,13.561645566763088,0.13696874154002434,0.16686370297747852,4.2010839251815923e-13,0.10910549728114008,0.11222698608136639,0.16686370297747852,0.14225927607440614,0.15438824528573056
S4,124,576.7402150022874,67666.81988106383,8440.018385727657,13.569453158863546,0.13754460094091545,0.16932871455232598,5.002664948960955e-13,0.10918718953027988,0.11233012542534518,0.16932871455232598,0.1423536546817042,0.15452332051492215
S4,125,536.7471182986422,68203.56699936248,8504.428039923494,13.577287718969206,0.1381238588735548,0.17179372612717345,5.95523630408934e-13,0.1092751924845161,0.1124400067706246,0.17179372612717345,0.14244966692777894,0.15466070205768084
S4,126,543.9444701568448,68747.51146951932,8569.701376342315,13.585099546003846,0.13869988847709616,0.1742587377020209,7.083222897108499e-13,0.10935605830097549,0.11254420484814873,0.1742587377020209,0.14254430207435914,0.15479613945997664
S4,127,620.4064365492317,69367.91790606856,8644.150148728222,13.592915385410482,0.13927702214870463,0.17672374927686837,8.422151864806438e-13,0.1094408551681151,0.11264940601867234,0.17672374927686837,0.1426391802780892,0.15493192000177813
